2026-02-24 21:24:31,697 - crypto_bot - INFO - 🚀 Trading Engine запущен (структурные уровни)
2026-02-24 21:24:35,615 - crypto_bot - INFO - 📊 Обновлён список топ-20 монет: ['BTC/USDT:USDT', 'ETH/USDT:USDT', 'SOL/USDT:USDT', 'XRP/USDT:USDT', 'ESP/USDT:USDT', 'PIPPIN/USDT:USDT', 'XAUT/USDT:USDT', 'DOGE/USDT:USDT', 'POWER/USDT:USDT', 'HYPE/USDT:USDT', 'ENSO/USDT:USDT', 'SKR/USDT:USDT', '1000PEPE/USDT:USDT', 'BCH/USDT:USDT', 'RIVER/USDT:USDT', 'FARTCOIN/USDT:USDT', 'SUI/USDT:USDT', 'BNB/USDT:USDT', 'LINK/USDT:USDT', 'ADA/USDT:USDT']
2026-02-24 21:24:35,862 - crypto_bot - INFO - ✅ Бот @Crypro000_bot успешно запущен!
2026-02-24 21:26:58,875 - crypto_bot - INFO - ENV PATH: C:\Users\user\Desktop\crypto_bot\.env
2026-02-24 21:26:58,875 - crypto_bot - INFO - TOKEN FROM ENV: 8754768915:AAENY_esFdhvfJpl7xUX2Ig35e6TKXAdut0
2026-02-24 21:26:59,712 - crypto_bot - INFO - 🚀 Trading Engine запущен (структурные уровни)
2026-02-24 21:27:03,470 - crypto_bot - INFO - 📊 Обновлён список топ-20 монет: ['BTC/USDT:USDT', 'ETH/USDT:USDT', 'SOL/USDT:USDT', 'XRP/USDT:USDT', 'ESP/USDT:USDT', 'PIPPIN/USDT:USDT', 'XAUT/USDT:USDT', 'DOGE/USDT:USDT', 'POWER/USDT:USDT', 'HYPE/USDT:USDT', 'ENSO/USDT:USDT', 'SKR/USDT:USDT', '1000PEPE/USDT:USDT', 'BCH/USDT:USDT', 'RIVER/USDT:USDT', 'FARTCOIN/USDT:USDT', 'SUI/USDT:USDT', 'BNB/USDT:USDT', 'LINK/USDT:USDT', 'ADA/USDT:USDT']
2026-02-24 21:27:03,997 - crypto_bot - INFO - ✅ Бот @Crypro000_bot успешно запущен!
2026-02-24 21:30:06,477 - crypto_bot - ERROR - ❌ Ошибка при анализе ADA/USDT:USDT: bybit {"retCode":10006,"retMsg":"Too many visits. Exceeded the API Rate Limit.","result":{},"retExtInfo":{},"time":1771957806812}
2026-02-24 21:42:41,173 - crypto_bot - INFO - ENV PATH: C:\Users\user\Desktop\crypto_bot\.env
2026-02-24 21:42:41,173 - crypto_bot - INFO - TOKEN FROM ENV: 8754768915:AAENY_esFdhvfJpl7xUX2Ig35e6TKXAdut0
2026-02-24 21:42:42,034 - crypto_bot - INFO - 🚀 Trading Engine запущен (структурные уровни)
2026-02-24 21:42:45,352 - crypto_bot - INFO - 📊 Обновлён список топ-20 монет: ['BTC/USDT:USDT', 'ETH/USDT:USDT', 'SOL/USDT:USDT', 'XRP/USDT:USDT', 'ESP/USDT:USDT', 'PIPPIN/USDT:USDT', 'XAUT/USDT:USDT', 'DOGE/USDT:USDT', 'POWER/USDT:USDT', 'ENSO/USDT:USDT', 'HYPE/USDT:USDT', 'SKR/USDT:USDT', 'BCH/USDT:USDT', '1000PEPE/USDT:USDT', 'RIVER/USDT:USDT', 'FARTCOIN/USDT:USDT', 'SUI/USDT:USDT', 'BNB/USDT:USDT', 'LINK/USDT:USDT', 'ADA/USDT:USDT']
2026-02-24 21:42:45,589 - crypto_bot - INFO - ✅ Бот @Crypro000_bot успешно запущен!
2026-02-24 21:45:10,706 - crypto_bot - WARNING - ⚠️ Rate limit для FARTCOIN/USDT:USDT, жду 120 секунд...
2026-02-24 21:52:16,026 - crypto_bot - INFO - ENV PATH: C:\Users\user\Desktop\crypto_bot\.env
2026-02-24 21:52:16,026 - crypto_bot - INFO - TOKEN FROM ENV: 8754768915:AAENY_esFdhvfJpl7xUX2Ig35e6TKXAdut0
2026-02-24 21:52:16,881 - crypto_bot - INFO - 🚀 Trading Engine запущен (структурные уровни)
2026-02-24 21:52:23,594 - crypto_bot - INFO - 📊 Обновлён список топ-15 монет: ['BTC/USDT:USDT', 'ETH/USDT:USDT', 'SOL/USDT:USDT', 'XRP/USDT:USDT', 'ESP/USDT:USDT', 'PIPPIN/USDT:USDT', 'XAUT/USDT:USDT', 'DOGE/USDT:USDT', 'POWER/USDT:USDT', 'ENSO/USDT:USDT', 'HYPE/USDT:USDT', 'SKR/USDT:USDT', 'BCH/USDT:USDT', '1000PEPE/USDT:USDT', 'RIVER/USDT:USDT']
2026-02-24 21:52:24,174 - crypto_bot - INFO - ✅ Бот @Crypro000_bot успешно запущен!
2026-02-24 22:00:09,581 - crypto_bot - WARNING - ⚠️ Rate limit для POWER/USDT:USDT, жду 120 секунд...
2026-02-24 22:15:06,888 - crypto_bot - WARNING - ⚠️ Rate limit для 1000PEPE/USDT:USDT, жду 120 секунд...
2026-02-24 22:25:40,062 - crypto_bot - INFO - ENV PATH: C:\Users\user\Desktop\crypto_bot\.env
2026-02-24 22:25:40,062 - crypto_bot - INFO - TOKEN FROM ENV: 8754768915:AAENY_esFdhvfJpl7xUX2Ig35e6TKXAdut0
2026-02-24 22:25:40,896 - crypto_bot - INFO - 🚀 Trading Engine запущен (структурные уровни)
2026-02-24 22:25:47,851 - crypto_bot - INFO - 📊 Обновлён список топ-10 монет: ['BTC/USDT:USDT', 'ETH/USDT:USDT', 'SOL/USDT:USDT', 'XRP/USDT:USDT', 'ESP/USDT:USDT', 'PIPPIN/USDT:USDT', 'XAUT/USDT:USDT', 'DOGE/USDT:USDT', 'ENSO/USDT:USDT', 'POWER/USDT:USDT']
2026-02-24 22:25:48,090 - crypto_bot - INFO - ✅ Бот @Crypro000_bot успешно запущен!
2026-02-24 22:27:15,607 - crypto_bot - INFO - ENV PATH: C:\Users\user\Desktop\crypto_bot\.env
2026-02-24 22:27:15,607 - crypto_bot - INFO - TOKEN FROM ENV: 8754768915:AAENY_esFdhvfJpl7xUX2Ig35e6TKXAdut0
2026-02-24 22:27:16,474 - crypto_bot - INFO - 🚀 Trading Engine запущен (структурные уровни)
2026-02-24 22:27:21,802 - crypto_bot - INFO - 📊 Обновлён список топ-10 монет: ['BTC/USDT:USDT', 'ETH/USDT:USDT', 'SOL/USDT:USDT', 'XRP/USDT:USDT', 'ESP/USDT:USDT', 'PIPPIN/USDT:USDT', 'XAUT/USDT:USDT', 'DOGE/USDT:USDT', 'ENSO/USDT:USDT', 'POWER/USDT:USDT']
2026-02-24 22:27:21,987 - crypto_bot - INFO - ✅ Бот @Crypro000_bot успешно запущен!
2026-02-25 00:29:10,504 - crypto_bot - INFO - ENV PATH: C:\Users\user\Desktop\crypto_bot\.env
2026-02-25 00:29:10,504 - crypto_bot - INFO - TOKEN FROM ENV: 8754768915:AAENY_esFdhvfJpl7xUX2Ig35e6TKXAdut0
2026-02-25 00:29:11,372 - crypto_bot - INFO - 🚀 Trading Engine запущен (структурные уровни)
2026-02-25 00:29:19,264 - crypto_bot - INFO - 📊 Обновлён список топ-10 монет: ['BTC/USDT:USDT', 'ETH/USDT:USDT', 'SOL/USDT:USDT', 'XRP/USDT:USDT', 'ESP/USDT:USDT', 'PIPPIN/USDT:USDT', 'XAUT/USDT:USDT', 'ENSO/USDT:USDT', 'DOGE/USDT:USDT', 'HYPE/USDT:USDT']
2026-02-25 00:29:19,824 - crypto_bot - INFO - ✅ Бот @Crypro000_bot успешно запущен!
2026-02-25 00:30:03,827 - crypto_bot - WARNING - ⚠️ Rate limit для XRP/USDT:USDT, жду 120 секунд...
2026-02-25 00:45:11,173 - crypto_bot - WARNING - ⚠️ Rate limit для HYPE/USDT:USDT, жду 120 секунд...
2026-02-25 00:48:03,302 - crypto_bot - INFO - ENV PATH: C:\Users\user\Desktop\crypto_bot\.env
2026-02-25 00:48:03,303 - crypto_bot - INFO - TOKEN FROM ENV: 8754768915:AAENY_esFdhvfJpl7xUX2Ig35e6TKXAdut0
2026-02-25 00:48:06,185 - crypto_bot - INFO - 🚀 Trading Engine запущен (структурные уровни)
2026-02-25 00:48:09,322 - crypto_bot - INFO - 📊 Обновлён список топ-5 монет: ['BTC/USDT:USDT', 'ETH/USDT:USDT', 'SOL/USDT:USDT', 'XRP/USDT:USDT', 'ESP/USDT:USDT']
2026-02-25 00:48:09,570 - crypto_bot - INFO - ✅ Бот @Crypro000_bot успешно запущен!
2026-02-25 01:00:14,231 - crypto_bot - WARNING - ⚠️ Rate limit для SOL/USDT:USDT, жду 120 секунд...
2026-02-25 01:09:48,566 - crypto_bot - INFO - ENV PATH: C:\Users\user\Desktop\crypto_bot\.env
2026-02-25 01:09:48,567 - crypto_bot - INFO - TOKEN FROM ENV: 8754768915:AAENY_esFdhvfJpl7xUX2Ig35e6TKXAdut0
2026-02-25 01:14:50,175 - crypto_bot - INFO - ENV PATH: C:\Users\user\Desktop\crypto_bot\.env
2026-02-25 01:14:50,175 - crypto_bot - INFO - TOKEN FROM ENV: 8754768915:AAENY_esFdhvfJpl7xUX2Ig35e6TKXAdut0
2026-02-25 01:14:51,013 - crypto_bot - INFO - 🚀 Trading Engine запущен (структурные уровни)
2026-02-25 01:14:55,553 - crypto_bot - INFO - 📊 Обновлён список топ-5 монет: ['BTC/USDT:USDT', 'ETH/USDT:USDT', 'SOL/USDT:USDT', 'XRP/USDT:USDT', 'ESP/USDT:USDT']
2026-02-25 01:15:12,333 - crypto_bot - ERROR - ❌ Ошибка получения tickers: name 'MIN_VOLUME_24H' is not defined
2026-02-25 01:15:12,649 - crypto_bot - INFO - ✅ Бот @Crypro000_bot успешно запущен!
2026-02-25 01:18:14,100 - crypto_bot - INFO - ENV PATH: C:\Users\user\Desktop\crypto_bot\.env
2026-02-25 01:18:14,100 - crypto_bot - INFO - TOKEN FROM ENV: 8754768915:AAENY_esFdhvfJpl7xUX2Ig35e6TKXAdut0
2026-02-25 01:18:14,972 - crypto_bot - INFO - 🚀 Trading Engine запущен (структурные уровни)
2026-02-25 01:18:20,910 - crypto_bot - INFO - 📊 Обновлён список топ-15 монет: ['BTC/USDT:USDT', 'ETH/USDT:USDT', 'SOL/USDT:USDT', 'XRP/USDT:USDT', 'ESP/USDT:USDT', 'PIPPIN/USDT:USDT', 'XAUT/USDT:USDT', 'ENSO/USDT:USDT', 'DOGE/USDT:USDT', 'POWER/USDT:USDT', 'HYPE/USDT:USDT', 'SKR/USDT:USDT', 'RIVER/USDT:USDT', '1000PEPE/USDT:USDT', 'FARTCOIN/USDT:USDT']
2026-02-25 01:18:38,170 - crypto_bot - INFO - ⚡ Активных монет после фильтра: 7
2026-02-25 01:18:38,734 - crypto_bot - INFO - ✅ Бот @Crypro000_bot успешно запущен!
2026-02-25 01:28:49,221 - crypto_bot - INFO - ⚡ Активных монет после фильтра: 7
2026-02-25 01:30:54,419 - crypto_bot - INFO - ENV PATH: C:\Users\user\Desktop\crypto_bot\.env
2026-02-25 01:30:54,419 - crypto_bot - INFO - TOKEN FROM ENV: 8754768915:AAENY_esFdhvfJpl7xUX2Ig35e6TKXAdut0
2026-02-25 01:30:55,274 - crypto_bot - INFO - 🚀 Trading Engine запущен (структурные уровни)
2026-02-25 01:30:58,447 - crypto_bot - INFO - 📊 Обновлён список топ-15 монет: ['BTC/USDT:USDT', 'ETH/USDT:USDT', 'SOL/USDT:USDT', 'XRP/USDT:USDT', 'ESP/USDT:USDT', 'PIPPIN/USDT:USDT', 'XAUT/USDT:USDT', 'ENSO/USDT:USDT', 'DOGE/USDT:USDT', 'POWER/USDT:USDT', 'HYPE/USDT:USDT', 'SKR/USDT:USDT', 'RIVER/USDT:USDT', '1000PEPE/USDT:USDT', 'FARTCOIN/USDT:USDT']
2026-02-25 01:31:15,234 - crypto_bot - INFO - ⚡ Активных монет после фильтра: 7
2026-02-25 01:31:15,549 - crypto_bot - INFO - ✅ Бот @Crypro000_bot успешно запущен!
2026-02-25 15:19:15,513 - crypto_bot - INFO - ENV PATH: C:\Users\user\Desktop\crypto_bot\.env
2026-02-25 15:19:15,514 - crypto_bot - INFO - TOKEN FROM ENV: 8754768915:AAENY_esFdhvfJpl7xUX2Ig35e6TKXAdut0
2026-02-25 15:19:19,015 - crypto_bot - INFO - 🚀 Trading Engine запущен (структурные уровни)
2026-02-25 15:19:22,510 - crypto_bot - INFO - 📊 Обновлён список топ-15 монет: ['BTC/USDT:USDT', 'ETH/USDT:USDT', 'SOL/USDT:USDT', 'XRP/USDT:USDT', 'ESP/USDT:USDT', 'ENSO/USDT:USDT', 'DOGE/USDT:USDT', 'XAUT/USDT:USDT', 'PIPPIN/USDT:USDT', 'POWER/USDT:USDT', 'HYPE/USDT:USDT', '1000PEPE/USDT:USDT', 'BCH/USDT:USDT', 'SKR/USDT:USDT', 'RIVER/USDT:USDT']
2026-02-25 15:19:40,172 - crypto_bot - INFO - ⚡ Активных монет после фильтра: 14
2026-02-25 15:19:40,752 - crypto_bot - INFO - ✅ Бот @Crypro000_bot успешно запущен!
2026-02-25 15:30:01,840 - crypto_bot - INFO - ⚡ Активных монет после фильтра: 14
2026-02-25 15:40:24,214 - crypto_bot - INFO - ⚡ Активных монет после фильтра: 14
2026-02-25 15:50:46,232 - crypto_bot - INFO - ⚡ Активных монет после фильтра: 14
2026-02-25 16:01:08,339 - crypto_bot - INFO - ⚡ Активных монет после фильтра: 14
2026-02-25 16:11:30,326 - crypto_bot - INFO - ⚡ Активных монет после фильтра: 14
2026-02-25 16:19:23,505 - crypto_bot - INFO - 📊 Обновлён список топ-15 монет: ['BTC/USDT:USDT', 'ETH/USDT:USDT', 'SOL/USDT:USDT', 'XRP/USDT:USDT', 'ENSO/USDT:USDT', 'ESP/USDT:USDT', 'DOGE/USDT:USDT', 'XAUT/USDT:USDT', 'PIPPIN/USDT:USDT', 'POWER/USDT:USDT', 'HYPE/USDT:USDT', '1000PEPE/USDT:USDT', 'BCH/USDT:USDT', 'SUI/USDT:USDT', 'FARTCOIN/USDT:USDT']
2026-02-25 16:21:52,480 - crypto_bot - INFO - ⚡ Активных монет после фильтра: 13
2026-02-25 16:32:13,642 - crypto_bot - INFO - ⚡ Активных монет после фильтра: 13
2026-02-25 16:42:33,528 - crypto_bot - INFO - ⚡ Активных монет после фильтра: 13
2026-02-25 16:52:53,812 - crypto_bot - INFO - ⚡ Активных монет после фильтра: 13
2026-02-25 17:03:15,323 - crypto_bot - INFO - ⚡ Активных монет после фильтра: 13
2026-02-25 17:13:35,212 - crypto_bot - INFO - ⚡ Активных монет после фильтра: 14
2026-02-25 17:14:38,277 - crypto_bot - INFO - ENV PATH: C:\Users\user\Desktop\crypto_bot\.env
2026-02-25 17:14:38,277 - crypto_bot - INFO - TOKEN FROM ENV: 8754768915:AAENY_esFdhvfJpl7xUX2Ig35e6TKXAdut0
2026-02-25 17:14:41,120 - crypto_bot - INFO - 🚀 Trading Engine запущен (структурные уровни)
2026-02-25 17:14:48,222 - crypto_bot - INFO - 📊 Обновлён список топ-15 монет: ['BTC/USDT:USDT', 'ETH/USDT:USDT', 'SOL/USDT:USDT', 'XRP/USDT:USDT', 'ENSO/USDT:USDT', 'ESP/USDT:USDT', 'DOGE/USDT:USDT', 'POWER/USDT:USDT', 'HYPE/USDT:USDT', 'PIPPIN/USDT:USDT', 'XAUT/USDT:USDT', '1000PEPE/USDT:USDT', 'BCH/USDT:USDT', 'FARTCOIN/USDT:USDT', 'SUI/USDT:USDT']
2026-02-25 17:15:06,214 - crypto_bot - INFO - ⚡ Активных монет после фильтра: 14
2026-02-25 17:15:06,451 - crypto_bot - INFO - ✅ Бот @Crypro000_bot успешно запущен!
2026-02-25 17:15:07,543 - crypto_bot - INFO - BTC/USDT:USDT | ATR/price = 0.0094 < 0.02, пропускаем
2026-02-25 17:15:09,257 - crypto_bot - INFO - ETH/USDT:USDT | ATR/price = 0.0123 < 0.02, пропускаем
2026-02-25 17:15:10,111 - crypto_bot - INFO - SOL/USDT:USDT | ATR/price = 0.0129 < 0.02, пропускаем
2026-02-25 17:15:11,773 - crypto_bot - INFO - XRP/USDT:USDT | ATR/price = 0.0121 < 0.02, пропускаем
2026-02-25 17:15:13,050 - crypto_bot - INFO - ENSO/USDT:USDT | Confidence 3.0 < 60, пропускаем
2026-02-25 17:15:15,313 - crypto_bot - INFO - ESP/USDT:USDT | Confidence 7.8 < 60, пропускаем
2026-02-25 17:15:16,513 - crypto_bot - INFO - DOGE/USDT:USDT | ATR/price = 0.0131 < 0.02, пропускаем
2026-02-25 17:15:17,591 - crypto_bot - INFO - POWER/USDT:USDT | Confidence 3.5 < 60, пропускаем
2026-02-25 17:15:19,396 - crypto_bot - INFO - HYPE/USDT:USDT | ATR/price = 0.0139 < 0.02, пропускаем
2026-02-25 17:15:20,737 - crypto_bot - INFO - PIPPIN/USDT:USDT | Confidence 7.8 < 60, пропускаем
2026-02-25 17:15:22,061 - crypto_bot - INFO - 1000PEPE/USDT:USDT | ATR/price = 0.0164 < 0.02, пропускаем
2026-02-25 17:15:23,717 - crypto_bot - INFO - BCH/USDT:USDT | ATR/price = 0.0136 < 0.02, пропускаем
2026-02-25 17:15:25,388 - crypto_bot - INFO - FARTCOIN/USDT:USDT | Confidence 3.5 < 60, пропускаем
2026-02-25 17:15:26,980 - crypto_bot - INFO - SUI/USDT:USDT | ATR/price = 0.0142 < 0.02, пропускаем
2026-02-25 17:25:42,482 - crypto_bot - INFO - ENV PATH: C:\Users\user\Desktop\crypto_bot\.env
2026-02-25 17:25:42,483 - crypto_bot - INFO - TOKEN FROM ENV: 8754768915:AAENY_esFdhvfJpl7xUX2Ig35e6TKXAdut0
2026-02-25 17:25:43,309 - crypto_bot - INFO - 🚀 Trading Engine запущен (структурные уровни)
2026-02-25 17:25:50,658 - crypto_bot - INFO - 📊 Обновлён список топ-15 монет: ['BTC/USDT:USDT', 'ETH/USDT:USDT', 'SOL/USDT:USDT', 'XRP/USDT:USDT', 'ENSO/USDT:USDT', 'ESP/USDT:USDT', 'DOGE/USDT:USDT', 'POWER/USDT:USDT', 'HYPE/USDT:USDT', 'PIPPIN/USDT:USDT', 'XAUT/USDT:USDT', '1000PEPE/USDT:USDT', 'BCH/USDT:USDT', 'FARTCOIN/USDT:USDT', 'DOT/USDT:USDT']
2026-02-25 17:26:08,300 - crypto_bot - INFO - ⚡ Активных монет после фильтра: 14
2026-02-25 17:26:08,595 - crypto_bot - INFO - ✅ Бот @Crypro000_bot успешно запущен!
2026-02-25 17:26:09,727 - crypto_bot - INFO - BTC/USDT:USDT | ATR/price = 0.0095 < 0.01, пропускаем
2026-02-25 17:26:11,361 - crypto_bot - INFO - ETH/USDT:USDT | Confidence 3.5 < 25, пропускаем
2026-02-25 17:26:12,806 - crypto_bot - INFO - SOL/USDT:USDT | Confidence 3.5 < 25, пропускаем
2026-02-25 17:26:14,195 - crypto_bot - INFO - XRP/USDT:USDT | Confidence 3.5 < 25, пропускаем
2026-02-25 17:26:15,811 - crypto_bot - INFO - ENSO/USDT:USDT | Confidence 3.0 < 25, пропускаем
2026-02-25 17:26:17,193 - crypto_bot - INFO - ESP/USDT:USDT | Confidence 7.8 < 25, пропускаем
2026-02-25 17:26:18,688 - crypto_bot - INFO - DOGE/USDT:USDT | Confidence 3.5 < 25, пропускаем
2026-02-25 17:26:20,127 - crypto_bot - INFO - POWER/USDT:USDT | Confidence 5.5 < 25, пропускаем
2026-02-25 17:26:21,430 - crypto_bot - INFO - HYPE/USDT:USDT | Confidence 8.5 < 25, пропускаем
2026-02-25 17:26:23,343 - crypto_bot - INFO - PIPPIN/USDT:USDT | Confidence 7.8 < 25, пропускаем
2026-02-25 17:26:24,748 - crypto_bot - INFO - 1000PEPE/USDT:USDT | Confidence 4.5 < 25, пропускаем
2026-02-25 17:26:26,055 - crypto_bot - INFO - BCH/USDT:USDT | Confidence 2.0 < 25, пропускаем
2026-02-25 17:26:28,239 - crypto_bot - INFO - FARTCOIN/USDT:USDT | Confidence 3.5 < 25, пропускаем
2026-02-25 17:26:29,257 - crypto_bot - INFO - DOT/USDT:USDT | Confidence 4.0 < 25, пропускаем
2026-02-25 17:35:00,984 - crypto_bot - INFO - ENV PATH: C:\Users\user\Desktop\crypto_bot\.env
2026-02-25 17:35:00,985 - crypto_bot - INFO - TOKEN FROM ENV: 8754768915:AAENY_esFdhvfJpl7xUX2Ig35e6TKXAdut0
2026-02-25 17:35:01,817 - crypto_bot - INFO - 🚀 Trading Engine запущен (структурные уровни)
2026-02-25 17:35:05,178 - crypto_bot - INFO - 📊 Обновлён список топ-15 монет: ['BTC/USDT:USDT', 'ETH/USDT:USDT', 'SOL/USDT:USDT', 'XRP/USDT:USDT', 'ENSO/USDT:USDT', 'ESP/USDT:USDT', 'DOGE/USDT:USDT', 'POWER/USDT:USDT', 'HYPE/USDT:USDT', 'PIPPIN/USDT:USDT', '1000PEPE/USDT:USDT', 'XAUT/USDT:USDT', 'BCH/USDT:USDT', 'FARTCOIN/USDT:USDT', 'DOT/USDT:USDT']
2026-02-25 17:35:21,995 - crypto_bot - INFO - ⚡ Активных монет после фильтра: 14
2026-02-25 17:35:22,302 - crypto_bot - INFO - ✅ Бот @Crypro000_bot успешно запущен!
2026-02-25 17:35:23,990 - crypto_bot - INFO - BTC/USDT:USDT | ATR/price = 0.0097 < 0.01, пропускаем
2026-02-25 17:35:25,543 - crypto_bot - INFO - ETH/USDT:USDT | Confidence details: {'trend': 10, 'momentum': 5, 'volume': 0, 'volatility': 0, 'patterns': 0, 'chart': 0}
2026-02-25 17:35:25,543 - crypto_bot - INFO - ETH/USDT:USDT | Confidence reasons: {'trend': ['Цена выше EMA200 (+10)', 'ADX = 20.0'], 'momentum': ['RSI перекуплен (80.5) (+5)'], 'volume': ['Объём ниже среднего'], 'volatility': ['Волатильность нормальная'], 'patterns': [], 'chart': []}
2026-02-25 17:35:25,543 - crypto_bot - INFO - ETH/USDT:USDT | Confidence 3.5 < 25, пропускаем
2026-02-25 17:35:27,143 - crypto_bot - INFO - SOL/USDT:USDT | Confidence details: {'trend': 10, 'momentum': 5, 'volume': 0, 'volatility': 0, 'patterns': 0, 'chart': 0}
2026-02-25 17:35:27,143 - crypto_bot - INFO - SOL/USDT:USDT | Confidence reasons: {'trend': ['Цена выше EMA200 (+10)', 'ADX = 20.0'], 'momentum': ['RSI перекуплен (82.5) (+5)'], 'volume': ['Объём ниже среднего'], 'volatility': ['Волатильность нормальная'], 'patterns': [], 'chart': []}
2026-02-25 17:35:27,143 - crypto_bot - INFO - SOL/USDT:USDT | Confidence 3.5 < 25, пропускаем
2026-02-25 17:35:28,606 - crypto_bot - INFO - XRP/USDT:USDT | Confidence details: {'trend': 10, 'momentum': 5, 'volume': 10, 'volatility': 0, 'patterns': 0, 'chart': 0}
2026-02-25 17:35:28,607 - crypto_bot - INFO - XRP/USDT:USDT | Confidence reasons: {'trend': ['Цена выше EMA200 (+10)', 'ADX = 20.0'], 'momentum': ['RSI перекуплен (76.2) (+5)'], 'volume': ['Объём выше среднего (+10)'], 'volatility': ['Волатильность нормальная'], 'patterns': [], 'chart': []}
2026-02-25 17:35:28,608 - crypto_bot - INFO - XRP/USDT:USDT | Confidence 5.5 < 25, пропускаем
2026-02-25 17:35:30,070 - crypto_bot - INFO - ENSO/USDT:USDT | Confidence details: {'trend': 0, 'momentum': 15, 'volume': 0, 'volatility': 0, 'patterns': 0, 'chart': 0}
2026-02-25 17:35:30,070 - crypto_bot - INFO - ENSO/USDT:USDT | Confidence reasons: {'trend': ['Цена ниже EMA200', 'ADX = 20.0'], 'momentum': ['RSI перепродан (26.6) (+15)'], 'volume': ['Объём ниже среднего'], 'volatility': ['Волатильность нормальная'], 'patterns': [], 'chart': []}
2026-02-25 17:35:30,070 - crypto_bot - INFO - ENSO/USDT:USDT | Confidence 3.0 < 25, пропускаем
2026-02-25 17:35:31,748 - crypto_bot - INFO - ESP/USDT:USDT | Confidence details: {'trend': 10, 'momentum': 10, 'volume': 0, 'volatility': 15, 'patterns': 0, 'chart': 0}
2026-02-25 17:35:31,749 - crypto_bot - INFO - ESP/USDT:USDT | Confidence reasons: {'trend': ['Цена выше EMA200 (+10)', 'ADX = 20.0'], 'momentum': ['RSI нейтрален (30.5) (+10)'], 'volume': ['Объём ниже среднего'], 'volatility': ['ATR сжат (возможный пробой) (+15)'], 'patterns': [], 'chart': []}
2026-02-25 17:35:31,749 - crypto_bot - INFO - ESP/USDT:USDT | Confidence 6.8 < 25, пропускаем
2026-02-25 17:35:32,940 - crypto_bot - INFO - DOGE/USDT:USDT | Confidence details: {'trend': 10, 'momentum': 5, 'volume': 10, 'volatility': 0, 'patterns': 0, 'chart': 0}
2026-02-25 17:35:32,940 - crypto_bot - INFO - DOGE/USDT:USDT | Confidence reasons: {'trend': ['Цена выше EMA200 (+10)', 'ADX = 20.0'], 'momentum': ['RSI перекуплен (82.7) (+5)'], 'volume': ['Объём выше среднего (+10)'], 'volatility': ['Волатильность нормальная'], 'patterns': [], 'chart': []}
2026-02-25 17:35:32,940 - crypto_bot - INFO - DOGE/USDT:USDT | Confidence 5.5 < 25, пропускаем
2026-02-25 17:35:34,508 - crypto_bot - INFO - POWER/USDT:USDT | Confidence details: {'trend': 10, 'momentum': 5, 'volume': 10, 'volatility': 0, 'patterns': 0, 'chart': 0}
2026-02-25 17:35:34,508 - crypto_bot - INFO - POWER/USDT:USDT | Confidence reasons: {'trend': ['Цена выше EMA200 (+10)', 'ADX = 20.0'], 'momentum': ['RSI перекуплен (76.1) (+5)'], 'volume': ['Объём выше среднего (+10)'], 'volatility': ['Волатильность нормальная'], 'patterns': [], 'chart': []}
2026-02-25 17:35:34,509 - crypto_bot - INFO - POWER/USDT:USDT | Confidence 5.5 < 25, пропускаем
2026-02-25 17:35:36,046 - crypto_bot - INFO - HYPE/USDT:USDT | Confidence details: {'trend': 10, 'momentum': 10, 'volume': 20, 'volatility': 0, 'patterns': 0, 'chart': 0}
2026-02-25 17:35:36,046 - crypto_bot - INFO - HYPE/USDT:USDT | Confidence reasons: {'trend': ['Цена выше EMA200 (+10)', 'ADX = 20.0'], 'momentum': ['RSI нейтрален (63.7) (+10)'], 'volume': ['Объём выше среднего в 1.5 раз (+20)'], 'volatility': ['Волатильность нормальная'], 'patterns': [], 'chart': []}
2026-02-25 17:35:36,047 - crypto_bot - INFO - HYPE/USDT:USDT | Confidence 8.5 < 25, пропускаем
2026-02-25 17:35:37,714 - crypto_bot - INFO - PIPPIN/USDT:USDT | Confidence details: {'trend': 10, 'momentum': 10, 'volume': 10, 'volatility': 15, 'patterns': 0, 'chart': 0}
2026-02-25 17:35:37,714 - crypto_bot - INFO - PIPPIN/USDT:USDT | Confidence reasons: {'trend': ['Цена выше EMA200 (+10)', 'ADX = 20.0'], 'momentum': ['RSI нейтрален (31.0) (+10)'], 'volume': ['Объём выше среднего (+10)'], 'volatility': ['ATR сжат (возможный пробой) (+15)'], 'patterns': [], 'chart': []}
2026-02-25 17:35:37,715 - crypto_bot - INFO - PIPPIN/USDT:USDT | Confidence 8.8 < 25, пропускаем
2026-02-25 17:35:39,022 - crypto_bot - INFO - 1000PEPE/USDT:USDT | Confidence details: {'trend': 10, 'momentum': 10, 'volume': 10, 'volatility': 0, 'patterns': 0, 'chart': 0}
2026-02-25 17:35:39,022 - crypto_bot - INFO - 1000PEPE/USDT:USDT | Confidence reasons: {'trend': ['Цена выше EMA200 (+10)', 'ADX = 20.0'], 'momentum': ['RSI нейтрален (63.0) (+10)'], 'volume': ['Объём выше среднего (+10)'], 'volatility': ['Волатильность нормальная'], 'patterns': [], 'chart': []}
2026-02-25 17:35:39,022 - crypto_bot - INFO - 1000PEPE/USDT:USDT | Confidence 6.5 < 25, пропускаем
2026-02-25 17:35:40,444 - crypto_bot - INFO - BCH/USDT:USDT | Confidence details: {'trend': 0, 'momentum': 10, 'volume': 0, 'volatility': 0, 'patterns': 0, 'chart': 0}
2026-02-25 17:35:40,444 - crypto_bot - INFO - BCH/USDT:USDT | Confidence reasons: {'trend': ['Цена ниже EMA200', 'ADX = 20.0'], 'momentum': ['RSI нейтрален (69.7) (+10)'], 'volume': ['Объём ниже среднего'], 'volatility': ['Волатильность нормальная'], 'patterns': [], 'chart': []}
2026-02-25 17:35:40,444 - crypto_bot - INFO - BCH/USDT:USDT | Confidence 2.0 < 25, пропускаем
2026-02-25 17:35:42,079 - crypto_bot - INFO - FARTCOIN/USDT:USDT | Confidence details: {'trend': 10, 'momentum': 5, 'volume': 0, 'volatility': 0, 'patterns': 0, 'chart': 0}
2026-02-25 17:35:42,079 - crypto_bot - INFO - FARTCOIN/USDT:USDT | Confidence reasons: {'trend': ['Цена выше EMA200 (+10)', 'ADX = 20.0'], 'momentum': ['RSI перекуплен (74.5) (+5)'], 'volume': ['Объём ниже среднего'], 'volatility': ['Волатильность нормальная'], 'patterns': [], 'chart': []}
2026-02-25 17:35:42,079 - crypto_bot - INFO - FARTCOIN/USDT:USDT | Confidence 3.5 < 25, пропускаем
2026-02-25 17:35:43,546 - crypto_bot - INFO - DOT/USDT:USDT | Confidence details: {'trend': 10, 'momentum': 5, 'volume': 10, 'volatility': 0, 'patterns': 0, 'chart': 0}
2026-02-25 17:35:43,546 - crypto_bot - INFO - DOT/USDT:USDT | Confidence reasons: {'trend': ['Цена выше EMA200 (+10)', 'ADX = 20.0'], 'momentum': ['RSI перекуплен (90.8) (+5)'], 'volume': ['Объём выше среднего (+10)'], 'volatility': ['Волатильность нормальная'], 'patterns': [], 'chart': []}
2026-02-25 17:35:43,546 - crypto_bot - INFO - DOT/USDT:USDT | Confidence 5.5 < 25, пропускаем
2026-02-25 17:38:46,424 - crypto_bot - INFO - ENV PATH: C:\Users\user\Desktop\crypto_bot\.env
2026-02-25 17:38:46,424 - crypto_bot - INFO - TOKEN FROM ENV: 8754768915:AAENY_esFdhvfJpl7xUX2Ig35e6TKXAdut0
2026-02-25 17:38:47,249 - crypto_bot - INFO - 🚀 Trading Engine запущен (структурные уровни)
2026-02-25 17:38:50,570 - crypto_bot - INFO - 📊 Обновлён список топ-15 монет: ['BTC/USDT:USDT', 'ETH/USDT:USDT', 'SOL/USDT:USDT', 'XRP/USDT:USDT', 'ENSO/USDT:USDT', 'ESP/USDT:USDT', 'DOGE/USDT:USDT', 'HYPE/USDT:USDT', 'POWER/USDT:USDT', 'PIPPIN/USDT:USDT', '1000PEPE/USDT:USDT', 'XAUT/USDT:USDT', 'BCH/USDT:USDT', 'FARTCOIN/USDT:USDT', 'DOT/USDT:USDT']
2026-02-25 17:39:07,386 - crypto_bot - INFO - ⚡ Активных монет после фильтра: 14
2026-02-25 17:39:07,706 - crypto_bot - INFO - ✅ Бот @Crypro000_bot успешно запущен!
2026-02-25 17:39:09,334 - crypto_bot - INFO - BTC/USDT:USDT | Confidence details: {'trend': 10, 'momentum': 5, 'volume': 10, 'volatility': 0, 'patterns': 0, 'chart': 0}
2026-02-25 17:39:09,334 - crypto_bot - INFO - BTC/USDT:USDT | Confidence reasons: {'trend': ['Цена выше EMA200 (+10)', 'ADX = 20.0'], 'momentum': ['RSI перекуплен (73.1) (+5)'], 'volume': ['Объём выше среднего (+10)'], 'volatility': ['Волатильность нормальная'], 'patterns': [], 'chart': []}
2026-02-25 17:39:09,334 - crypto_bot - INFO - BTC/USDT:USDT | Confidence 5.5 < 6, пропускаем
2026-02-25 17:39:11,060 - crypto_bot - INFO - ETH/USDT:USDT | Confidence details: {'trend': 10, 'momentum': 5, 'volume': 10, 'volatility': 0, 'patterns': 0, 'chart': 0}
2026-02-25 17:39:11,060 - crypto_bot - INFO - ETH/USDT:USDT | Confidence reasons: {'trend': ['Цена выше EMA200 (+10)', 'ADX = 20.0'], 'momentum': ['RSI перекуплен (80.0) (+5)'], 'volume': ['Объём выше среднего (+10)'], 'volatility': ['Волатильность нормальная'], 'patterns': [], 'chart': []}
2026-02-25 17:39:11,060 - crypto_bot - INFO - ETH/USDT:USDT | Confidence 5.5 < 6, пропускаем
2026-02-25 17:39:12,658 - crypto_bot - INFO - SOL/USDT:USDT | Confidence details: {'trend': 10, 'momentum': 5, 'volume': 0, 'volatility': 0, 'patterns': 0, 'chart': 0}
2026-02-25 17:39:12,658 - crypto_bot - INFO - SOL/USDT:USDT | Confidence reasons: {'trend': ['Цена выше EMA200 (+10)', 'ADX = 20.0'], 'momentum': ['RSI перекуплен (82.2) (+5)'], 'volume': ['Объём ниже среднего'], 'volatility': ['Волатильность нормальная'], 'patterns': [], 'chart': []}
2026-02-25 17:39:12,658 - crypto_bot - INFO - SOL/USDT:USDT | Confidence 3.5 < 6, пропускаем
2026-02-25 17:39:13,943 - crypto_bot - INFO - XRP/USDT:USDT | Confidence details: {'trend': 10, 'momentum': 5, 'volume': 10, 'volatility': 0, 'patterns': 0, 'chart': 0}
2026-02-25 17:39:13,943 - crypto_bot - INFO - XRP/USDT:USDT | Confidence reasons: {'trend': ['Цена выше EMA200 (+10)', 'ADX = 20.0'], 'momentum': ['RSI перекуплен (75.9) (+5)'], 'volume': ['Объём выше среднего (+10)'], 'volatility': ['Волатильность нормальная'], 'patterns': [], 'chart': []}
2026-02-25 17:39:13,943 - crypto_bot - INFO - XRP/USDT:USDT | Confidence 5.5 < 6, пропускаем
2026-02-25 17:39:15,444 - crypto_bot - INFO - ENSO/USDT:USDT | Confidence details: {'trend': 0, 'momentum': 15, 'volume': 0, 'volatility': 0, 'patterns': 0, 'chart': 0}
2026-02-25 17:39:15,444 - crypto_bot - INFO - ENSO/USDT:USDT | Confidence reasons: {'trend': ['Цена ниже EMA200', 'ADX = 20.0'], 'momentum': ['RSI перепродан (27.0) (+15)'], 'volume': ['Объём ниже среднего'], 'volatility': ['Волатильность нормальная'], 'patterns': [], 'chart': []}
2026-02-25 17:39:15,445 - crypto_bot - INFO - ENSO/USDT:USDT | Confidence 3.0 < 6, пропускаем
2026-02-25 17:39:17,144 - crypto_bot - INFO - ESP/USDT:USDT | Confidence details: {'trend': 10, 'momentum': 10, 'volume': 0, 'volatility': 15, 'patterns': 0, 'chart': 0}
2026-02-25 17:39:17,144 - crypto_bot - INFO - ESP/USDT:USDT | Confidence reasons: {'trend': ['Цена выше EMA200 (+10)', 'ADX = 20.0'], 'momentum': ['RSI нейтрален (33.5) (+10)'], 'volume': ['Объём ниже среднего'], 'volatility': ['ATR сжат (возможный пробой) (+15)'], 'patterns': [], 'chart': []}
2026-02-25 17:39:17,146 - crypto_bot - ERROR - ❌ Ошибка ESP/USDT:USDT: name 'MIN_RR' is not defined
2026-02-25 17:39:18,711 - crypto_bot - INFO - DOGE/USDT:USDT | Confidence details: {'trend': 10, 'momentum': 5, 'volume': 20, 'volatility': 0, 'patterns': 0, 'chart': 0}
2026-02-25 17:39:18,711 - crypto_bot - INFO - DOGE/USDT:USDT | Confidence reasons: {'trend': ['Цена выше EMA200 (+10)', 'ADX = 20.0'], 'momentum': ['RSI перекуплен (82.6) (+5)'], 'volume': ['Объём выше среднего в 1.5 раз (+20)'], 'volatility': ['Волатильность нормальная'], 'patterns': [], 'chart': []}
2026-02-25 17:39:18,713 - crypto_bot - ERROR - ❌ Ошибка DOGE/USDT:USDT: name 'MIN_RR' is not defined
2026-02-25 17:39:19,987 - crypto_bot - INFO - HYPE/USDT:USDT | Confidence details: {'trend': 10, 'momentum': 10, 'volume': 20, 'volatility': 0, 'patterns': 0, 'chart': 0}
2026-02-25 17:39:19,987 - crypto_bot - INFO - HYPE/USDT:USDT | Confidence reasons: {'trend': ['Цена выше EMA200 (+10)', 'ADX = 20.0'], 'momentum': ['RSI нейтрален (62.1) (+10)'], 'volume': ['Объём выше среднего в 1.5 раз (+20)'], 'volatility': ['Волатильность нормальная'], 'patterns': [], 'chart': []}
2026-02-25 17:39:19,988 - crypto_bot - ERROR - ❌ Ошибка HYPE/USDT:USDT: name 'MIN_RR' is not defined
2026-02-25 17:39:21,703 - crypto_bot - INFO - POWER/USDT:USDT | Confidence details: {'trend': 10, 'momentum': 5, 'volume': 20, 'volatility': 0, 'patterns': 0, 'chart': 0}
2026-02-25 17:39:21,703 - crypto_bot - INFO - POWER/USDT:USDT | Confidence reasons: {'trend': ['Цена выше EMA200 (+10)', 'ADX = 20.0'], 'momentum': ['RSI перекуплен (75.4) (+5)'], 'volume': ['Объём выше среднего в 1.5 раз (+20)'], 'volatility': ['Волатильность нормальная'], 'patterns': [], 'chart': []}
2026-02-25 17:39:21,704 - crypto_bot - ERROR - ❌ Ошибка POWER/USDT:USDT: name 'MIN_RR' is not defined
2026-02-25 17:39:23,044 - crypto_bot - INFO - PIPPIN/USDT:USDT | Confidence details: {'trend': 10, 'momentum': 15, 'volume': 10, 'volatility': 15, 'patterns': 0, 'chart': 0}
2026-02-25 17:39:23,044 - crypto_bot - INFO - PIPPIN/USDT:USDT | Confidence reasons: {'trend': ['Цена выше EMA200 (+10)', 'ADX = 20.0'], 'momentum': ['RSI перепродан (29.9) (+15)'], 'volume': ['Объём выше среднего (+10)'], 'volatility': ['ATR сжат (возможный пробой) (+15)'], 'patterns': [], 'chart': []}
2026-02-25 17:39:23,046 - crypto_bot - ERROR - ❌ Ошибка PIPPIN/USDT:USDT: name 'MIN_RR' is not defined
2026-02-25 17:39:24,597 - crypto_bot - INFO - 1000PEPE/USDT:USDT | Confidence details: {'trend': 10, 'momentum': 10, 'volume': 10, 'volatility': 0, 'patterns': 0, 'chart': 0}
2026-02-25 17:39:24,597 - crypto_bot - INFO - 1000PEPE/USDT:USDT | Confidence reasons: {'trend': ['Цена выше EMA200 (+10)', 'ADX = 20.0'], 'momentum': ['RSI нейтрален (60.1) (+10)'], 'volume': ['Объём выше среднего (+10)'], 'volatility': ['Волатильность нормальная'], 'patterns': [], 'chart': []}
2026-02-25 17:39:24,599 - crypto_bot - ERROR - ❌ Ошибка 1000PEPE/USDT:USDT: name 'MIN_RR' is not defined
2026-02-25 17:39:26,262 - crypto_bot - INFO - BCH/USDT:USDT | Confidence details: {'trend': 0, 'momentum': 10, 'volume': 0, 'volatility': 0, 'patterns': 0, 'chart': 0}
2026-02-25 17:39:26,262 - crypto_bot - INFO - BCH/USDT:USDT | Confidence reasons: {'trend': ['Цена ниже EMA200', 'ADX = 20.0'], 'momentum': ['RSI нейтрален (69.0) (+10)'], 'volume': ['Объём ниже среднего'], 'volatility': ['Волатильность нормальная'], 'patterns': [], 'chart': []}
2026-02-25 17:39:26,263 - crypto_bot - INFO - BCH/USDT:USDT | Confidence 2.0 < 6, пропускаем
2026-02-25 17:39:27,759 - crypto_bot - INFO - FARTCOIN/USDT:USDT | Confidence details: {'trend': 10, 'momentum': 5, 'volume': 0, 'volatility': 0, 'patterns': 0, 'chart': 0}
2026-02-25 17:39:27,759 - crypto_bot - INFO - FARTCOIN/USDT:USDT | Confidence reasons: {'trend': ['Цена выше EMA200 (+10)', 'ADX = 20.0'], 'momentum': ['RSI перекуплен (74.7) (+5)'], 'volume': ['Объём ниже среднего'], 'volatility': ['Волатильность нормальная'], 'patterns': [], 'chart': []}
2026-02-25 17:39:27,760 - crypto_bot - INFO - FARTCOIN/USDT:USDT | Confidence 3.5 < 6, пропускаем
2026-02-25 17:39:29,184 - crypto_bot - INFO - DOT/USDT:USDT | Confidence details: {'trend': 10, 'momentum': 5, 'volume': 10, 'volatility': 0, 'patterns': 0, 'chart': 0}
2026-02-25 17:39:29,184 - crypto_bot - INFO - DOT/USDT:USDT | Confidence reasons: {'trend': ['Цена выше EMA200 (+10)', 'ADX = 20.0'], 'momentum': ['RSI перекуплен (90.9) (+5)'], 'volume': ['Объём выше среднего (+10)'], 'volatility': ['Волатильность нормальная'], 'patterns': [], 'chart': []}
2026-02-25 17:39:29,185 - crypto_bot - INFO - DOT/USDT:USDT | Confidence 5.5 < 6, пропускаем
2026-02-25 17:42:51,537 - crypto_bot - INFO - ENV PATH: C:\Users\user\Desktop\crypto_bot\.env
2026-02-25 17:42:51,537 - crypto_bot - INFO - TOKEN FROM ENV: 8754768915:AAENY_esFdhvfJpl7xUX2Ig35e6TKXAdut0
2026-02-25 17:42:52,383 - crypto_bot - INFO - 🚀 Trading Engine запущен (структурные уровни)
2026-02-25 17:42:55,843 - crypto_bot - INFO - 📊 Обновлён список топ-15 монет: ['BTC/USDT:USDT', 'ETH/USDT:USDT', 'SOL/USDT:USDT', 'XRP/USDT:USDT', 'ENSO/USDT:USDT', 'ESP/USDT:USDT', 'DOGE/USDT:USDT', 'HYPE/USDT:USDT', 'POWER/USDT:USDT', 'PIPPIN/USDT:USDT', '1000PEPE/USDT:USDT', 'XAUT/USDT:USDT', 'BCH/USDT:USDT', 'FARTCOIN/USDT:USDT', 'DOT/USDT:USDT']
2026-02-25 17:43:12,683 - crypto_bot - INFO - ⚡ Активных монет после фильтра: 14
2026-02-25 17:43:13,244 - crypto_bot - INFO - ✅ Бот @Crypro000_bot успешно запущен!
2026-02-25 17:43:14,654 - crypto_bot - INFO - BTC/USDT:USDT | Confidence details: {'trend': 10, 'momentum': 5, 'volume': 10, 'volatility': 0, 'patterns': 0, 'chart': 0}
2026-02-25 17:43:14,655 - crypto_bot - INFO - BTC/USDT:USDT | Confidence reasons: {'trend': ['Цена выше EMA200 (+10)', 'ADX = 20.0'], 'momentum': ['RSI перекуплен (73.0) (+5)'], 'volume': ['Объём выше среднего (+10)'], 'volatility': ['Волатильность нормальная'], 'patterns': [], 'chart': []}
2026-02-25 17:43:14,655 - crypto_bot - INFO - BTC/USDT:USDT | Confidence 5.5 < 6, пропускаем
2026-02-25 17:43:16,323 - crypto_bot - INFO - ETH/USDT:USDT | Confidence details: {'trend': 10, 'momentum': 5, 'volume': 20, 'volatility': 0, 'patterns': 0, 'chart': 0}
2026-02-25 17:43:16,324 - crypto_bot - INFO - ETH/USDT:USDT | Confidence reasons: {'trend': ['Цена выше EMA200 (+10)', 'ADX = 20.0'], 'momentum': ['RSI перекуплен (80.1) (+5)'], 'volume': ['Объём выше среднего в 1.5 раз (+20)'], 'volatility': ['Волатильность нормальная'], 'patterns': [], 'chart': []}
2026-02-25 17:43:16,325 - crypto_bot - INFO - ETH/USDT:USDT | RR 0.57 < 1.5, пропускаем
2026-02-25 17:43:17,972 - crypto_bot - INFO - SOL/USDT:USDT | Confidence details: {'trend': 10, 'momentum': 5, 'volume': 10, 'volatility': 0, 'patterns': 0, 'chart': 0}
2026-02-25 17:43:17,972 - crypto_bot - INFO - SOL/USDT:USDT | Confidence reasons: {'trend': ['Цена выше EMA200 (+10)', 'ADX = 20.0'], 'momentum': ['RSI перекуплен (82.4) (+5)'], 'volume': ['Объём выше среднего (+10)'], 'volatility': ['Волатильность нормальная'], 'patterns': [], 'chart': []}
2026-02-25 17:43:17,972 - crypto_bot - INFO - SOL/USDT:USDT | Confidence 5.5 < 6, пропускаем
2026-02-25 17:43:19,415 - crypto_bot - INFO - XRP/USDT:USDT | Confidence details: {'trend': 10, 'momentum': 5, 'volume': 10, 'volatility': 0, 'patterns': 0, 'chart': 0}
2026-02-25 17:43:19,416 - crypto_bot - INFO - XRP/USDT:USDT | Confidence reasons: {'trend': ['Цена выше EMA200 (+10)', 'ADX = 20.0'], 'momentum': ['RSI перекуплен (76.2) (+5)'], 'volume': ['Объём выше среднего (+10)'], 'volatility': ['Волатильность нормальная'], 'patterns': [], 'chart': []}
2026-02-25 17:43:19,416 - crypto_bot - INFO - XRP/USDT:USDT | Confidence 5.5 < 6, пропускаем
2026-02-25 17:43:21,027 - crypto_bot - INFO - ENSO/USDT:USDT | Confidence details: {'trend': 0, 'momentum': 15, 'volume': 10, 'volatility': 0, 'patterns': 0, 'chart': 0}
2026-02-25 17:43:21,028 - crypto_bot - INFO - ENSO/USDT:USDT | Confidence reasons: {'trend': ['Цена ниже EMA200', 'ADX = 20.0'], 'momentum': ['RSI перепродан (27.1) (+15)'], 'volume': ['Объём выше среднего (+10)'], 'volatility': ['Волатильность нормальная'], 'patterns': [], 'chart': []}
2026-02-25 17:43:21,028 - crypto_bot - INFO - ENSO/USDT:USDT | Confidence 5.0 < 6, пропускаем
2026-02-25 17:43:22,575 - crypto_bot - INFO - ESP/USDT:USDT | Confidence details: {'trend': 10, 'momentum': 10, 'volume': 0, 'volatility': 15, 'patterns': 0, 'chart': 0}
2026-02-25 17:43:22,575 - crypto_bot - INFO - ESP/USDT:USDT | Confidence reasons: {'trend': ['Цена выше EMA200 (+10)', 'ADX = 20.0'], 'momentum': ['RSI нейтрален (32.9) (+10)'], 'volume': ['Объём ниже среднего'], 'volatility': ['ATR сжат (возможный пробой) (+15)'], 'patterns': [], 'chart': []}
2026-02-25 17:43:23,800 - crypto_bot - INFO - DOGE/USDT:USDT | Confidence details: {'trend': 10, 'momentum': 5, 'volume': 20, 'volatility': 0, 'patterns': 0, 'chart': 0}
2026-02-25 17:43:23,801 - crypto_bot - INFO - DOGE/USDT:USDT | Confidence reasons: {'trend': ['Цена выше EMA200 (+10)', 'ADX = 20.0'], 'momentum': ['RSI перекуплен (83.5) (+5)'], 'volume': ['Объём выше среднего в 1.5 раз (+20)'], 'volatility': ['Волатильность нормальная'], 'patterns': [], 'chart': []}
2026-02-25 17:43:23,802 - crypto_bot - INFO - DOGE/USDT:USDT | RR 0.62 < 1.5, пропускаем
2026-02-25 17:43:25,679 - crypto_bot - INFO - HYPE/USDT:USDT | Confidence details: {'trend': 10, 'momentum': 10, 'volume': 20, 'volatility': 0, 'patterns': 0, 'chart': 0}
2026-02-25 17:43:25,679 - crypto_bot - INFO - HYPE/USDT:USDT | Confidence reasons: {'trend': ['Цена выше EMA200 (+10)', 'ADX = 20.0'], 'momentum': ['RSI нейтрален (61.8) (+10)'], 'volume': ['Объём выше среднего в 1.5 раз (+20)'], 'volatility': ['Волатильность нормальная'], 'patterns': [], 'chart': []}
2026-02-25 17:43:25,681 - crypto_bot - INFO - HYPE/USDT:USDT | RR 1.06 < 1.5, пропускаем
2026-02-25 17:43:27,171 - crypto_bot - INFO - POWER/USDT:USDT | Confidence details: {'trend': 10, 'momentum': 5, 'volume': 20, 'volatility': 0, 'patterns': 0, 'chart': 0}
2026-02-25 17:43:27,171 - crypto_bot - INFO - POWER/USDT:USDT | Confidence reasons: {'trend': ['Цена выше EMA200 (+10)', 'ADX = 20.0'], 'momentum': ['RSI перекуплен (76.0) (+5)'], 'volume': ['Объём выше среднего в 1.5 раз (+20)'], 'volatility': ['Волатильность нормальная'], 'patterns': [], 'chart': []}
2026-02-25 17:43:27,173 - crypto_bot - INFO - POWER/USDT:USDT | RR 0.21 < 1.5, пропускаем
2026-02-25 17:43:28,369 - crypto_bot - INFO - PIPPIN/USDT:USDT | Confidence details: {'trend': 10, 'momentum': 15, 'volume': 10, 'volatility': 15, 'patterns': 0, 'chart': 0}
2026-02-25 17:43:28,369 - crypto_bot - INFO - PIPPIN/USDT:USDT | Confidence reasons: {'trend': ['Цена выше EMA200 (+10)', 'ADX = 20.0'], 'momentum': ['RSI перепродан (28.7) (+15)'], 'volume': ['Объём выше среднего (+10)'], 'volatility': ['ATR сжат (возможный пробой) (+15)'], 'patterns': [], 'chart': []}
2026-02-25 17:43:28,370 - crypto_bot - INFO - PIPPIN/USDT:USDT | RR 0.56 < 1.5, пропускаем
2026-02-25 17:43:29,972 - crypto_bot - INFO - 1000PEPE/USDT:USDT | Confidence details: {'trend': 10, 'momentum': 10, 'volume': 20, 'volatility': 0, 'patterns': 0, 'chart': 0}
2026-02-25 17:43:29,973 - crypto_bot - INFO - 1000PEPE/USDT:USDT | Confidence reasons: {'trend': ['Цена выше EMA200 (+10)', 'ADX = 20.0'], 'momentum': ['RSI нейтрален (61.7) (+10)'], 'volume': ['Объём выше среднего в 1.5 раз (+20)'], 'volatility': ['Волатильность нормальная'], 'patterns': [], 'chart': []}
2026-02-25 17:43:31,445 - crypto_bot - INFO - BCH/USDT:USDT | Confidence details: {'trend': 0, 'momentum': 10, 'volume': 0, 'volatility': 0, 'patterns': 0, 'chart': 0}
2026-02-25 17:43:31,446 - crypto_bot - INFO - BCH/USDT:USDT | Confidence reasons: {'trend': ['Цена ниже EMA200', 'ADX = 20.0'], 'momentum': ['RSI нейтрален (69.2) (+10)'], 'volume': ['Объём ниже среднего'], 'volatility': ['Волатильность нормальная'], 'patterns': [], 'chart': []}
2026-02-25 17:43:31,446 - crypto_bot - INFO - BCH/USDT:USDT | Confidence 2.0 < 6, пропускаем
2026-02-25 17:43:32,967 - crypto_bot - INFO - FARTCOIN/USDT:USDT | Confidence details: {'trend': 10, 'momentum': 5, 'volume': 0, 'volatility': 0, 'patterns': 0, 'chart': 0}
2026-02-25 17:43:32,967 - crypto_bot - INFO - FARTCOIN/USDT:USDT | Confidence reasons: {'trend': ['Цена выше EMA200 (+10)', 'ADX = 20.0'], 'momentum': ['RSI перекуплен (75.7) (+5)'], 'volume': ['Объём ниже среднего'], 'volatility': ['Волатильность нормальная'], 'patterns': [], 'chart': []}
2026-02-25 17:43:32,967 - crypto_bot - INFO - FARTCOIN/USDT:USDT | Confidence 3.5 < 6, пропускаем
2026-02-25 17:43:34,629 - crypto_bot - INFO - DOT/USDT:USDT | Confidence details: {'trend': 10, 'momentum': 5, 'volume': 10, 'volatility': 0, 'patterns': 0, 'chart': 0}
2026-02-25 17:43:34,629 - crypto_bot - INFO - DOT/USDT:USDT | Confidence reasons: {'trend': ['Цена выше EMA200 (+10)', 'ADX = 20.0'], 'momentum': ['RSI перекуплен (91.1) (+5)'], 'volume': ['Объём выше среднего (+10)'], 'volatility': ['Волатильность нормальная'], 'patterns': [], 'chart': []}
2026-02-25 17:43:34,629 - crypto_bot - INFO - DOT/USDT:USDT | Confidence 5.5 < 6, пропускаем
2026-02-25 17:53:35,475 - crypto_bot - INFO - ⚡ Активных монет после фильтра: 14
2026-02-25 17:53:37,196 - crypto_bot - INFO - BTC/USDT:USDT | Confidence details: {'trend': 10, 'momentum': 5, 'volume': 20, 'volatility': 0, 'patterns': 0, 'chart': 0}
2026-02-25 17:53:37,196 - crypto_bot - INFO - BTC/USDT:USDT | Confidence reasons: {'trend': ['Цена выше EMA200 (+10)', 'ADX = 20.0'], 'momentum': ['RSI перекуплен (75.2) (+5)'], 'volume': ['Объём выше среднего в 1.5 раз (+20)'], 'volatility': ['Волатильность нормальная'], 'patterns': [], 'chart': []}
2026-02-25 17:53:37,198 - crypto_bot - INFO - BTC/USDT:USDT | RR 0.78 < 1.5, пропускаем
2026-02-25 17:53:38,815 - crypto_bot - INFO - ETH/USDT:USDT | Confidence details: {'trend': 10, 'momentum': 5, 'volume': 20, 'volatility': 0, 'patterns': 0, 'chart': 0}
2026-02-25 17:53:38,816 - crypto_bot - INFO - ETH/USDT:USDT | Confidence reasons: {'trend': ['Цена выше EMA200 (+10)', 'ADX = 20.0'], 'momentum': ['RSI перекуплен (81.9) (+5)'], 'volume': ['Объём выше среднего в 1.5 раз (+20)'], 'volatility': ['Волатильность нормальная'], 'patterns': [], 'chart': []}
2026-02-25 17:53:38,817 - crypto_bot - INFO - ETH/USDT:USDT | Дубль сигнала LONG, пропускаем
2026-02-25 17:53:40,229 - crypto_bot - INFO - SOL/USDT:USDT | Confidence details: {'trend': 10, 'momentum': 5, 'volume': 20, 'volatility': 0, 'patterns': 0, 'chart': 0}
2026-02-25 17:53:40,229 - crypto_bot - INFO - SOL/USDT:USDT | Confidence reasons: {'trend': ['Цена выше EMA200 (+10)', 'ADX = 20.0'], 'momentum': ['RSI перекуплен (84.7) (+5)'], 'volume': ['Объём выше среднего в 1.5 раз (+20)'], 'volatility': ['Волатильность нормальная'], 'patterns': [], 'chart': []}
2026-02-25 17:53:40,230 - crypto_bot - INFO - SOL/USDT:USDT | RR 0.43 < 1.5, пропускаем
2026-02-25 17:53:42,140 - crypto_bot - INFO - XRP/USDT:USDT | Confidence details: {'trend': 10, 'momentum': 5, 'volume': 20, 'volatility': 0, 'patterns': 0, 'chart': 0}
2026-02-25 17:53:42,140 - crypto_bot - INFO - XRP/USDT:USDT | Confidence reasons: {'trend': ['Цена выше EMA200 (+10)', 'ADX = 20.0'], 'momentum': ['RSI перекуплен (78.2) (+5)'], 'volume': ['Объём выше среднего в 1.5 раз (+20)'], 'volatility': ['Волатильность нормальная'], 'patterns': [], 'chart': []}
2026-02-25 17:53:42,141 - crypto_bot - INFO - XRP/USDT:USDT | RR 0.8 < 1.5, пропускаем
2026-02-25 17:53:43,505 - crypto_bot - INFO - ENSO/USDT:USDT | Confidence details: {'trend': 0, 'momentum': 15, 'volume': 10, 'volatility': 0, 'patterns': 0, 'chart': 0}
2026-02-25 17:53:43,506 - crypto_bot - INFO - ENSO/USDT:USDT | Confidence reasons: {'trend': ['Цена ниже EMA200', 'ADX = 20.0'], 'momentum': ['RSI перепродан (27.1) (+15)'], 'volume': ['Объём выше среднего (+10)'], 'volatility': ['Волатильность нормальная'], 'patterns': [], 'chart': []}
2026-02-25 17:53:43,506 - crypto_bot - INFO - ENSO/USDT:USDT | Confidence 5.0 < 6, пропускаем
2026-02-25 17:53:44,592 - crypto_bot - INFO - ESP/USDT:USDT | Confidence details: {'trend': 10, 'momentum': 15, 'volume': 0, 'volatility': 15, 'patterns': 0, 'chart': 0}
2026-02-25 17:53:44,593 - crypto_bot - INFO - ESP/USDT:USDT | Confidence reasons: {'trend': ['Цена выше EMA200 (+10)', 'ADX = 20.0'], 'momentum': ['RSI перепродан (29.5) (+15)'], 'volume': ['Объём ниже среднего'], 'volatility': ['ATR сжат (возможный пробой) (+15)'], 'patterns': [], 'chart': []}
2026-02-25 17:53:44,593 - crypto_bot - INFO - ESP/USDT:USDT | Дубль сигнала LONG, пропускаем
2026-02-25 17:53:46,211 - crypto_bot - INFO - DOGE/USDT:USDT | Confidence details: {'trend': 10, 'momentum': 5, 'volume': 20, 'volatility': 0, 'patterns': 0, 'chart': 0}
2026-02-25 17:53:46,211 - crypto_bot - INFO - DOGE/USDT:USDT | Confidence reasons: {'trend': ['Цена выше EMA200 (+10)', 'ADX = 20.0'], 'momentum': ['RSI перекуплен (85.1) (+5)'], 'volume': ['Объём выше среднего в 1.5 раз (+20)'], 'volatility': ['Волатильность нормальная'], 'patterns': [], 'chart': []}
2026-02-25 17:53:46,211 - crypto_bot - INFO - DOGE/USDT:USDT | Дубль сигнала LONG, пропускаем
2026-02-25 17:53:47,898 - crypto_bot - INFO - HYPE/USDT:USDT | Confidence details: {'trend': 10, 'momentum': 10, 'volume': 20, 'volatility': 0, 'patterns': 0, 'chart': 0}
2026-02-25 17:53:47,898 - crypto_bot - INFO - HYPE/USDT:USDT | Confidence reasons: {'trend': ['Цена выше EMA200 (+10)', 'ADX = 20.0'], 'momentum': ['RSI нейтрален (64.6) (+10)'], 'volume': ['Объём выше среднего в 1.5 раз (+20)'], 'volatility': ['Волатильность нормальная'], 'patterns': [], 'chart': []}
2026-02-25 17:53:47,899 - crypto_bot - INFO - HYPE/USDT:USDT | Дубль сигнала LONG, пропускаем
2026-02-25 17:53:49,306 - crypto_bot - INFO - POWER/USDT:USDT | Confidence details: {'trend': 10, 'momentum': 5, 'volume': 20, 'volatility': 0, 'patterns': 0, 'chart': 0}
2026-02-25 17:53:49,306 - crypto_bot - INFO - POWER/USDT:USDT | Confidence reasons: {'trend': ['Цена выше EMA200 (+10)', 'ADX = 20.0'], 'momentum': ['RSI перекуплен (76.7) (+5)'], 'volume': ['Объём выше среднего в 1.5 раз (+20)'], 'volatility': ['Волатильность нормальная'], 'patterns': [], 'chart': []}
2026-02-25 17:53:49,307 - crypto_bot - INFO - POWER/USDT:USDT | Дубль сигнала LONG, пропускаем
2026-02-25 17:53:50,873 - crypto_bot - INFO - PIPPIN/USDT:USDT | Confidence details: {'trend': 10, 'momentum': 15, 'volume': 20, 'volatility': 15, 'patterns': 0, 'chart': 0}
2026-02-25 17:53:50,873 - crypto_bot - INFO - PIPPIN/USDT:USDT | Confidence reasons: {'trend': ['Цена выше EMA200 (+10)', 'ADX = 20.0'], 'momentum': ['RSI перепродан (28.0) (+15)'], 'volume': ['Объём выше среднего в 1.5 раз (+20)'], 'volatility': ['ATR сжат (возможный пробой) (+15)'], 'patterns': [], 'chart': []}
2026-02-25 17:53:50,873 - crypto_bot - INFO - PIPPIN/USDT:USDT | Дубль сигнала SHORT, пропускаем
2026-02-25 17:53:51,994 - crypto_bot - INFO - 1000PEPE/USDT:USDT | Confidence details: {'trend': 10, 'momentum': 10, 'volume': 20, 'volatility': 0, 'patterns': 0, 'chart': 0}
2026-02-25 17:53:51,995 - crypto_bot - INFO - 1000PEPE/USDT:USDT | Confidence reasons: {'trend': ['Цена выше EMA200 (+10)', 'ADX = 20.0'], 'momentum': ['RSI нейтрален (66.4) (+10)'], 'volume': ['Объём выше среднего в 1.5 раз (+20)'], 'volatility': ['Волатильность нормальная'], 'patterns': [], 'chart': []}
2026-02-25 17:53:51,996 - crypto_bot - INFO - 1000PEPE/USDT:USDT | RR 0.1 < 1.5, пропускаем
2026-02-25 17:53:53,583 - crypto_bot - INFO - BCH/USDT:USDT | Confidence details: {'trend': 0, 'momentum': 5, 'volume': 10, 'volatility': 0, 'patterns': 0, 'chart': 0}
2026-02-25 17:53:53,583 - crypto_bot - INFO - BCH/USDT:USDT | Confidence reasons: {'trend': ['Цена ниже EMA200', 'ADX = 20.0'], 'momentum': ['RSI перекуплен (73.4) (+5)'], 'volume': ['Объём выше среднего (+10)'], 'volatility': ['Волатильность нормальная'], 'patterns': [], 'chart': []}
2026-02-25 17:53:53,584 - crypto_bot - INFO - BCH/USDT:USDT | Confidence 3.0 < 6, пропускаем
2026-02-25 17:53:55,155 - crypto_bot - INFO - FARTCOIN/USDT:USDT | Confidence details: {'trend': 10, 'momentum': 5, 'volume': 10, 'volatility': 0, 'patterns': 0, 'chart': 0}
2026-02-25 17:53:55,156 - crypto_bot - INFO - FARTCOIN/USDT:USDT | Confidence reasons: {'trend': ['Цена выше EMA200 (+10)', 'ADX = 20.0'], 'momentum': ['RSI перекуплен (78.4) (+5)'], 'volume': ['Объём выше среднего (+10)'], 'volatility': ['Волатильность нормальная'], 'patterns': [], 'chart': []}
2026-02-25 17:53:55,156 - crypto_bot - INFO - FARTCOIN/USDT:USDT | Confidence 5.5 < 6, пропускаем
2026-02-25 17:53:56,841 - crypto_bot - INFO - DOT/USDT:USDT | Confidence details: {'trend': 10, 'momentum': 5, 'volume': 20, 'volatility': 0, 'patterns': 0, 'chart': 0}
2026-02-25 17:53:56,842 - crypto_bot - INFO - DOT/USDT:USDT | Confidence reasons: {'trend': ['Цена выше EMA200 (+10)', 'ADX = 20.0'], 'momentum': ['RSI перекуплен (91.2) (+5)'], 'volume': ['Объём выше среднего в 1.5 раз (+20)'], 'volatility': ['Волатильность нормальная'], 'patterns': [], 'chart': []}
2026-02-25 17:53:56,843 - crypto_bot - INFO - DOT/USDT:USDT | RR 0.29 < 1.5, пропускаем
2026-02-25 18:02:35,722 - crypto_bot - INFO - ENV PATH: C:\Users\user\Desktop\crypto_bot\.env
2026-02-25 18:02:35,722 - crypto_bot - INFO - TOKEN FROM ENV: 8754768915:AAENY_esFdhvfJpl7xUX2Ig35e6TKXAdut0
2026-02-25 18:02:36,603 - crypto_bot - INFO - 🚀 Trading Engine запущен (структурные уровни)
2026-02-25 18:02:40,959 - crypto_bot - INFO - 📊 Обновлён список топ-15 монет: ['BTC/USDT:USDT', 'ETH/USDT:USDT', 'SOL/USDT:USDT', 'XRP/USDT:USDT', 'ENSO/USDT:USDT', 'ESP/USDT:USDT', 'DOGE/USDT:USDT', 'HYPE/USDT:USDT', 'POWER/USDT:USDT', '1000PEPE/USDT:USDT', 'PIPPIN/USDT:USDT', 'XAUT/USDT:USDT', 'BCH/USDT:USDT', 'ADA/USDT:USDT', 'DOT/USDT:USDT']
2026-02-25 18:02:57,920 - crypto_bot - INFO - ⚡ Активных монет после фильтра: 14
2026-02-25 18:02:58,203 - crypto_bot - INFO - ✅ Бот @Crypro000_bot успешно запущен!
2026-02-25 18:02:59,974 - crypto_bot - INFO - BTC/USDT:USDT | ATR/price = 0.0078 < 0.009, пропускаем
2026-02-25 18:03:01,377 - crypto_bot - INFO - ETH/USDT:USDT | Confidence details: {'trend': 10, 'momentum': 5, 'volume': 0, 'volatility': 0, 'patterns': 0, 'chart': 0}
2026-02-25 18:03:01,377 - crypto_bot - INFO - ETH/USDT:USDT | Confidence reasons: {'trend': ['Цена выше EMA200 (+10)', 'ADX = 20.0'], 'momentum': ['RSI перекуплен (76.1) (+5)'], 'volume': ['Объём ниже среднего'], 'volatility': ['Волатильность нормальная'], 'patterns': [], 'chart': []}
2026-02-25 18:03:01,377 - crypto_bot - INFO - ETH/USDT:USDT | Confidence 3.5 < 6, пропускаем
2026-02-25 18:03:02,928 - crypto_bot - INFO - SOL/USDT:USDT | Confidence details: {'trend': 10, 'momentum': 5, 'volume': 0, 'volatility': 0, 'patterns': 0, 'chart': 0}
2026-02-25 18:03:02,928 - crypto_bot - INFO - SOL/USDT:USDT | Confidence reasons: {'trend': ['Цена выше EMA200 (+10)', 'ADX = 20.0'], 'momentum': ['RSI перекуплен (79.5) (+5)'], 'volume': ['Объём ниже среднего'], 'volatility': ['Волатильность нормальная'], 'patterns': [], 'chart': []}
2026-02-25 18:03:02,929 - crypto_bot - INFO - SOL/USDT:USDT | Confidence 3.5 < 6, пропускаем
2026-02-25 18:03:04,757 - crypto_bot - INFO - XRP/USDT:USDT | Confidence details: {'trend': 10, 'momentum': 5, 'volume': 0, 'volatility': 0, 'patterns': 0, 'chart': 0}
2026-02-25 18:03:04,757 - crypto_bot - INFO - XRP/USDT:USDT | Confidence reasons: {'trend': ['Цена выше EMA200 (+10)', 'ADX = 20.0'], 'momentum': ['RSI перекуплен (72.5) (+5)'], 'volume': ['Объём ниже среднего'], 'volatility': ['Волатильность нормальная'], 'patterns': [], 'chart': []}
2026-02-25 18:03:04,757 - crypto_bot - INFO - XRP/USDT:USDT | Confidence 3.5 < 6, пропускаем
2026-02-25 18:03:05,975 - crypto_bot - INFO - ENSO/USDT:USDT | Confidence details: {'trend': 0, 'momentum': 15, 'volume': 0, 'volatility': 0, 'patterns': 0, 'chart': 0}
2026-02-25 18:03:05,976 - crypto_bot - INFO - ENSO/USDT:USDT | Confidence reasons: {'trend': ['Цена ниже EMA200', 'ADX = 20.0'], 'momentum': ['RSI перепродан (27.4) (+15)'], 'volume': ['Объём ниже среднего'], 'volatility': ['Волатильность нормальная'], 'patterns': [], 'chart': []}
2026-02-25 18:03:05,976 - crypto_bot - INFO - ENSO/USDT:USDT | Confidence 3.0 < 6, пропускаем
2026-02-25 18:03:07,281 - crypto_bot - INFO - ESP/USDT:USDT | Confidence details: {'trend': 10, 'momentum': 10, 'volume': 0, 'volatility': 15, 'patterns': 0, 'chart': 0}
2026-02-25 18:03:07,281 - crypto_bot - INFO - ESP/USDT:USDT | Confidence reasons: {'trend': ['Цена выше EMA200 (+10)', 'ADX = 20.0'], 'momentum': ['RSI нейтрален (30.3) (+10)'], 'volume': ['Объём ниже среднего'], 'volatility': ['ATR сжат (возможный пробой) (+15)'], 'patterns': [], 'chart': []}
2026-02-25 18:03:07,283 - crypto_bot - INFO - ESP/USDT:USDT | RR 0.19 < 1.5, пропускаем
2026-02-25 18:03:09,133 - crypto_bot - INFO - DOGE/USDT:USDT | Confidence details: {'trend': 10, 'momentum': 5, 'volume': 0, 'volatility': 0, 'patterns': 0, 'chart': 0}
2026-02-25 18:03:09,134 - crypto_bot - INFO - DOGE/USDT:USDT | Confidence reasons: {'trend': ['Цена выше EMA200 (+10)', 'ADX = 20.0'], 'momentum': ['RSI перекуплен (84.0) (+5)'], 'volume': ['Объём ниже среднего'], 'volatility': ['Волатильность нормальная'], 'patterns': [], 'chart': []}
2026-02-25 18:03:09,134 - crypto_bot - INFO - DOGE/USDT:USDT | Confidence 3.5 < 6, пропускаем
2026-02-25 18:03:10,409 - crypto_bot - INFO - HYPE/USDT:USDT | Confidence details: {'trend': 10, 'momentum': 10, 'volume': 0, 'volatility': 0, 'patterns': 0, 'chart': 0}
2026-02-25 18:03:10,409 - crypto_bot - INFO - HYPE/USDT:USDT | Confidence reasons: {'trend': ['Цена выше EMA200 (+10)', 'ADX = 20.0'], 'momentum': ['RSI нейтрален (61.5) (+10)'], 'volume': ['Объём ниже среднего'], 'volatility': ['Волатильность нормальная'], 'patterns': [], 'chart': []}
2026-02-25 18:03:10,409 - crypto_bot - INFO - HYPE/USDT:USDT | Confidence 4.5 < 6, пропускаем
2026-02-25 18:03:12,152 - crypto_bot - INFO - POWER/USDT:USDT | Confidence details: {'trend': 10, 'momentum': 5, 'volume': 0, 'volatility': 0, 'patterns': 0, 'chart': 0}
2026-02-25 18:03:12,152 - crypto_bot - INFO - POWER/USDT:USDT | Confidence reasons: {'trend': ['Цена выше EMA200 (+10)', 'ADX = 20.0'], 'momentum': ['RSI перекуплен (86.2) (+5)'], 'volume': ['Объём ниже среднего'], 'volatility': ['Волатильность нормальная'], 'patterns': [], 'chart': []}
2026-02-25 18:03:12,153 - crypto_bot - INFO - POWER/USDT:USDT | Confidence 3.5 < 6, пропускаем
2026-02-25 18:03:13,331 - crypto_bot - INFO - 1000PEPE/USDT:USDT | Confidence details: {'trend': 10, 'momentum': 10, 'volume': 0, 'volatility': 0, 'patterns': 0, 'chart': 0}
2026-02-25 18:03:13,331 - crypto_bot - INFO - 1000PEPE/USDT:USDT | Confidence reasons: {'trend': ['Цена выше EMA200 (+10)', 'ADX = 20.0'], 'momentum': ['RSI нейтрален (61.3) (+10)'], 'volume': ['Объём ниже среднего'], 'volatility': ['Волатильность нормальная'], 'patterns': [], 'chart': []}
2026-02-25 18:03:13,331 - crypto_bot - INFO - 1000PEPE/USDT:USDT | Confidence 4.5 < 6, пропускаем
2026-02-25 18:03:15,143 - crypto_bot - INFO - PIPPIN/USDT:USDT | Confidence details: {'trend': 10, 'momentum': 15, 'volume': 0, 'volatility': 15, 'patterns': 0, 'chart': 0}
2026-02-25 18:03:15,143 - crypto_bot - INFO - PIPPIN/USDT:USDT | Confidence reasons: {'trend': ['Цена выше EMA200 (+10)', 'ADX = 20.0'], 'momentum': ['RSI перепродан (18.9) (+15)'], 'volume': ['Объём ниже среднего'], 'volatility': ['ATR сжат (возможный пробой) (+15)'], 'patterns': [], 'chart': []}
2026-02-25 18:03:15,145 - crypto_bot - INFO - PIPPIN/USDT:USDT | RR 1.36 < 1.5, пропускаем
2026-02-25 18:03:16,556 - crypto_bot - INFO - BCH/USDT:USDT | Confidence details: {'trend': 0, 'momentum': 10, 'volume': 0, 'volatility': 0, 'patterns': 0, 'chart': 0}
2026-02-25 18:03:16,556 - crypto_bot - INFO - BCH/USDT:USDT | Confidence reasons: {'trend': ['Цена ниже EMA200', 'ADX = 20.0'], 'momentum': ['RSI нейтрален (68.9) (+10)'], 'volume': ['Объём ниже среднего'], 'volatility': ['Волатильность нормальная'], 'patterns': [], 'chart': []}
2026-02-25 18:03:16,556 - crypto_bot - INFO - BCH/USDT:USDT | Confidence 2.0 < 6, пропускаем
2026-02-25 18:03:17,942 - crypto_bot - INFO - ADA/USDT:USDT | Confidence details: {'trend': 10, 'momentum': 5, 'volume': 0, 'volatility': 0, 'patterns': 0, 'chart': 0}
2026-02-25 18:03:17,942 - crypto_bot - INFO - ADA/USDT:USDT | Confidence reasons: {'trend': ['Цена выше EMA200 (+10)', 'ADX = 20.0'], 'momentum': ['RSI перекуплен (83.4) (+5)'], 'volume': ['Объём ниже среднего'], 'volatility': ['Волатильность нормальная'], 'patterns': [], 'chart': []}
2026-02-25 18:03:17,943 - crypto_bot - INFO - ADA/USDT:USDT | Confidence 3.5 < 6, пропускаем
2026-02-25 18:03:19,654 - crypto_bot - INFO - DOT/USDT:USDT | Confidence details: {'trend': 10, 'momentum': 5, 'volume': 0, 'volatility': 0, 'patterns': 0, 'chart': 0}
2026-02-25 18:03:19,654 - crypto_bot - INFO - DOT/USDT:USDT | Confidence reasons: {'trend': ['Цена выше EMA200 (+10)', 'ADX = 20.0'], 'momentum': ['RSI перекуплен (90.6) (+5)'], 'volume': ['Объём ниже среднего'], 'volatility': ['Волатильность нормальная'], 'patterns': [], 'chart': []}
2026-02-25 18:03:19,655 - crypto_bot - INFO - DOT/USDT:USDT | Confidence 3.5 < 6, пропускаем
2026-02-25 18:11:00,319 - crypto_bot - INFO - ENV PATH: C:\Users\user\Desktop\crypto_bot\.env
2026-02-25 18:11:00,319 - crypto_bot - INFO - TOKEN FROM ENV: 8754768915:AAENY_esFdhvfJpl7xUX2Ig35e6TKXAdut0
2026-02-25 18:11:01,155 - crypto_bot - INFO - 🚀 Trading Engine запущен (структурные уровни)
2026-02-25 18:11:05,680 - crypto_bot - INFO - 📊 Обновлён список топ-15 монет: ['BTC/USDT:USDT', 'ETH/USDT:USDT', 'SOL/USDT:USDT', 'XRP/USDT:USDT', 'ENSO/USDT:USDT', 'ESP/USDT:USDT', 'DOGE/USDT:USDT', 'HYPE/USDT:USDT', 'POWER/USDT:USDT', '1000PEPE/USDT:USDT', 'XAUT/USDT:USDT', 'PIPPIN/USDT:USDT', 'BCH/USDT:USDT', 'ADA/USDT:USDT', 'DOT/USDT:USDT']
2026-02-25 18:11:23,290 - crypto_bot - INFO - ⚡ Активных монет после фильтра: 14
2026-02-25 18:11:23,609 - crypto_bot - INFO - ✅ Бот @Crypro000_bot успешно запущен!
2026-02-25 18:11:24,542 - crypto_bot - INFO - BTC/USDT:USDT | ATR/price = 0.0081 < 0.009, пропускаем
2026-02-25 18:11:26,210 - crypto_bot - INFO - ETH/USDT:USDT | Confidence details: {'trend': 10, 'momentum': 5, 'volume': 10, 'volatility': 0, 'patterns': 0, 'chart': 0}
2026-02-25 18:11:26,210 - crypto_bot - INFO - ETH/USDT:USDT | Confidence reasons: {'trend': ['Цена выше EMA200 (+10)', 'ADX = 20.0'], 'momentum': ['RSI перекуплен (72.2) (+5)'], 'volume': ['Объём выше среднего (+10)'], 'volatility': ['Волатильность нормальная'], 'patterns': [], 'chart': []}
2026-02-25 18:11:26,211 - crypto_bot - INFO - ETH/USDT:USDT | Confidence 5.5 < 6, пропускаем
2026-02-25 18:11:27,902 - crypto_bot - INFO - SOL/USDT:USDT | Confidence details: {'trend': 10, 'momentum': 5, 'volume': 0, 'volatility': 0, 'patterns': 0, 'chart': 0}
2026-02-25 18:11:27,902 - crypto_bot - INFO - SOL/USDT:USDT | Confidence reasons: {'trend': ['Цена выше EMA200 (+10)', 'ADX = 20.0'], 'momentum': ['RSI перекуплен (73.9) (+5)'], 'volume': ['Объём ниже среднего'], 'volatility': ['Волатильность нормальная'], 'patterns': [], 'chart': []}
2026-02-25 18:11:27,903 - crypto_bot - INFO - SOL/USDT:USDT | Confidence 3.5 < 6, пропускаем
2026-02-25 18:11:29,103 - crypto_bot - INFO - XRP/USDT:USDT | Confidence details: {'trend': 10, 'momentum': 10, 'volume': 0, 'volatility': 0, 'patterns': 0, 'chart': 0}
2026-02-25 18:11:29,103 - crypto_bot - INFO - XRP/USDT:USDT | Confidence reasons: {'trend': ['Цена выше EMA200 (+10)', 'ADX = 20.0'], 'momentum': ['RSI нейтрален (66.9) (+10)'], 'volume': ['Объём ниже среднего'], 'volatility': ['Волатильность нормальная'], 'patterns': [], 'chart': []}
2026-02-25 18:11:29,104 - crypto_bot - INFO - XRP/USDT:USDT | Confidence 4.5 < 6, пропускаем
2026-02-25 18:11:30,795 - crypto_bot - INFO - ENSO/USDT:USDT | Confidence details: {'trend': 0, 'momentum': 15, 'volume': 0, 'volatility': 0, 'patterns': 5, 'chart': 0}
2026-02-25 18:11:30,795 - crypto_bot - INFO - ENSO/USDT:USDT | Confidence reasons: {'trend': ['Цена ниже EMA200', 'ADX = 20.0'], 'momentum': ['RSI перепродан (29.5) (+15)'], 'volume': ['Объём ниже среднего'], 'volatility': ['Волатильность нормальная'], 'patterns': ['Бычье поглощение (+5)'], 'chart': []}
2026-02-25 18:11:30,795 - crypto_bot - INFO - ENSO/USDT:USDT | Confidence 3.5 < 6, пропускаем
2026-02-25 18:11:32,209 - crypto_bot - INFO - ESP/USDT:USDT | Confidence details: {'trend': 10, 'momentum': 10, 'volume': 0, 'volatility': 15, 'patterns': 0, 'chart': 0}
2026-02-25 18:11:32,209 - crypto_bot - INFO - ESP/USDT:USDT | Confidence reasons: {'trend': ['Цена выше EMA200 (+10)', 'ADX = 20.0'], 'momentum': ['RSI нейтрален (30.6) (+10)'], 'volume': ['Объём ниже среднего'], 'volatility': ['ATR сжат (возможный пробой) (+15)'], 'patterns': [], 'chart': []}
2026-02-25 18:11:32,211 - crypto_bot - INFO - ESP/USDT:USDT | RR 0.19 < 1.5, пропускаем
2026-02-25 18:11:33,481 - crypto_bot - INFO - DOGE/USDT:USDT | Confidence details: {'trend': 10, 'momentum': 5, 'volume': 20, 'volatility': 0, 'patterns': 5, 'chart': 0}
2026-02-25 18:11:33,481 - crypto_bot - INFO - DOGE/USDT:USDT | Confidence reasons: {'trend': ['Цена выше EMA200 (+10)', 'ADX = 20.0'], 'momentum': ['RSI перекуплен (82.6) (+5)'], 'volume': ['Объём выше среднего в 1.5 раз (+20)'], 'volatility': ['Волатильность нормальная'], 'patterns': ['Бычий пин-бар (+5)'], 'chart': []}
2026-02-25 18:11:33,482 - crypto_bot - INFO - DOGE/USDT:USDT | RR 0.5 < 1.5, пропускаем
2026-02-25 18:11:35,188 - crypto_bot - INFO - HYPE/USDT:USDT | Confidence details: {'trend': 10, 'momentum': 10, 'volume': 0, 'volatility': 0, 'patterns': 0, 'chart': 0}
2026-02-25 18:11:35,188 - crypto_bot - INFO - HYPE/USDT:USDT | Confidence reasons: {'trend': ['Цена выше EMA200 (+10)', 'ADX = 20.0'], 'momentum': ['RSI нейтрален (59.7) (+10)'], 'volume': ['Объём ниже среднего'], 'volatility': ['Волатильность нормальная'], 'patterns': [], 'chart': []}
2026-02-25 18:11:35,188 - crypto_bot - INFO - HYPE/USDT:USDT | Confidence 4.5 < 6, пропускаем
2026-02-25 18:11:36,848 - crypto_bot - INFO - POWER/USDT:USDT | Confidence details: {'trend': 10, 'momentum': 5, 'volume': 0, 'volatility': 0, 'patterns': 0, 'chart': 0}
2026-02-25 18:11:36,849 - crypto_bot - INFO - POWER/USDT:USDT | Confidence reasons: {'trend': ['Цена выше EMA200 (+10)', 'ADX = 20.0'], 'momentum': ['RSI перекуплен (85.2) (+5)'], 'volume': ['Объём ниже среднего'], 'volatility': ['Волатильность нормальная'], 'patterns': [], 'chart': []}
2026-02-25 18:11:36,849 - crypto_bot - INFO - POWER/USDT:USDT | Confidence 3.5 < 6, пропускаем
2026-02-25 18:11:38,146 - crypto_bot - INFO - 1000PEPE/USDT:USDT | Confidence details: {'trend': 10, 'momentum': 10, 'volume': 0, 'volatility': 0, 'patterns': 0, 'chart': 0}
2026-02-25 18:11:38,146 - crypto_bot - INFO - 1000PEPE/USDT:USDT | Confidence reasons: {'trend': ['Цена выше EMA200 (+10)', 'ADX = 20.0'], 'momentum': ['RSI нейтрален (58.0) (+10)'], 'volume': ['Объём ниже среднего'], 'volatility': ['Волатильность нормальная'], 'patterns': [], 'chart': []}
2026-02-25 18:11:38,146 - crypto_bot - INFO - 1000PEPE/USDT:USDT | Confidence 4.5 < 6, пропускаем
2026-02-25 18:11:39,552 - crypto_bot - INFO - PIPPIN/USDT:USDT | Confidence details: {'trend': 10, 'momentum': 15, 'volume': 0, 'volatility': 15, 'patterns': 0, 'chart': 0}
2026-02-25 18:11:39,552 - crypto_bot - INFO - PIPPIN/USDT:USDT | Confidence reasons: {'trend': ['Цена выше EMA200 (+10)', 'ADX = 20.0'], 'momentum': ['RSI перепродан (15.8) (+15)'], 'volume': ['Объём ниже среднего'], 'volatility': ['ATR сжат (возможный пробой) (+15)'], 'patterns': [], 'chart': []}
2026-02-25 18:11:41,146 - crypto_bot - INFO - BCH/USDT:USDT | Confidence details: {'trend': 0, 'momentum': 10, 'volume': 0, 'volatility': 0, 'patterns': 0, 'chart': 0}
2026-02-25 18:11:41,146 - crypto_bot - INFO - BCH/USDT:USDT | Confidence reasons: {'trend': ['Цена ниже EMA200', 'ADX = 20.0'], 'momentum': ['RSI нейтрален (68.6) (+10)'], 'volume': ['Объём ниже среднего'], 'volatility': ['Волатильность нормальная'], 'patterns': [], 'chart': []}
2026-02-25 18:11:41,146 - crypto_bot - INFO - BCH/USDT:USDT | Confidence 2.0 < 6, пропускаем
2026-02-25 18:11:42,873 - crypto_bot - INFO - ADA/USDT:USDT | Confidence details: {'trend': 10, 'momentum': 5, 'volume': 20, 'volatility': 0, 'patterns': 0, 'chart': 0}
2026-02-25 18:11:42,873 - crypto_bot - INFO - ADA/USDT:USDT | Confidence reasons: {'trend': ['Цена выше EMA200 (+10)', 'ADX = 20.0'], 'momentum': ['RSI перекуплен (83.1) (+5)'], 'volume': ['Объём выше среднего в 1.5 раз (+20)'], 'volatility': ['Волатильность нормальная'], 'patterns': [], 'chart': []}
2026-02-25 18:11:42,875 - crypto_bot - INFO - ADA/USDT:USDT | RR 0.47 < 1.5, пропускаем
2026-02-25 18:11:43,989 - crypto_bot - INFO - DOT/USDT:USDT | Confidence details: {'trend': 10, 'momentum': 5, 'volume': 0, 'volatility': 0, 'patterns': 0, 'chart': 0}
2026-02-25 18:11:43,990 - crypto_bot - INFO - DOT/USDT:USDT | Confidence reasons: {'trend': ['Цена выше EMA200 (+10)', 'ADX = 20.0'], 'momentum': ['RSI перекуплен (90.7) (+5)'], 'volume': ['Объём ниже среднего'], 'volatility': ['Волатильность нормальная'], 'patterns': [], 'chart': []}
2026-02-25 18:11:43,990 - crypto_bot - INFO - DOT/USDT:USDT | Confidence 3.5 < 6, пропускаем
2026-02-25 18:21:44,824 - crypto_bot - INFO - ⚡ Активных монет после фильтра: 14
2026-02-25 18:21:46,328 - crypto_bot - INFO - BTC/USDT:USDT | ATR/price = 0.0082 < 0.009, пропускаем
2026-02-25 18:21:48,235 - crypto_bot - INFO - ETH/USDT:USDT | Confidence details: {'trend': 10, 'momentum': 5, 'volume': 10, 'volatility': 0, 'patterns': 0, 'chart': 0}
2026-02-25 18:21:48,235 - crypto_bot - INFO - ETH/USDT:USDT | Confidence reasons: {'trend': ['Цена выше EMA200 (+10)', 'ADX = 20.0'], 'momentum': ['RSI перекуплен (72.3) (+5)'], 'volume': ['Объём выше среднего (+10)'], 'volatility': ['Волатильность нормальная'], 'patterns': [], 'chart': []}
2026-02-25 18:21:48,236 - crypto_bot - INFO - ETH/USDT:USDT | Confidence 5.5 < 6, пропускаем
2026-02-25 18:21:49,432 - crypto_bot - INFO - SOL/USDT:USDT | Confidence details: {'trend': 10, 'momentum': 5, 'volume': 10, 'volatility': 0, 'patterns': 0, 'chart': 0}
2026-02-25 18:21:49,432 - crypto_bot - INFO - SOL/USDT:USDT | Confidence reasons: {'trend': ['Цена выше EMA200 (+10)', 'ADX = 20.0'], 'momentum': ['RSI перекуплен (74.1) (+5)'], 'volume': ['Объём выше среднего (+10)'], 'volatility': ['Волатильность нормальная'], 'patterns': [], 'chart': []}
2026-02-25 18:21:49,433 - crypto_bot - INFO - SOL/USDT:USDT | Confidence 5.5 < 6, пропускаем
2026-02-25 18:21:51,066 - crypto_bot - INFO - XRP/USDT:USDT | Confidence details: {'trend': 10, 'momentum': 10, 'volume': 10, 'volatility': 0, 'patterns': 0, 'chart': 0}
2026-02-25 18:21:51,067 - crypto_bot - INFO - XRP/USDT:USDT | Confidence reasons: {'trend': ['Цена выше EMA200 (+10)', 'ADX = 20.0'], 'momentum': ['RSI нейтрален (69.7) (+10)'], 'volume': ['Объём выше среднего (+10)'], 'volatility': ['Волатильность нормальная'], 'patterns': [], 'chart': []}
2026-02-25 18:21:52,908 - crypto_bot - INFO - ENSO/USDT:USDT | Confidence details: {'trend': 0, 'momentum': 10, 'volume': 0, 'volatility': 0, 'patterns': 5, 'chart': 0}
2026-02-25 18:21:52,908 - crypto_bot - INFO - ENSO/USDT:USDT | Confidence reasons: {'trend': ['Цена ниже EMA200', 'ADX = 20.0'], 'momentum': ['RSI нейтрален (30.1) (+10)'], 'volume': ['Объём ниже среднего'], 'volatility': ['Волатильность нормальная'], 'patterns': ['Бычье поглощение (+5)'], 'chart': []}
2026-02-25 18:21:52,908 - crypto_bot - INFO - ENSO/USDT:USDT | Confidence 2.5 < 6, пропускаем
2026-02-25 18:21:54,282 - crypto_bot - INFO - ESP/USDT:USDT | Confidence details: {'trend': 10, 'momentum': 10, 'volume': 0, 'volatility': 15, 'patterns': 5, 'chart': 0}
2026-02-25 18:21:54,285 - crypto_bot - INFO - ESP/USDT:USDT | Confidence reasons: {'trend': ['Цена выше EMA200 (+10)', 'ADX = 20.0'], 'momentum': ['RSI нейтрален (32.5) (+10)'], 'volume': ['Объём ниже среднего'], 'volatility': ['ATR сжат (возможный пробой) (+15)'], 'patterns': ['Бычий пин-бар (+5)'], 'chart': []}
2026-02-25 18:21:55,627 - crypto_bot - INFO - DOGE/USDT:USDT | Confidence details: {'trend': 10, 'momentum': 5, 'volume': 20, 'volatility': 0, 'patterns': 0, 'chart': 0}
2026-02-25 18:21:55,627 - crypto_bot - INFO - DOGE/USDT:USDT | Confidence reasons: {'trend': ['Цена выше EMA200 (+10)', 'ADX = 20.0'], 'momentum': ['RSI перекуплен (83.8) (+5)'], 'volume': ['Объём выше среднего в 1.5 раз (+20)'], 'volatility': ['Волатильность нормальная'], 'patterns': [], 'chart': []}
2026-02-25 18:21:55,627 - crypto_bot - INFO - DOGE/USDT:USDT | Дубль сигнала LONG, пропускаем
2026-02-25 18:21:57,292 - crypto_bot - INFO - HYPE/USDT:USDT | Confidence details: {'trend': 10, 'momentum': 10, 'volume': 0, 'volatility': 0, 'patterns': 0, 'chart': 0}
2026-02-25 18:21:57,292 - crypto_bot - INFO - HYPE/USDT:USDT | Confidence reasons: {'trend': ['Цена выше EMA200 (+10)', 'ADX = 20.0'], 'momentum': ['RSI нейтрален (56.6) (+10)'], 'volume': ['Объём ниже среднего'], 'volatility': ['Волатильность нормальная'], 'patterns': [], 'chart': []}
2026-02-25 18:21:57,293 - crypto_bot - INFO - HYPE/USDT:USDT | Confidence 4.5 < 6, пропускаем
2026-02-25 18:21:58,984 - crypto_bot - INFO - POWER/USDT:USDT | Confidence details: {'trend': 10, 'momentum': 5, 'volume': 10, 'volatility': 0, 'patterns': 0, 'chart': 0}
2026-02-25 18:21:58,984 - crypto_bot - INFO - POWER/USDT:USDT | Confidence reasons: {'trend': ['Цена выше EMA200 (+10)', 'ADX = 20.0'], 'momentum': ['RSI перекуплен (84.3) (+5)'], 'volume': ['Объём выше среднего (+10)'], 'volatility': ['Волатильность нормальная'], 'patterns': [], 'chart': []}
2026-02-25 18:21:58,985 - crypto_bot - INFO - POWER/USDT:USDT | Confidence 5.5 < 6, пропускаем
2026-02-25 18:22:00,015 - crypto_bot - INFO - 1000PEPE/USDT:USDT | Confidence details: {'trend': 10, 'momentum': 10, 'volume': 0, 'volatility': 0, 'patterns': 5, 'chart': 0}
2026-02-25 18:22:00,015 - crypto_bot - INFO - 1000PEPE/USDT:USDT | Confidence reasons: {'trend': ['Цена выше EMA200 (+10)', 'ADX = 20.0'], 'momentum': ['RSI нейтрален (58.9) (+10)'], 'volume': ['Объём ниже среднего'], 'volatility': ['Волатильность нормальная'], 'patterns': ['Бычий пин-бар (+5)'], 'chart': []}
2026-02-25 18:22:00,016 - crypto_bot - INFO - 1000PEPE/USDT:USDT | Confidence 5.0 < 6, пропускаем
2026-02-25 18:22:01,517 - crypto_bot - INFO - PIPPIN/USDT:USDT | Confidence details: {'trend': 10, 'momentum': 15, 'volume': 0, 'volatility': 15, 'patterns': 0, 'chart': 0}
2026-02-25 18:22:01,517 - crypto_bot - INFO - PIPPIN/USDT:USDT | Confidence reasons: {'trend': ['Цена выше EMA200 (+10)', 'ADX = 20.0'], 'momentum': ['RSI перепродан (13.7) (+15)'], 'volume': ['Объём ниже среднего'], 'volatility': ['ATR сжат (возможный пробой) (+15)'], 'patterns': [], 'chart': []}
2026-02-25 18:22:01,518 - crypto_bot - INFO - PIPPIN/USDT:USDT | RR 0.57 < 1.5, пропускаем
2026-02-25 18:22:03,045 - crypto_bot - INFO - BCH/USDT:USDT | Confidence details: {'trend': 0, 'momentum': 10, 'volume': 0, 'volatility': 0, 'patterns': 0, 'chart': 0}
2026-02-25 18:22:03,045 - crypto_bot - INFO - BCH/USDT:USDT | Confidence reasons: {'trend': ['Цена ниже EMA200', 'ADX = 20.0'], 'momentum': ['RSI нейтрален (68.5) (+10)'], 'volume': ['Объём ниже среднего'], 'volatility': ['Волатильность нормальная'], 'patterns': [], 'chart': []}
2026-02-25 18:22:03,045 - crypto_bot - INFO - BCH/USDT:USDT | Confidence 2.0 < 6, пропускаем
2026-02-25 18:22:04,546 - crypto_bot - INFO - ADA/USDT:USDT | Confidence details: {'trend': 10, 'momentum': 5, 'volume': 20, 'volatility': 0, 'patterns': 0, 'chart': 0}
2026-02-25 18:22:04,547 - crypto_bot - INFO - ADA/USDT:USDT | Confidence reasons: {'trend': ['Цена выше EMA200 (+10)', 'ADX = 20.0'], 'momentum': ['RSI перекуплен (83.6) (+5)'], 'volume': ['Объём выше среднего в 1.5 раз (+20)'], 'volatility': ['Волатильность нормальная'], 'patterns': [], 'chart': []}
2026-02-25 18:22:04,547 - crypto_bot - INFO - ADA/USDT:USDT | Дубль сигнала LONG, пропускаем
2026-02-25 18:22:06,042 - crypto_bot - INFO - DOT/USDT:USDT | Confidence details: {'trend': 10, 'momentum': 5, 'volume': 10, 'volatility': 0, 'patterns': 0, 'chart': 0}
2026-02-25 18:22:06,043 - crypto_bot - INFO - DOT/USDT:USDT | Confidence reasons: {'trend': ['Цена выше EMA200 (+10)', 'ADX = 20.0'], 'momentum': ['RSI перекуплен (90.6) (+5)'], 'volume': ['Объём выше среднего (+10)'], 'volatility': ['Волатильность нормальная'], 'patterns': [], 'chart': []}
2026-02-25 18:22:06,043 - crypto_bot - INFO - DOT/USDT:USDT | Confidence 5.5 < 6, пропускаем
2026-02-25 18:32:06,720 - crypto_bot - INFO - ⚡ Активных монет после фильтра: 14
2026-02-25 18:32:08,352 - crypto_bot - INFO - BTC/USDT:USDT | ATR/price = 0.0081 < 0.009, пропускаем
2026-02-25 18:32:10,132 - crypto_bot - INFO - ETH/USDT:USDT | Confidence details: {'trend': 10, 'momentum': 5, 'volume': 20, 'volatility': 0, 'patterns': 0, 'chart': 0}
2026-02-25 18:32:10,133 - crypto_bot - INFO - ETH/USDT:USDT | Confidence reasons: {'trend': ['Цена выше EMA200 (+10)', 'ADX = 20.0'], 'momentum': ['RSI перекуплен (77.1) (+5)'], 'volume': ['Объём выше среднего в 1.5 раз (+20)'], 'volatility': ['Волатильность нормальная'], 'patterns': [], 'chart': []}
2026-02-25 18:32:10,134 - crypto_bot - INFO - ETH/USDT:USDT | RR 0.47 < 1.5, пропускаем
2026-02-25 18:32:11,583 - crypto_bot - INFO - SOL/USDT:USDT | Confidence details: {'trend': 10, 'momentum': 5, 'volume': 10, 'volatility': 0, 'patterns': 5, 'chart': 0}
2026-02-25 18:32:11,583 - crypto_bot - INFO - SOL/USDT:USDT | Confidence reasons: {'trend': ['Цена выше EMA200 (+10)', 'ADX = 20.0'], 'momentum': ['RSI перекуплен (78.7) (+5)'], 'volume': ['Объём выше среднего (+10)'], 'volatility': ['Волатильность нормальная'], 'patterns': ['Бычий пин-бар (+5)'], 'chart': []}
2026-02-25 18:32:11,584 - crypto_bot - INFO - SOL/USDT:USDT | RR 0.42 < 1.5, пропускаем
2026-02-25 18:32:13,202 - crypto_bot - INFO - XRP/USDT:USDT | Confidence details: {'trend': 10, 'momentum': 5, 'volume': 10, 'volatility': 0, 'patterns': 5, 'chart': 0}
2026-02-25 18:32:13,203 - crypto_bot - INFO - XRP/USDT:USDT | Confidence reasons: {'trend': ['Цена выше EMA200 (+10)', 'ADX = 20.0'], 'momentum': ['RSI перекуплен (71.9) (+5)'], 'volume': ['Объём выше среднего (+10)'], 'volatility': ['Волатильность нормальная'], 'patterns': ['Бычий пин-бар (+5)'], 'chart': []}
2026-02-25 18:32:13,204 - crypto_bot - INFO - XRP/USDT:USDT | RR 0.75 < 1.5, пропускаем
2026-02-25 18:32:14,426 - crypto_bot - INFO - ENSO/USDT:USDT | Confidence details: {'trend': 0, 'momentum': 10, 'volume': 0, 'volatility': 0, 'patterns': 5, 'chart': 0}
2026-02-25 18:32:14,426 - crypto_bot - INFO - ENSO/USDT:USDT | Confidence reasons: {'trend': ['Цена ниже EMA200', 'ADX = 20.0'], 'momentum': ['RSI нейтрален (30.6) (+10)'], 'volume': ['Объём ниже среднего'], 'volatility': ['Волатильность нормальная'], 'patterns': ['Бычье поглощение (+5)'], 'chart': []}
2026-02-25 18:32:14,427 - crypto_bot - INFO - ENSO/USDT:USDT | Confidence 2.5 < 6, пропускаем
2026-02-25 18:32:16,300 - crypto_bot - INFO - ESP/USDT:USDT | Confidence details: {'trend': 10, 'momentum': 10, 'volume': 0, 'volatility': 15, 'patterns': 0, 'chart': 0}
2026-02-25 18:32:16,300 - crypto_bot - INFO - ESP/USDT:USDT | Confidence reasons: {'trend': ['Цена выше EMA200 (+10)', 'ADX = 20.0'], 'momentum': ['RSI нейтрален (30.0) (+10)'], 'volume': ['Объём ниже среднего'], 'volatility': ['ATR сжат (возможный пробой) (+15)'], 'patterns': [], 'chart': []}
2026-02-25 18:32:16,301 - crypto_bot - INFO - ESP/USDT:USDT | RR 0.19 < 1.5, пропускаем
2026-02-25 18:32:17,392 - crypto_bot - INFO - DOGE/USDT:USDT | Confidence details: {'trend': 10, 'momentum': 5, 'volume': 20, 'volatility': 0, 'patterns': 0, 'chart': 0}
2026-02-25 18:32:17,392 - crypto_bot - INFO - DOGE/USDT:USDT | Confidence reasons: {'trend': ['Цена выше EMA200 (+10)', 'ADX = 20.0'], 'momentum': ['RSI перекуплен (83.0) (+5)'], 'volume': ['Объём выше среднего в 1.5 раз (+20)'], 'volatility': ['Волатильность нормальная'], 'patterns': [], 'chart': []}
2026-02-25 18:32:17,393 - crypto_bot - INFO - DOGE/USDT:USDT | Дубль сигнала LONG, пропускаем
2026-02-25 18:32:18,842 - crypto_bot - INFO - HYPE/USDT:USDT | Confidence details: {'trend': 10, 'momentum': 10, 'volume': 10, 'volatility': 0, 'patterns': 0, 'chart': 0}
2026-02-25 18:32:18,843 - crypto_bot - INFO - HYPE/USDT:USDT | Confidence reasons: {'trend': ['Цена выше EMA200 (+10)', 'ADX = 20.0'], 'momentum': ['RSI нейтрален (58.8) (+10)'], 'volume': ['Объём выше среднего (+10)'], 'volatility': ['Волатильность нормальная'], 'patterns': [], 'chart': []}
2026-02-25 18:32:20,449 - crypto_bot - INFO - POWER/USDT:USDT | Confidence details: {'trend': 10, 'momentum': 5, 'volume': 10, 'volatility': 0, 'patterns': 0, 'chart': 0}
2026-02-25 18:32:20,449 - crypto_bot - INFO - POWER/USDT:USDT | Confidence reasons: {'trend': ['Цена выше EMA200 (+10)', 'ADX = 20.0'], 'momentum': ['RSI перекуплен (86.0) (+5)'], 'volume': ['Объём выше среднего (+10)'], 'volatility': ['Волатильность нормальная'], 'patterns': [], 'chart': []}
2026-02-25 18:32:20,450 - crypto_bot - INFO - POWER/USDT:USDT | Confidence 5.5 < 6, пропускаем
2026-02-25 18:32:22,060 - crypto_bot - INFO - 1000PEPE/USDT:USDT | Confidence details: {'trend': 10, 'momentum': 10, 'volume': 10, 'volatility': 0, 'patterns': 5, 'chart': 0}
2026-02-25 18:32:22,061 - crypto_bot - INFO - 1000PEPE/USDT:USDT | Confidence reasons: {'trend': ['Цена выше EMA200 (+10)', 'ADX = 20.0'], 'momentum': ['RSI нейтрален (59.4) (+10)'], 'volume': ['Объём выше среднего (+10)'], 'volatility': ['Волатильность нормальная'], 'patterns': ['Бычий пин-бар (+5)'], 'chart': []}
2026-02-25 18:32:22,062 - crypto_bot - INFO - 1000PEPE/USDT:USDT | RR 0.75 < 1.5, пропускаем
2026-02-25 18:32:23,677 - crypto_bot - INFO - PIPPIN/USDT:USDT | Confidence details: {'trend': 10, 'momentum': 15, 'volume': 0, 'volatility': 15, 'patterns': 0, 'chart': 0}
2026-02-25 18:32:23,677 - crypto_bot - INFO - PIPPIN/USDT:USDT | Confidence reasons: {'trend': ['Цена выше EMA200 (+10)', 'ADX = 20.0'], 'momentum': ['RSI перепродан (13.7) (+15)'], 'volume': ['Объём ниже среднего'], 'volatility': ['ATR сжат (возможный пробой) (+15)'], 'patterns': [], 'chart': []}
2026-02-25 18:32:23,677 - crypto_bot - INFO - PIPPIN/USDT:USDT | Дубль сигнала SHORT, пропускаем
2026-02-25 18:32:25,291 - crypto_bot - INFO - BCH/USDT:USDT | Confidence details: {'trend': 0, 'momentum': 10, 'volume': 0, 'volatility': 0, 'patterns': 5, 'chart': 0}
2026-02-25 18:32:25,291 - crypto_bot - INFO - BCH/USDT:USDT | Confidence reasons: {'trend': ['Цена ниже EMA200', 'ADX = 20.0'], 'momentum': ['RSI нейтрален (67.8) (+10)'], 'volume': ['Объём ниже среднего'], 'volatility': ['Волатильность нормальная'], 'patterns': ['Бычий пин-бар (+5)'], 'chart': []}
2026-02-25 18:32:25,291 - crypto_bot - INFO - BCH/USDT:USDT | Confidence 2.5 < 6, пропускаем
2026-02-25 18:32:26,700 - crypto_bot - INFO - ADA/USDT:USDT | Confidence details: {'trend': 10, 'momentum': 5, 'volume': 20, 'volatility': 0, 'patterns': 0, 'chart': 0}
2026-02-25 18:32:26,700 - crypto_bot - INFO - ADA/USDT:USDT | Confidence reasons: {'trend': ['Цена выше EMA200 (+10)', 'ADX = 20.0'], 'momentum': ['RSI перекуплен (84.0) (+5)'], 'volume': ['Объём выше среднего в 1.5 раз (+20)'], 'volatility': ['Волатильность нормальная'], 'patterns': [], 'chart': []}
2026-02-25 18:32:26,700 - crypto_bot - INFO - ADA/USDT:USDT | Дубль сигнала LONG, пропускаем
2026-02-25 18:32:28,154 - crypto_bot - INFO - DOT/USDT:USDT | Confidence details: {'trend': 10, 'momentum': 5, 'volume': 20, 'volatility': 0, 'patterns': 0, 'chart': 0}
2026-02-25 18:32:28,154 - crypto_bot - INFO - DOT/USDT:USDT | Confidence reasons: {'trend': ['Цена выше EMA200 (+10)', 'ADX = 20.0'], 'momentum': ['RSI перекуплен (90.7) (+5)'], 'volume': ['Объём выше среднего в 1.5 раз (+20)'], 'volatility': ['Волатильность нормальная'], 'patterns': [], 'chart': []}
2026-02-25 18:32:28,155 - crypto_bot - INFO - DOT/USDT:USDT | RR 0.27 < 1.5, пропускаем
2026-02-25 18:42:29,633 - crypto_bot - INFO - ⚡ Активных монет после фильтра: 14
2026-02-25 18:42:31,231 - crypto_bot - INFO - BTC/USDT:USDT | ATR/price = 0.0083 < 0.009, пропускаем
2026-02-25 18:42:32,518 - crypto_bot - INFO - ETH/USDT:USDT | Confidence details: {'trend': 10, 'momentum': 5, 'volume': 20, 'volatility': 0, 'patterns': 0, 'chart': 0}
2026-02-25 18:42:32,518 - crypto_bot - INFO - ETH/USDT:USDT | Confidence reasons: {'trend': ['Цена выше EMA200 (+10)', 'ADX = 20.0'], 'momentum': ['RSI перекуплен (78.5) (+5)'], 'volume': ['Объём выше среднего в 1.5 раз (+20)'], 'volatility': ['Волатильность нормальная'], 'patterns': [], 'chart': []}
2026-02-25 18:42:32,519 - crypto_bot - INFO - ETH/USDT:USDT | Дубль сигнала LONG, пропускаем
2026-02-25 18:42:33,480 - crypto_bot - INFO - SOL/USDT:USDT | Confidence details: {'trend': 10, 'momentum': 5, 'volume': 20, 'volatility': 0, 'patterns': 0, 'chart': 0}
2026-02-25 18:42:33,481 - crypto_bot - INFO - SOL/USDT:USDT | Confidence reasons: {'trend': ['Цена выше EMA200 (+10)', 'ADX = 20.0'], 'momentum': ['RSI перекуплен (79.8) (+5)'], 'volume': ['Объём выше среднего в 1.5 раз (+20)'], 'volatility': ['Волатильность нормальная'], 'patterns': [], 'chart': []}
2026-02-25 18:42:33,481 - crypto_bot - INFO - SOL/USDT:USDT | Дубль сигнала LONG, пропускаем
2026-02-25 18:42:35,162 - crypto_bot - INFO - XRP/USDT:USDT | Confidence details: {'trend': 10, 'momentum': 5, 'volume': 20, 'volatility': 0, 'patterns': 5, 'chart': 0}
2026-02-25 18:42:35,163 - crypto_bot - INFO - XRP/USDT:USDT | Confidence reasons: {'trend': ['Цена выше EMA200 (+10)', 'ADX = 20.0'], 'momentum': ['RSI перекуплен (72.9) (+5)'], 'volume': ['Объём выше среднего в 1.5 раз (+20)'], 'volatility': ['Волатильность нормальная'], 'patterns': ['Бычий пин-бар (+5)'], 'chart': []}
2026-02-25 18:42:35,163 - crypto_bot - INFO - XRP/USDT:USDT | Дубль сигнала LONG, пропускаем
2026-02-25 18:42:37,078 - crypto_bot - INFO - ENSO/USDT:USDT | Confidence details: {'trend': 0, 'momentum': 10, 'volume': 10, 'volatility': 0, 'patterns': 5, 'chart': 0}
2026-02-25 18:42:37,078 - crypto_bot - INFO - ENSO/USDT:USDT | Confidence reasons: {'trend': ['Цена ниже EMA200', 'ADX = 20.0'], 'momentum': ['RSI нейтрален (31.5) (+10)'], 'volume': ['Объём выше среднего (+10)'], 'volatility': ['Волатильность нормальная'], 'patterns': ['Бычье поглощение (+5)'], 'chart': []}
2026-02-25 18:42:37,079 - crypto_bot - INFO - ENSO/USDT:USDT | Confidence 4.5 < 6, пропускаем
2026-02-25 18:42:37,991 - crypto_bot - INFO - ESP/USDT:USDT | Confidence details: {'trend': 10, 'momentum': 15, 'volume': 0, 'volatility': 15, 'patterns': 0, 'chart': 0}
2026-02-25 18:42:37,991 - crypto_bot - INFO - ESP/USDT:USDT | Confidence reasons: {'trend': ['Цена выше EMA200 (+10)', 'ADX = 20.0'], 'momentum': ['RSI перепродан (29.1) (+15)'], 'volume': ['Объём ниже среднего'], 'volatility': ['ATR сжат (возможный пробой) (+15)'], 'patterns': [], 'chart': []}
2026-02-25 18:42:37,992 - crypto_bot - INFO - ESP/USDT:USDT | Дубль сигнала SHORT, пропускаем
2026-02-25 18:42:39,474 - crypto_bot - INFO - DOGE/USDT:USDT | Confidence details: {'trend': 10, 'momentum': 5, 'volume': 20, 'volatility': 0, 'patterns': 0, 'chart': 0}
2026-02-25 18:42:39,474 - crypto_bot - INFO - DOGE/USDT:USDT | Confidence reasons: {'trend': ['Цена выше EMA200 (+10)', 'ADX = 20.0'], 'momentum': ['RSI перекуплен (83.9) (+5)'], 'volume': ['Объём выше среднего в 1.5 раз (+20)'], 'volatility': ['Волатильность нормальная'], 'patterns': [], 'chart': []}
2026-02-25 18:42:39,475 - crypto_bot - INFO - DOGE/USDT:USDT | Дубль сигнала LONG, пропускаем
2026-02-25 18:42:41,219 - crypto_bot - INFO - HYPE/USDT:USDT | Confidence details: {'trend': 10, 'momentum': 10, 'volume': 20, 'volatility': 0, 'patterns': 0, 'chart': 0}
2026-02-25 18:42:41,220 - crypto_bot - INFO - HYPE/USDT:USDT | Confidence reasons: {'trend': ['Цена выше EMA200 (+10)', 'ADX = 20.0'], 'momentum': ['RSI нейтрален (56.4) (+10)'], 'volume': ['Объём выше среднего в 1.5 раз (+20)'], 'volatility': ['Волатильность нормальная'], 'patterns': [], 'chart': []}
2026-02-25 18:42:41,220 - crypto_bot - INFO - HYPE/USDT:USDT | Дубль сигнала SHORT, пропускаем
2026-02-25 18:42:42,681 - crypto_bot - INFO - POWER/USDT:USDT | Confidence details: {'trend': 10, 'momentum': 5, 'volume': 10, 'volatility': 0, 'patterns': 0, 'chart': 0}
2026-02-25 18:42:42,681 - crypto_bot - INFO - POWER/USDT:USDT | Confidence reasons: {'trend': ['Цена выше EMA200 (+10)', 'ADX = 20.0'], 'momentum': ['RSI перекуплен (88.3) (+5)'], 'volume': ['Объём выше среднего (+10)'], 'volatility': ['Волатильность нормальная'], 'patterns': [], 'chart': []}
2026-02-25 18:42:42,682 - crypto_bot - INFO - POWER/USDT:USDT | Confidence 5.5 < 6, пропускаем
2026-02-25 18:42:44,409 - crypto_bot - INFO - 1000PEPE/USDT:USDT | Confidence details: {'trend': 10, 'momentum': 10, 'volume': 10, 'volatility': 0, 'patterns': 0, 'chart': 0}
2026-02-25 18:42:44,409 - crypto_bot - INFO - 1000PEPE/USDT:USDT | Confidence reasons: {'trend': ['Цена выше EMA200 (+10)', 'ADX = 20.0'], 'momentum': ['RSI нейтрален (61.7) (+10)'], 'volume': ['Объём выше среднего (+10)'], 'volatility': ['Волатильность нормальная'], 'patterns': [], 'chart': []}
2026-02-25 18:42:44,410 - crypto_bot - INFO - 1000PEPE/USDT:USDT | Дубль сигнала LONG, пропускаем
2026-02-25 18:42:45,871 - crypto_bot - INFO - PIPPIN/USDT:USDT | Confidence details: {'trend': 10, 'momentum': 15, 'volume': 0, 'volatility': 15, 'patterns': 0, 'chart': 0}
2026-02-25 18:42:45,872 - crypto_bot - INFO - PIPPIN/USDT:USDT | Confidence reasons: {'trend': ['Цена выше EMA200 (+10)', 'ADX = 20.0'], 'momentum': ['RSI перепродан (13.6) (+15)'], 'volume': ['Объём ниже среднего'], 'volatility': ['ATR сжат (возможный пробой) (+15)'], 'patterns': [], 'chart': []}
2026-02-25 18:42:45,872 - crypto_bot - INFO - PIPPIN/USDT:USDT | Дубль сигнала SHORT, пропускаем
2026-02-25 18:42:47,379 - crypto_bot - INFO - BCH/USDT:USDT | Confidence details: {'trend': 0, 'momentum': 10, 'volume': 0, 'volatility': 0, 'patterns': 0, 'chart': 0}
2026-02-25 18:42:47,379 - crypto_bot - INFO - BCH/USDT:USDT | Confidence reasons: {'trend': ['Цена ниже EMA200', 'ADX = 20.0'], 'momentum': ['RSI нейтрален (69.4) (+10)'], 'volume': ['Объём ниже среднего'], 'volatility': ['Волатильность нормальная'], 'patterns': [], 'chart': []}
2026-02-25 18:42:47,380 - crypto_bot - INFO - BCH/USDT:USDT | Confidence 2.0 < 6, пропускаем
2026-02-25 18:42:48,511 - crypto_bot - INFO - ADA/USDT:USDT | Confidence details: {'trend': 10, 'momentum': 5, 'volume': 20, 'volatility': 0, 'patterns': 0, 'chart': 0}
2026-02-25 18:42:48,512 - crypto_bot - INFO - ADA/USDT:USDT | Confidence reasons: {'trend': ['Цена выше EMA200 (+10)', 'ADX = 20.0'], 'momentum': ['RSI перекуплен (84.8) (+5)'], 'volume': ['Объём выше среднего в 1.5 раз (+20)'], 'volatility': ['Волатильность нормальная'], 'patterns': [], 'chart': []}
2026-02-25 18:42:48,512 - crypto_bot - INFO - ADA/USDT:USDT | Дубль сигнала LONG, пропускаем
2026-02-25 18:42:50,404 - crypto_bot - INFO - DOT/USDT:USDT | Confidence details: {'trend': 10, 'momentum': 5, 'volume': 20, 'volatility': 0, 'patterns': 0, 'chart': 0}
2026-02-25 18:42:50,404 - crypto_bot - INFO - DOT/USDT:USDT | Confidence reasons: {'trend': ['Цена выше EMA200 (+10)', 'ADX = 20.0'], 'momentum': ['RSI перекуплен (91.1) (+5)'], 'volume': ['Объём выше среднего в 1.5 раз (+20)'], 'volatility': ['Волатильность нормальная'], 'patterns': [], 'chart': []}
2026-02-25 18:42:50,404 - crypto_bot - INFO - DOT/USDT:USDT | Дубль сигнала LONG, пропускаем
2026-02-25 18:52:52,141 - crypto_bot - INFO - ⚡ Активных монет после фильтра: 14
2026-02-25 18:52:53,223 - crypto_bot - INFO - BTC/USDT:USDT | ATR/price = 0.0085 < 0.009, пропускаем
2026-02-25 18:52:54,719 - crypto_bot - INFO - ETH/USDT:USDT | Confidence details: {'trend': 10, 'momentum': 5, 'volume': 20, 'volatility': 0, 'patterns': 0, 'chart': 0}
2026-02-25 18:52:54,720 - crypto_bot - INFO - ETH/USDT:USDT | Confidence reasons: {'trend': ['Цена выше EMA200 (+10)', 'ADX = 20.0'], 'momentum': ['RSI перекуплен (78.3) (+5)'], 'volume': ['Объём выше среднего в 1.5 раз (+20)'], 'volatility': ['Волатильность нормальная'], 'patterns': [], 'chart': []}
2026-02-25 18:52:54,720 - crypto_bot - INFO - ETH/USDT:USDT | Дубль сигнала LONG, пропускаем
2026-02-25 18:52:55,869 - crypto_bot - INFO - SOL/USDT:USDT | Confidence details: {'trend': 10, 'momentum': 5, 'volume': 20, 'volatility': 0, 'patterns': 0, 'chart': 0}
2026-02-25 18:52:55,869 - crypto_bot - INFO - SOL/USDT:USDT | Confidence reasons: {'trend': ['Цена выше EMA200 (+10)', 'ADX = 20.0'], 'momentum': ['RSI перекуплен (80.1) (+5)'], 'volume': ['Объём выше среднего в 1.5 раз (+20)'], 'volatility': ['Волатильность нормальная'], 'patterns': [], 'chart': []}
2026-02-25 18:52:55,869 - crypto_bot - INFO - SOL/USDT:USDT | Дубль сигнала LONG, пропускаем
2026-02-25 18:52:57,481 - crypto_bot - INFO - XRP/USDT:USDT | Confidence details: {'trend': 10, 'momentum': 5, 'volume': 20, 'volatility': 0, 'patterns': 5, 'chart': 0}
2026-02-25 18:52:57,481 - crypto_bot - INFO - XRP/USDT:USDT | Confidence reasons: {'trend': ['Цена выше EMA200 (+10)', 'ADX = 20.0'], 'momentum': ['RSI перекуплен (73.1) (+5)'], 'volume': ['Объём выше среднего в 1.5 раз (+20)'], 'volatility': ['Волатильность нормальная'], 'patterns': ['Бычий пин-бар (+5)'], 'chart': []}
2026-02-25 18:52:57,482 - crypto_bot - INFO - XRP/USDT:USDT | Дубль сигнала LONG, пропускаем
2026-02-25 18:52:58,898 - crypto_bot - INFO - ENSO/USDT:USDT | Confidence details: {'trend': 0, 'momentum': 10, 'volume': 10, 'volatility': 0, 'patterns': 5, 'chart': 0}
2026-02-25 18:52:58,898 - crypto_bot - INFO - ENSO/USDT:USDT | Confidence reasons: {'trend': ['Цена ниже EMA200', 'ADX = 20.0'], 'momentum': ['RSI нейтрален (31.6) (+10)'], 'volume': ['Объём выше среднего (+10)'], 'volatility': ['Волатильность нормальная'], 'patterns': ['Бычье поглощение (+5)'], 'chart': []}
2026-02-25 18:52:58,898 - crypto_bot - INFO - ENSO/USDT:USDT | Confidence 4.5 < 6, пропускаем
2026-02-25 18:53:00,821 - crypto_bot - INFO - ESP/USDT:USDT | Confidence details: {'trend': 10, 'momentum': 15, 'volume': 0, 'volatility': 15, 'patterns': 0, 'chart': 0}
2026-02-25 18:53:00,821 - crypto_bot - INFO - ESP/USDT:USDT | Confidence reasons: {'trend': ['Цена выше EMA200 (+10)', 'ADX = 20.0'], 'momentum': ['RSI перепродан (29.5) (+15)'], 'volume': ['Объём ниже среднего'], 'volatility': ['ATR сжат (возможный пробой) (+15)'], 'patterns': [], 'chart': []}
2026-02-25 18:53:00,821 - crypto_bot - INFO - ESP/USDT:USDT | Дубль сигнала SHORT, пропускаем
2026-02-25 18:53:02,334 - crypto_bot - INFO - DOGE/USDT:USDT | Confidence details: {'trend': 10, 'momentum': 5, 'volume': 20, 'volatility': 0, 'patterns': 0, 'chart': 0}
2026-02-25 18:53:02,334 - crypto_bot - INFO - DOGE/USDT:USDT | Confidence reasons: {'trend': ['Цена выше EMA200 (+10)', 'ADX = 20.0'], 'momentum': ['RSI перекуплен (83.9) (+5)'], 'volume': ['Объём выше среднего в 1.5 раз (+20)'], 'volatility': ['Волатильность нормальная'], 'patterns': [], 'chart': []}
2026-02-25 18:53:02,335 - crypto_bot - INFO - DOGE/USDT:USDT | Дубль сигнала LONG, пропускаем
2026-02-25 18:53:03,559 - crypto_bot - INFO - HYPE/USDT:USDT | Confidence details: {'trend': 10, 'momentum': 10, 'volume': 20, 'volatility': 0, 'patterns': 0, 'chart': 0}
2026-02-25 18:53:03,560 - crypto_bot - INFO - HYPE/USDT:USDT | Confidence reasons: {'trend': ['Цена выше EMA200 (+10)', 'ADX = 20.0'], 'momentum': ['RSI нейтрален (58.3) (+10)'], 'volume': ['Объём выше среднего в 1.5 раз (+20)'], 'volatility': ['Волатильность нормальная'], 'patterns': [], 'chart': []}
2026-02-25 18:53:03,560 - crypto_bot - INFO - HYPE/USDT:USDT | Дубль сигнала SHORT, пропускаем
2026-02-25 18:53:05,165 - crypto_bot - INFO - POWER/USDT:USDT | Confidence details: {'trend': 10, 'momentum': 5, 'volume': 20, 'volatility': 0, 'patterns': 0, 'chart': 0}
2026-02-25 18:53:05,165 - crypto_bot - INFO - POWER/USDT:USDT | Confidence reasons: {'trend': ['Цена выше EMA200 (+10)', 'ADX = 20.0'], 'momentum': ['RSI перекуплен (85.9) (+5)'], 'volume': ['Объём выше среднего в 1.5 раз (+20)'], 'volatility': ['Волатильность нормальная'], 'patterns': [], 'chart': []}
2026-02-25 18:53:06,668 - crypto_bot - INFO - 1000PEPE/USDT:USDT | Confidence details: {'trend': 10, 'momentum': 10, 'volume': 20, 'volatility': 0, 'patterns': 0, 'chart': 0}
2026-02-25 18:53:06,668 - crypto_bot - INFO - 1000PEPE/USDT:USDT | Confidence reasons: {'trend': ['Цена выше EMA200 (+10)', 'ADX = 20.0'], 'momentum': ['RSI нейтрален (61.0) (+10)'], 'volume': ['Объём выше среднего в 1.5 раз (+20)'], 'volatility': ['Волатильность нормальная'], 'patterns': [], 'chart': []}
2026-02-25 18:53:06,669 - crypto_bot - INFO - 1000PEPE/USDT:USDT | Дубль сигнала LONG, пропускаем
2026-02-25 18:53:08,328 - crypto_bot - INFO - PIPPIN/USDT:USDT | Confidence details: {'trend': 10, 'momentum': 15, 'volume': 10, 'volatility': 15, 'patterns': 0, 'chart': 0}
2026-02-25 18:53:08,329 - crypto_bot - INFO - PIPPIN/USDT:USDT | Confidence reasons: {'trend': ['Цена выше EMA200 (+10)', 'ADX = 20.0'], 'momentum': ['RSI перепродан (12.8) (+15)'], 'volume': ['Объём выше среднего (+10)'], 'volatility': ['ATR сжат (возможный пробой) (+15)'], 'patterns': [], 'chart': []}
2026-02-25 18:53:08,329 - crypto_bot - INFO - PIPPIN/USDT:USDT | Дубль сигнала SHORT, пропускаем
2026-02-25 18:53:09,835 - crypto_bot - INFO - BCH/USDT:USDT | Confidence details: {'trend': 0, 'momentum': 10, 'volume': 10, 'volatility': 0, 'patterns': 0, 'chart': 0}
2026-02-25 18:53:09,835 - crypto_bot - INFO - BCH/USDT:USDT | Confidence reasons: {'trend': ['Цена ниже EMA200', 'ADX = 20.0'], 'momentum': ['RSI нейтрален (69.2) (+10)'], 'volume': ['Объём выше среднего (+10)'], 'volatility': ['Волатильность нормальная'], 'patterns': [], 'chart': []}
2026-02-25 18:53:09,835 - crypto_bot - INFO - BCH/USDT:USDT | Confidence 4.0 < 6, пропускаем
2026-02-25 18:53:10,864 - crypto_bot - INFO - ADA/USDT:USDT | Confidence details: {'trend': 10, 'momentum': 5, 'volume': 20, 'volatility': 0, 'patterns': 0, 'chart': 0}
2026-02-25 18:53:10,864 - crypto_bot - INFO - ADA/USDT:USDT | Confidence reasons: {'trend': ['Цена выше EMA200 (+10)', 'ADX = 20.0'], 'momentum': ['RSI перекуплен (84.8) (+5)'], 'volume': ['Объём выше среднего в 1.5 раз (+20)'], 'volatility': ['Волатильность нормальная'], 'patterns': [], 'chart': []}
2026-02-25 18:53:10,864 - crypto_bot - INFO - ADA/USDT:USDT | Дубль сигнала LONG, пропускаем
2026-02-25 18:53:12,621 - crypto_bot - INFO - DOT/USDT:USDT | Confidence details: {'trend': 10, 'momentum': 5, 'volume': 20, 'volatility': 0, 'patterns': 0, 'chart': 0}
2026-02-25 18:53:12,621 - crypto_bot - INFO - DOT/USDT:USDT | Confidence reasons: {'trend': ['Цена выше EMA200 (+10)', 'ADX = 20.0'], 'momentum': ['RSI перекуплен (91.1) (+5)'], 'volume': ['Объём выше среднего в 1.5 раз (+20)'], 'volatility': ['Волатильность нормальная'], 'patterns': [], 'chart': []}
2026-02-25 18:53:12,622 - crypto_bot - INFO - DOT/USDT:USDT | Дубль сигнала LONG, пропускаем
2026-02-25 19:03:13,746 - crypto_bot - INFO - ⚡ Активных монет после фильтра: 14
2026-02-25 19:03:14,988 - crypto_bot - INFO - BTC/USDT:USDT | ATR/price = 0.0081 < 0.009, пропускаем
2026-02-25 19:03:16,670 - crypto_bot - INFO - ETH/USDT:USDT | Confidence details: {'trend': 10, 'momentum': 5, 'volume': 0, 'volatility': 0, 'patterns': 0, 'chart': 0}
2026-02-25 19:03:16,670 - crypto_bot - INFO - ETH/USDT:USDT | Confidence reasons: {'trend': ['Цена выше EMA200 (+10)', 'ADX = 20.0'], 'momentum': ['RSI перекуплен (77.5) (+5)'], 'volume': ['Объём ниже среднего'], 'volatility': ['Волатильность нормальная'], 'patterns': [], 'chart': []}
2026-02-25 19:03:16,670 - crypto_bot - INFO - ETH/USDT:USDT | Confidence 3.5 < 6, пропускаем
2026-02-25 19:03:18,360 - crypto_bot - INFO - SOL/USDT:USDT | Confidence details: {'trend': 10, 'momentum': 5, 'volume': 0, 'volatility': 0, 'patterns': 0, 'chart': 0}
2026-02-25 19:03:18,360 - crypto_bot - INFO - SOL/USDT:USDT | Confidence reasons: {'trend': ['Цена выше EMA200 (+10)', 'ADX = 20.0'], 'momentum': ['RSI перекуплен (78.9) (+5)'], 'volume': ['Объём ниже среднего'], 'volatility': ['Волатильность нормальная'], 'patterns': [], 'chart': []}
2026-02-25 19:03:18,361 - crypto_bot - INFO - SOL/USDT:USDT | Confidence 3.5 < 6, пропускаем
2026-02-25 19:03:19,864 - crypto_bot - INFO - XRP/USDT:USDT | Confidence details: {'trend': 10, 'momentum': 5, 'volume': 0, 'volatility': 0, 'patterns': 0, 'chart': 0}
2026-02-25 19:03:19,864 - crypto_bot - INFO - XRP/USDT:USDT | Confidence reasons: {'trend': ['Цена выше EMA200 (+10)', 'ADX = 20.0'], 'momentum': ['RSI перекуплен (77.7) (+5)'], 'volume': ['Объём ниже среднего'], 'volatility': ['Волатильность нормальная'], 'patterns': [], 'chart': []}
2026-02-25 19:03:19,864 - crypto_bot - INFO - XRP/USDT:USDT | Confidence 3.5 < 6, пропускаем
2026-02-25 19:03:20,936 - crypto_bot - INFO - ENSO/USDT:USDT | Confidence details: {'trend': 0, 'momentum': 10, 'volume': 0, 'volatility': 0, 'patterns': 0, 'chart': 0}
2026-02-25 19:03:20,936 - crypto_bot - INFO - ENSO/USDT:USDT | Confidence reasons: {'trend': ['Цена ниже EMA200', 'ADX = 20.0'], 'momentum': ['RSI нейтрален (30.7) (+10)'], 'volume': ['Объём ниже среднего'], 'volatility': ['Волатильность нормальная'], 'patterns': [], 'chart': []}
2026-02-25 19:03:20,937 - crypto_bot - INFO - ENSO/USDT:USDT | Confidence 2.0 < 6, пропускаем
2026-02-25 19:03:22,459 - crypto_bot - INFO - ESP/USDT:USDT | Confidence details: {'trend': 10, 'momentum': 15, 'volume': 0, 'volatility': 15, 'patterns': 5, 'chart': 0}
2026-02-25 19:03:22,460 - crypto_bot - INFO - ESP/USDT:USDT | Confidence reasons: {'trend': ['Цена выше EMA200 (+10)', 'ADX = 20.0'], 'momentum': ['RSI перепродан (24.4) (+15)'], 'volume': ['Объём ниже среднего'], 'volatility': ['ATR сжат (возможный пробой) (+15)'], 'patterns': ['Бычий пин-бар (+5)'], 'chart': []}
2026-02-25 19:03:24,224 - crypto_bot - INFO - DOGE/USDT:USDT | Confidence details: {'trend': 10, 'momentum': 5, 'volume': 0, 'volatility': 0, 'patterns': 0, 'chart': 0}
2026-02-25 19:03:24,224 - crypto_bot - INFO - DOGE/USDT:USDT | Confidence reasons: {'trend': ['Цена выше EMA200 (+10)', 'ADX = 20.0'], 'momentum': ['RSI перекуплен (84.2) (+5)'], 'volume': ['Объём ниже среднего'], 'volatility': ['Волатильность нормальная'], 'patterns': [], 'chart': []}
2026-02-25 19:03:24,224 - crypto_bot - INFO - DOGE/USDT:USDT | Confidence 3.5 < 6, пропускаем
2026-02-25 19:03:25,756 - crypto_bot - INFO - HYPE/USDT:USDT | Confidence details: {'trend': 10, 'momentum': 10, 'volume': 0, 'volatility': 0, 'patterns': 0, 'chart': 0}
2026-02-25 19:03:25,756 - crypto_bot - INFO - HYPE/USDT:USDT | Confidence reasons: {'trend': ['Цена выше EMA200 (+10)', 'ADX = 20.0'], 'momentum': ['RSI нейтрален (57.9) (+10)'], 'volume': ['Объём ниже среднего'], 'volatility': ['Волатильность нормальная'], 'patterns': [], 'chart': []}
2026-02-25 19:03:25,757 - crypto_bot - INFO - HYPE/USDT:USDT | Confidence 4.5 < 6, пропускаем
2026-02-25 19:03:27,326 - crypto_bot - INFO - POWER/USDT:USDT | Confidence details: {'trend': 10, 'momentum': 5, 'volume': 0, 'volatility': 0, 'patterns': 0, 'chart': 0}
2026-02-25 19:03:27,326 - crypto_bot - INFO - POWER/USDT:USDT | Confidence reasons: {'trend': ['Цена выше EMA200 (+10)', 'ADX = 20.0'], 'momentum': ['RSI перекуплен (80.7) (+5)'], 'volume': ['Объём ниже среднего'], 'volatility': ['Волатильность нормальная'], 'patterns': [], 'chart': []}
2026-02-25 19:03:27,326 - crypto_bot - INFO - POWER/USDT:USDT | Confidence 3.5 < 6, пропускаем
2026-02-25 19:03:28,703 - crypto_bot - INFO - 1000PEPE/USDT:USDT | Confidence details: {'trend': 10, 'momentum': 10, 'volume': 0, 'volatility': 0, 'patterns': 0, 'chart': 0}
2026-02-25 19:03:28,703 - crypto_bot - INFO - 1000PEPE/USDT:USDT | Confidence reasons: {'trend': ['Цена выше EMA200 (+10)', 'ADX = 20.0'], 'momentum': ['RSI нейтрален (67.1) (+10)'], 'volume': ['Объём ниже среднего'], 'volatility': ['Волатильность нормальная'], 'patterns': [], 'chart': []}
2026-02-25 19:03:28,703 - crypto_bot - INFO - 1000PEPE/USDT:USDT | Confidence 4.5 < 6, пропускаем
2026-02-25 19:03:30,085 - crypto_bot - INFO - PIPPIN/USDT:USDT | Confidence details: {'trend': 10, 'momentum': 15, 'volume': 0, 'volatility': 15, 'patterns': 0, 'chart': 0}
2026-02-25 19:03:30,085 - crypto_bot - INFO - PIPPIN/USDT:USDT | Confidence reasons: {'trend': ['Цена выше EMA200 (+10)', 'ADX = 20.0'], 'momentum': ['RSI перепродан (13.8) (+15)'], 'volume': ['Объём ниже среднего'], 'volatility': ['ATR сжат (возможный пробой) (+15)'], 'patterns': [], 'chart': []}
2026-02-25 19:03:30,085 - crypto_bot - INFO - PIPPIN/USDT:USDT | Дубль сигнала SHORT, пропускаем
2026-02-25 19:03:31,566 - crypto_bot - INFO - BCH/USDT:USDT | Confidence details: {'trend': 0, 'momentum': 10, 'volume': 0, 'volatility': 0, 'patterns': 0, 'chart': 0}
2026-02-25 19:03:31,566 - crypto_bot - INFO - BCH/USDT:USDT | Confidence reasons: {'trend': ['Цена ниже EMA200', 'ADX = 20.0'], 'momentum': ['RSI нейтрален (67.4) (+10)'], 'volume': ['Объём ниже среднего'], 'volatility': ['Волатильность нормальная'], 'patterns': [], 'chart': []}
2026-02-25 19:03:31,566 - crypto_bot - INFO - BCH/USDT:USDT | Confidence 2.0 < 6, пропускаем
2026-02-25 19:03:32,965 - crypto_bot - INFO - ADA/USDT:USDT | Confidence details: {'trend': 10, 'momentum': 5, 'volume': 0, 'volatility': 0, 'patterns': 0, 'chart': 0}
2026-02-25 19:03:32,965 - crypto_bot - INFO - ADA/USDT:USDT | Confidence reasons: {'trend': ['Цена выше EMA200 (+10)', 'ADX = 20.0'], 'momentum': ['RSI перекуплен (84.4) (+5)'], 'volume': ['Объём ниже среднего'], 'volatility': ['Волатильность нормальная'], 'patterns': [], 'chart': []}
2026-02-25 19:03:32,965 - crypto_bot - INFO - ADA/USDT:USDT | Confidence 3.5 < 6, пропускаем
2026-02-25 19:03:34,499 - crypto_bot - INFO - DOT/USDT:USDT | Confidence details: {'trend': 10, 'momentum': 5, 'volume': 0, 'volatility': 0, 'patterns': 0, 'chart': 0}
2026-02-25 19:03:34,500 - crypto_bot - INFO - DOT/USDT:USDT | Confidence reasons: {'trend': ['Цена выше EMA200 (+10)', 'ADX = 20.0'], 'momentum': ['RSI перекуплен (90.8) (+5)'], 'volume': ['Объём ниже среднего'], 'volatility': ['Волатильность нормальная'], 'patterns': [], 'chart': []}
2026-02-25 19:03:34,500 - crypto_bot - INFO - DOT/USDT:USDT | Confidence 3.5 < 6, пропускаем
2026-02-25 19:11:06,477 - crypto_bot - INFO - 📊 Обновлён список топ-15 монет: ['BTC/USDT:USDT', 'ETH/USDT:USDT', 'SOL/USDT:USDT', 'XRP/USDT:USDT', 'ENSO/USDT:USDT', 'ESP/USDT:USDT', 'DOGE/USDT:USDT', 'POWER/USDT:USDT', 'HYPE/USDT:USDT', '1000PEPE/USDT:USDT', 'PIPPIN/USDT:USDT', 'XAUT/USDT:USDT', 'ADA/USDT:USDT', 'DOT/USDT:USDT', 'BCH/USDT:USDT']
2026-02-25 19:13:35,122 - crypto_bot - INFO - ⚡ Активных монет после фильтра: 14
2026-02-25 19:13:36,950 - crypto_bot - INFO - BTC/USDT:USDT | ATR/price = 0.0084 < 0.009, пропускаем
2026-02-25 19:13:38,729 - crypto_bot - INFO - ETH/USDT:USDT | Confidence details: {'trend': 10, 'momentum': 5, 'volume': 0, 'volatility': 0, 'patterns': 0, 'chart': 0}
2026-02-25 19:13:38,729 - crypto_bot - INFO - ETH/USDT:USDT | Confidence reasons: {'trend': ['Цена выше EMA200 (+10)', 'ADX = 20.0'], 'momentum': ['RSI перекуплен (78.1) (+5)'], 'volume': ['Объём ниже среднего'], 'volatility': ['Волатильность нормальная'], 'patterns': [], 'chart': []}
2026-02-25 19:13:38,729 - crypto_bot - INFO - ETH/USDT:USDT | Confidence 3.5 < 6, пропускаем
2026-02-25 19:13:40,126 - crypto_bot - INFO - SOL/USDT:USDT | Confidence details: {'trend': 10, 'momentum': 5, 'volume': 0, 'volatility': 0, 'patterns': 0, 'chart': 0}
2026-02-25 19:13:40,126 - crypto_bot - INFO - SOL/USDT:USDT | Confidence reasons: {'trend': ['Цена выше EMA200 (+10)', 'ADX = 20.0'], 'momentum': ['RSI перекуплен (79.3) (+5)'], 'volume': ['Объём ниже среднего'], 'volatility': ['Волатильность нормальная'], 'patterns': [], 'chart': []}
2026-02-25 19:13:40,126 - crypto_bot - INFO - SOL/USDT:USDT | Confidence 3.5 < 6, пропускаем
2026-02-25 19:13:41,524 - crypto_bot - INFO - XRP/USDT:USDT | Confidence details: {'trend': 10, 'momentum': 5, 'volume': 0, 'volatility': 0, 'patterns': 0, 'chart': 0}
2026-02-25 19:13:41,524 - crypto_bot - INFO - XRP/USDT:USDT | Confidence reasons: {'trend': ['Цена выше EMA200 (+10)', 'ADX = 20.0'], 'momentum': ['RSI перекуплен (78.0) (+5)'], 'volume': ['Объём ниже среднего'], 'volatility': ['Волатильность нормальная'], 'patterns': [], 'chart': []}
2026-02-25 19:13:41,525 - crypto_bot - INFO - XRP/USDT:USDT | Confidence 3.5 < 6, пропускаем
2026-02-25 19:13:43,204 - crypto_bot - INFO - ENSO/USDT:USDT | Confidence details: {'trend': 0, 'momentum': 15, 'volume': 0, 'volatility': 0, 'patterns': 0, 'chart': 0}
2026-02-25 19:13:43,204 - crypto_bot - INFO - ENSO/USDT:USDT | Confidence reasons: {'trend': ['Цена ниже EMA200', 'ADX = 20.0'], 'momentum': ['RSI перепродан (29.8) (+15)'], 'volume': ['Объём ниже среднего'], 'volatility': ['Волатильность нормальная'], 'patterns': [], 'chart': []}
2026-02-25 19:13:43,204 - crypto_bot - INFO - ENSO/USDT:USDT | Confidence 3.0 < 6, пропускаем
2026-02-25 19:13:44,393 - crypto_bot - INFO - ESP/USDT:USDT | Confidence details: {'trend': 10, 'momentum': 15, 'volume': 0, 'volatility': 15, 'patterns': 0, 'chart': 0}
2026-02-25 19:13:44,394 - crypto_bot - INFO - ESP/USDT:USDT | Confidence reasons: {'trend': ['Цена выше EMA200 (+10)', 'ADX = 20.0'], 'momentum': ['RSI перепродан (26.6) (+15)'], 'volume': ['Объём ниже среднего'], 'volatility': ['ATR сжат (возможный пробой) (+15)'], 'patterns': [], 'chart': []}
2026-02-25 19:13:44,394 - crypto_bot - INFO - ESP/USDT:USDT | Дубль сигнала LONG, пропускаем
2026-02-25 19:13:45,936 - crypto_bot - INFO - DOGE/USDT:USDT | Confidence details: {'trend': 10, 'momentum': 5, 'volume': 0, 'volatility': 0, 'patterns': 0, 'chart': 0}
2026-02-25 19:13:45,936 - crypto_bot - INFO - DOGE/USDT:USDT | Confidence reasons: {'trend': ['Цена выше EMA200 (+10)', 'ADX = 20.0'], 'momentum': ['RSI перекуплен (83.3) (+5)'], 'volume': ['Объём ниже среднего'], 'volatility': ['Волатильность нормальная'], 'patterns': [], 'chart': []}
2026-02-25 19:13:45,936 - crypto_bot - INFO - DOGE/USDT:USDT | Confidence 3.5 < 6, пропускаем
2026-02-25 19:13:47,677 - crypto_bot - INFO - POWER/USDT:USDT | Confidence details: {'trend': 10, 'momentum': 5, 'volume': 0, 'volatility': 0, 'patterns': 0, 'chart': 0}
2026-02-25 19:13:47,677 - crypto_bot - INFO - POWER/USDT:USDT | Confidence reasons: {'trend': ['Цена выше EMA200 (+10)', 'ADX = 20.0'], 'momentum': ['RSI перекуплен (82.8) (+5)'], 'volume': ['Объём ниже среднего'], 'volatility': ['Волатильность нормальная'], 'patterns': [], 'chart': []}
2026-02-25 19:13:47,678 - crypto_bot - INFO - POWER/USDT:USDT | Confidence 3.5 < 6, пропускаем
2026-02-25 19:13:48,824 - crypto_bot - INFO - HYPE/USDT:USDT | Confidence details: {'trend': 10, 'momentum': 10, 'volume': 0, 'volatility': 0, 'patterns': 5, 'chart': 0}
2026-02-25 19:13:48,825 - crypto_bot - INFO - HYPE/USDT:USDT | Confidence reasons: {'trend': ['Цена выше EMA200 (+10)', 'ADX = 20.0'], 'momentum': ['RSI нейтрален (57.6) (+10)'], 'volume': ['Объём ниже среднего'], 'volatility': ['Волатильность нормальная'], 'patterns': ['Бычий пин-бар (+5)'], 'chart': []}
2026-02-25 19:13:48,825 - crypto_bot - INFO - HYPE/USDT:USDT | Confidence 5.0 < 6, пропускаем
2026-02-25 19:13:50,429 - crypto_bot - INFO - 1000PEPE/USDT:USDT | Confidence details: {'trend': 10, 'momentum': 10, 'volume': 0, 'volatility': 0, 'patterns': 0, 'chart': 0}
2026-02-25 19:13:50,429 - crypto_bot - INFO - 1000PEPE/USDT:USDT | Confidence reasons: {'trend': ['Цена выше EMA200 (+10)', 'ADX = 20.0'], 'momentum': ['RSI нейтрален (69.1) (+10)'], 'volume': ['Объём ниже среднего'], 'volatility': ['Волатильность нормальная'], 'patterns': [], 'chart': []}
2026-02-25 19:13:50,430 - crypto_bot - INFO - 1000PEPE/USDT:USDT | Confidence 4.5 < 6, пропускаем
2026-02-25 19:13:51,798 - crypto_bot - INFO - PIPPIN/USDT:USDT | Confidence details: {'trend': 0, 'momentum': 15, 'volume': 0, 'volatility': 15, 'patterns': 0, 'chart': 0}
2026-02-25 19:13:51,798 - crypto_bot - INFO - PIPPIN/USDT:USDT | Confidence reasons: {'trend': ['Цена ниже EMA200', 'ADX = 20.0'], 'momentum': ['RSI перепродан (12.5) (+15)'], 'volume': ['Объём ниже среднего'], 'volatility': ['ATR сжат (возможный пробой) (+15)'], 'patterns': [], 'chart': []}
2026-02-25 19:13:51,798 - crypto_bot - INFO - PIPPIN/USDT:USDT | Confidence 5.2 < 6, пропускаем
2026-02-25 19:13:53,624 - crypto_bot - INFO - ADA/USDT:USDT | Confidence details: {'trend': 10, 'momentum': 5, 'volume': 10, 'volatility': 0, 'patterns': 0, 'chart': 0}
2026-02-25 19:13:53,624 - crypto_bot - INFO - ADA/USDT:USDT | Confidence reasons: {'trend': ['Цена выше EMA200 (+10)', 'ADX = 20.0'], 'momentum': ['RSI перекуплен (85.6) (+5)'], 'volume': ['Объём выше среднего (+10)'], 'volatility': ['Волатильность нормальная'], 'patterns': [], 'chart': []}
2026-02-25 19:13:53,624 - crypto_bot - INFO - ADA/USDT:USDT | Confidence 5.5 < 6, пропускаем
2026-02-25 19:13:54,788 - crypto_bot - INFO - DOT/USDT:USDT | Confidence details: {'trend': 10, 'momentum': 5, 'volume': 0, 'volatility': 0, 'patterns': 0, 'chart': 0}
2026-02-25 19:13:54,788 - crypto_bot - INFO - DOT/USDT:USDT | Confidence reasons: {'trend': ['Цена выше EMA200 (+10)', 'ADX = 20.0'], 'momentum': ['RSI перекуплен (90.9) (+5)'], 'volume': ['Объём ниже среднего'], 'volatility': ['Волатильность нормальная'], 'patterns': [], 'chart': []}
2026-02-25 19:13:54,789 - crypto_bot - INFO - DOT/USDT:USDT | Confidence 3.5 < 6, пропускаем
2026-02-25 19:13:56,646 - crypto_bot - INFO - BCH/USDT:USDT | Confidence details: {'trend': 0, 'momentum': 10, 'volume': 0, 'volatility': 0, 'patterns': 0, 'chart': 0}
2026-02-25 19:13:56,647 - crypto_bot - INFO - BCH/USDT:USDT | Confidence reasons: {'trend': ['Цена ниже EMA200', 'ADX = 20.0'], 'momentum': ['RSI нейтрален (64.6) (+10)'], 'volume': ['Объём ниже среднего'], 'volatility': ['Волатильность нормальная'], 'patterns': [], 'chart': []}
2026-02-25 19:13:56,647 - crypto_bot - INFO - BCH/USDT:USDT | Confidence 2.0 < 6, пропускаем
2026-02-25 19:23:57,291 - crypto_bot - INFO - ⚡ Активных монет после фильтра: 14
2026-02-25 19:23:59,355 - crypto_bot - INFO - BTC/USDT:USDT | ATR/price = 0.0086 < 0.009, пропускаем
2026-02-25 19:24:00,442 - crypto_bot - INFO - ETH/USDT:USDT | Confidence details: {'trend': 10, 'momentum': 5, 'volume': 0, 'volatility': 0, 'patterns': 0, 'chart': 0}
2026-02-25 19:24:00,442 - crypto_bot - INFO - ETH/USDT:USDT | Confidence reasons: {'trend': ['Цена выше EMA200 (+10)', 'ADX = 20.0'], 'momentum': ['RSI перекуплен (79.9) (+5)'], 'volume': ['Объём ниже среднего'], 'volatility': ['Волатильность нормальная'], 'patterns': [], 'chart': []}
2026-02-25 19:24:00,443 - crypto_bot - INFO - ETH/USDT:USDT | Confidence 3.5 < 6, пропускаем
2026-02-25 19:24:01,992 - crypto_bot - INFO - SOL/USDT:USDT | Confidence details: {'trend': 10, 'momentum': 5, 'volume': 0, 'volatility': 0, 'patterns': 0, 'chart': 0}
2026-02-25 19:24:01,993 - crypto_bot - INFO - SOL/USDT:USDT | Confidence reasons: {'trend': ['Цена выше EMA200 (+10)', 'ADX = 20.0'], 'momentum': ['RSI перекуплен (81.8) (+5)'], 'volume': ['Объём ниже среднего'], 'volatility': ['Волатильность нормальная'], 'patterns': [], 'chart': []}
2026-02-25 19:24:01,993 - crypto_bot - INFO - SOL/USDT:USDT | Confidence 3.5 < 6, пропускаем
2026-02-25 19:24:03,838 - crypto_bot - INFO - XRP/USDT:USDT | Confidence details: {'trend': 10, 'momentum': 5, 'volume': 0, 'volatility': 0, 'patterns': 0, 'chart': 0}
2026-02-25 19:24:03,838 - crypto_bot - INFO - XRP/USDT:USDT | Confidence reasons: {'trend': ['Цена выше EMA200 (+10)', 'ADX = 20.0'], 'momentum': ['RSI перекуплен (78.8) (+5)'], 'volume': ['Объём ниже среднего'], 'volatility': ['Волатильность нормальная'], 'patterns': [], 'chart': []}
2026-02-25 19:24:03,838 - crypto_bot - INFO - XRP/USDT:USDT | Confidence 3.5 < 6, пропускаем
2026-02-25 19:24:04,979 - crypto_bot - INFO - ENSO/USDT:USDT | Confidence details: {'trend': 0, 'momentum': 15, 'volume': 0, 'volatility': 0, 'patterns': 0, 'chart': 0}
2026-02-25 19:24:04,979 - crypto_bot - INFO - ENSO/USDT:USDT | Confidence reasons: {'trend': ['Цена ниже EMA200', 'ADX = 20.0'], 'momentum': ['RSI перепродан (29.9) (+15)'], 'volume': ['Объём ниже среднего'], 'volatility': ['Волатильность нормальная'], 'patterns': [], 'chart': []}
2026-02-25 19:24:04,979 - crypto_bot - INFO - ENSO/USDT:USDT | Confidence 3.0 < 6, пропускаем
2026-02-25 19:24:06,764 - crypto_bot - INFO - ESP/USDT:USDT | Confidence details: {'trend': 10, 'momentum': 10, 'volume': 0, 'volatility': 15, 'patterns': 5, 'chart': 0}
2026-02-25 19:24:06,764 - crypto_bot - INFO - ESP/USDT:USDT | Confidence reasons: {'trend': ['Цена выше EMA200 (+10)', 'ADX = 20.0'], 'momentum': ['RSI нейтрален (30.7) (+10)'], 'volume': ['Объём ниже среднего'], 'volatility': ['ATR сжат (возможный пробой) (+15)'], 'patterns': ['Бычье поглощение (+5)'], 'chart': []}
2026-02-25 19:24:06,765 - crypto_bot - INFO - ESP/USDT:USDT | Дубль сигнала LONG, пропускаем
2026-02-25 19:24:08,117 - crypto_bot - INFO - DOGE/USDT:USDT | Confidence details: {'trend': 10, 'momentum': 5, 'volume': 10, 'volatility': 0, 'patterns': 5, 'chart': 0}
2026-02-25 19:24:08,117 - crypto_bot - INFO - DOGE/USDT:USDT | Confidence reasons: {'trend': ['Цена выше EMA200 (+10)', 'ADX = 20.0'], 'momentum': ['RSI перекуплен (86.0) (+5)'], 'volume': ['Объём выше среднего (+10)'], 'volatility': ['Волатильность нормальная'], 'patterns': ['Бычий пин-бар (+5)'], 'chart': []}
2026-02-25 19:24:08,117 - crypto_bot - INFO - DOGE/USDT:USDT | Дубль сигнала LONG, пропускаем
2026-02-25 19:24:09,876 - crypto_bot - INFO - POWER/USDT:USDT | Confidence details: {'trend': 10, 'momentum': 5, 'volume': 10, 'volatility': 0, 'patterns': 5, 'chart': 0}
2026-02-25 19:24:09,876 - crypto_bot - INFO - POWER/USDT:USDT | Confidence reasons: {'trend': ['Цена выше EMA200 (+10)', 'ADX = 20.0'], 'momentum': ['RSI перекуплен (87.0) (+5)'], 'volume': ['Объём выше среднего (+10)'], 'volatility': ['Волатильность нормальная'], 'patterns': ['Бычье поглощение (+5)'], 'chart': []}
2026-02-25 19:24:09,878 - crypto_bot - INFO - POWER/USDT:USDT | RR 0.17 < 1.5, пропускаем
2026-02-25 19:24:11,336 - crypto_bot - INFO - HYPE/USDT:USDT | Confidence details: {'trend': 10, 'momentum': 10, 'volume': 0, 'volatility': 0, 'patterns': 0, 'chart': 0}
2026-02-25 19:24:11,337 - crypto_bot - INFO - HYPE/USDT:USDT | Confidence reasons: {'trend': ['Цена выше EMA200 (+10)', 'ADX = 20.0'], 'momentum': ['RSI нейтрален (59.7) (+10)'], 'volume': ['Объём ниже среднего'], 'volatility': ['Волатильность нормальная'], 'patterns': [], 'chart': []}
2026-02-25 19:24:11,337 - crypto_bot - INFO - HYPE/USDT:USDT | Confidence 4.5 < 6, пропускаем
2026-02-25 19:24:12,802 - crypto_bot - INFO - 1000PEPE/USDT:USDT | Confidence details: {'trend': 10, 'momentum': 5, 'volume': 10, 'volatility': 0, 'patterns': 0, 'chart': 0}
2026-02-25 19:24:12,802 - crypto_bot - INFO - 1000PEPE/USDT:USDT | Confidence reasons: {'trend': ['Цена выше EMA200 (+10)', 'ADX = 20.0'], 'momentum': ['RSI перекуплен (71.8) (+5)'], 'volume': ['Объём выше среднего (+10)'], 'volatility': ['Волатильность нормальная'], 'patterns': [], 'chart': []}
2026-02-25 19:24:12,803 - crypto_bot - INFO - 1000PEPE/USDT:USDT | Confidence 5.5 < 6, пропускаем
2026-02-25 19:24:14,319 - crypto_bot - INFO - PIPPIN/USDT:USDT | Confidence details: {'trend': 0, 'momentum': 15, 'volume': 10, 'volatility': 15, 'patterns': 0, 'chart': 0}
2026-02-25 19:24:14,320 - crypto_bot - INFO - PIPPIN/USDT:USDT | Confidence reasons: {'trend': ['Цена ниже EMA200', 'ADX = 20.0'], 'momentum': ['RSI перепродан (11.5) (+15)'], 'volume': ['Объём выше среднего (+10)'], 'volatility': ['ATR сжат (возможный пробой) (+15)'], 'patterns': [], 'chart': []}
2026-02-25 19:24:14,320 - crypto_bot - INFO - PIPPIN/USDT:USDT | Дубль сигнала SHORT, пропускаем
2026-02-25 19:24:15,781 - crypto_bot - INFO - ADA/USDT:USDT | Confidence details: {'trend': 10, 'momentum': 5, 'volume': 20, 'volatility': 0, 'patterns': 0, 'chart': 0}
2026-02-25 19:24:15,781 - crypto_bot - INFO - ADA/USDT:USDT | Confidence reasons: {'trend': ['Цена выше EMA200 (+10)', 'ADX = 20.0'], 'momentum': ['RSI перекуплен (85.2) (+5)'], 'volume': ['Объём выше среднего в 1.5 раз (+20)'], 'volatility': ['Волатильность нормальная'], 'patterns': [], 'chart': []}
2026-02-25 19:24:15,782 - crypto_bot - INFO - ADA/USDT:USDT | Дубль сигнала LONG, пропускаем
2026-02-25 19:24:17,103 - crypto_bot - INFO - DOT/USDT:USDT | Confidence details: {'trend': 10, 'momentum': 5, 'volume': 0, 'volatility': 0, 'patterns': 0, 'chart': 0}
2026-02-25 19:24:17,103 - crypto_bot - INFO - DOT/USDT:USDT | Confidence reasons: {'trend': ['Цена выше EMA200 (+10)', 'ADX = 20.0'], 'momentum': ['RSI перекуплен (91.1) (+5)'], 'volume': ['Объём ниже среднего'], 'volatility': ['Волатильность нормальная'], 'patterns': [], 'chart': []}
2026-02-25 19:24:17,103 - crypto_bot - INFO - DOT/USDT:USDT | Confidence 3.5 < 6, пропускаем
2026-02-25 19:24:18,791 - crypto_bot - INFO - BCH/USDT:USDT | Confidence details: {'trend': 0, 'momentum': 10, 'volume': 0, 'volatility': 0, 'patterns': 0, 'chart': 0}
2026-02-25 19:24:18,791 - crypto_bot - INFO - BCH/USDT:USDT | Confidence reasons: {'trend': ['Цена ниже EMA200', 'ADX = 20.0'], 'momentum': ['RSI нейтрален (63.6) (+10)'], 'volume': ['Объём ниже среднего'], 'volatility': ['Волатильность нормальная'], 'patterns': [], 'chart': []}
2026-02-25 19:24:18,792 - crypto_bot - INFO - BCH/USDT:USDT | Confidence 2.0 < 6, пропускаем
2026-02-25 19:34:20,028 - crypto_bot - INFO - ⚡ Активных монет после фильтра: 14
2026-02-25 19:34:21,430 - crypto_bot - INFO - BTC/USDT:USDT | ATR/price = 0.0087 < 0.009, пропускаем
2026-02-25 19:34:22,804 - crypto_bot - INFO - ETH/USDT:USDT | Confidence details: {'trend': 10, 'momentum': 5, 'volume': 10, 'volatility': 0, 'patterns': 0, 'chart': 0}
2026-02-25 19:34:22,804 - crypto_bot - INFO - ETH/USDT:USDT | Confidence reasons: {'trend': ['Цена выше EMA200 (+10)', 'ADX = 20.0'], 'momentum': ['RSI перекуплен (78.9) (+5)'], 'volume': ['Объём выше среднего (+10)'], 'volatility': ['Волатильность нормальная'], 'patterns': [], 'chart': []}
2026-02-25 19:34:22,804 - crypto_bot - INFO - ETH/USDT:USDT | Confidence 5.5 < 6, пропускаем
2026-02-25 19:34:24,265 - crypto_bot - INFO - SOL/USDT:USDT | Confidence details: {'trend': 10, 'momentum': 5, 'volume': 10, 'volatility': 0, 'patterns': 0, 'chart': 0}
2026-02-25 19:34:24,266 - crypto_bot - INFO - SOL/USDT:USDT | Confidence reasons: {'trend': ['Цена выше EMA200 (+10)', 'ADX = 20.0'], 'momentum': ['RSI перекуплен (81.6) (+5)'], 'volume': ['Объём выше среднего (+10)'], 'volatility': ['Волатильность нормальная'], 'patterns': [], 'chart': []}
2026-02-25 19:34:24,266 - crypto_bot - INFO - SOL/USDT:USDT | Confidence 5.5 < 6, пропускаем
2026-02-25 19:34:25,947 - crypto_bot - INFO - XRP/USDT:USDT | Confidence details: {'trend': 10, 'momentum': 5, 'volume': 0, 'volatility': 0, 'patterns': 0, 'chart': 0}
2026-02-25 19:34:25,947 - crypto_bot - INFO - XRP/USDT:USDT | Confidence reasons: {'trend': ['Цена выше EMA200 (+10)', 'ADX = 20.0'], 'momentum': ['RSI перекуплен (77.1) (+5)'], 'volume': ['Объём ниже среднего'], 'volatility': ['Волатильность нормальная'], 'patterns': [], 'chart': []}
2026-02-25 19:34:25,948 - crypto_bot - INFO - XRP/USDT:USDT | Confidence 3.5 < 6, пропускаем
2026-02-25 19:34:27,098 - crypto_bot - INFO - ENSO/USDT:USDT | Confidence details: {'trend': 0, 'momentum': 10, 'volume': 0, 'volatility': 0, 'patterns': 0, 'chart': 0}
2026-02-25 19:34:27,098 - crypto_bot - INFO - ENSO/USDT:USDT | Confidence reasons: {'trend': ['Цена ниже EMA200', 'ADX = 20.0'], 'momentum': ['RSI нейтрален (30.3) (+10)'], 'volume': ['Объём ниже среднего'], 'volatility': ['Волатильность нормальная'], 'patterns': [], 'chart': []}
2026-02-25 19:34:27,098 - crypto_bot - INFO - ENSO/USDT:USDT | Confidence 2.0 < 6, пропускаем
2026-02-25 19:34:29,013 - crypto_bot - INFO - ESP/USDT:USDT | Confidence details: {'trend': 10, 'momentum': 15, 'volume': 0, 'volatility': 15, 'patterns': 0, 'chart': 0}
2026-02-25 19:34:29,013 - crypto_bot - INFO - ESP/USDT:USDT | Confidence reasons: {'trend': ['Цена выше EMA200 (+10)', 'ADX = 20.0'], 'momentum': ['RSI перепродан (29.4) (+15)'], 'volume': ['Объём ниже среднего'], 'volatility': ['ATR сжат (возможный пробой) (+15)'], 'patterns': [], 'chart': []}
2026-02-25 19:34:29,014 - crypto_bot - INFO - ESP/USDT:USDT | Дубль сигнала LONG, пропускаем
2026-02-25 19:34:30,273 - crypto_bot - INFO - DOGE/USDT:USDT | Confidence details: {'trend': 10, 'momentum': 5, 'volume': 20, 'volatility': 0, 'patterns': 5, 'chart': 0}
2026-02-25 19:34:30,273 - crypto_bot - INFO - DOGE/USDT:USDT | Confidence reasons: {'trend': ['Цена выше EMA200 (+10)', 'ADX = 20.0'], 'momentum': ['RSI перекуплен (85.8) (+5)'], 'volume': ['Объём выше среднего в 1.5 раз (+20)'], 'volatility': ['Волатильность нормальная'], 'patterns': ['Бычий пин-бар (+5)'], 'chart': []}
2026-02-25 19:34:30,273 - crypto_bot - INFO - DOGE/USDT:USDT | Дубль сигнала LONG, пропускаем
2026-02-25 19:34:31,779 - crypto_bot - INFO - POWER/USDT:USDT | Confidence details: {'trend': 10, 'momentum': 5, 'volume': 20, 'volatility': 0, 'patterns': 0, 'chart': 0}
2026-02-25 19:34:31,780 - crypto_bot - INFO - POWER/USDT:USDT | Confidence reasons: {'trend': ['Цена выше EMA200 (+10)', 'ADX = 20.0'], 'momentum': ['RSI перекуплен (86.7) (+5)'], 'volume': ['Объём выше среднего в 1.5 раз (+20)'], 'volatility': ['Волатильность нормальная'], 'patterns': [], 'chart': []}
2026-02-25 19:34:31,781 - crypto_bot - INFO - POWER/USDT:USDT | Дубль сигнала LONG, пропускаем
2026-02-25 19:34:33,469 - crypto_bot - INFO - HYPE/USDT:USDT | Confidence details: {'trend': 10, 'momentum': 10, 'volume': 0, 'volatility': 0, 'patterns': 0, 'chart': 0}
2026-02-25 19:34:33,469 - crypto_bot - INFO - HYPE/USDT:USDT | Confidence reasons: {'trend': ['Цена выше EMA200 (+10)', 'ADX = 20.0'], 'momentum': ['RSI нейтрален (61.1) (+10)'], 'volume': ['Объём ниже среднего'], 'volatility': ['Волатильность нормальная'], 'patterns': [], 'chart': []}
2026-02-25 19:34:33,469 - crypto_bot - INFO - HYPE/USDT:USDT | Confidence 4.5 < 6, пропускаем
2026-02-25 19:34:34,878 - crypto_bot - INFO - 1000PEPE/USDT:USDT | Confidence details: {'trend': 10, 'momentum': 5, 'volume': 20, 'volatility': 0, 'patterns': 0, 'chart': 0}
2026-02-25 19:34:34,878 - crypto_bot - INFO - 1000PEPE/USDT:USDT | Confidence reasons: {'trend': ['Цена выше EMA200 (+10)', 'ADX = 20.0'], 'momentum': ['RSI перекуплен (73.7) (+5)'], 'volume': ['Объём выше среднего в 1.5 раз (+20)'], 'volatility': ['Волатильность нормальная'], 'patterns': [], 'chart': []}
2026-02-25 19:34:34,878 - crypto_bot - INFO - 1000PEPE/USDT:USDT | Дубль сигнала LONG, пропускаем
2026-02-25 19:34:36,792 - crypto_bot - INFO - PIPPIN/USDT:USDT | Confidence details: {'trend': 10, 'momentum': 15, 'volume': 20, 'volatility': 15, 'patterns': 5, 'chart': 0}
2026-02-25 19:34:36,792 - crypto_bot - INFO - PIPPIN/USDT:USDT | Confidence reasons: {'trend': ['Цена выше EMA200 (+10)', 'ADX = 20.0'], 'momentum': ['RSI перепродан (17.8) (+15)'], 'volume': ['Объём выше среднего в 1.5 раз (+20)'], 'volatility': ['ATR сжат (возможный пробой) (+15)'], 'patterns': ['Бычий пин-бар (+5)'], 'chart': []}
2026-02-25 19:34:38,399 - crypto_bot - INFO - ADA/USDT:USDT | Confidence details: {'trend': 10, 'momentum': 5, 'volume': 20, 'volatility': 0, 'patterns': 0, 'chart': 0}
2026-02-25 19:34:38,399 - crypto_bot - INFO - ADA/USDT:USDT | Confidence reasons: {'trend': ['Цена выше EMA200 (+10)', 'ADX = 20.0'], 'momentum': ['RSI перекуплен (84.9) (+5)'], 'volume': ['Объём выше среднего в 1.5 раз (+20)'], 'volatility': ['Волатильность нормальная'], 'patterns': [], 'chart': []}
2026-02-25 19:34:38,400 - crypto_bot - INFO - ADA/USDT:USDT | Дубль сигнала LONG, пропускаем
2026-02-25 19:34:39,971 - crypto_bot - INFO - DOT/USDT:USDT | Confidence details: {'trend': 10, 'momentum': 5, 'volume': 0, 'volatility': 0, 'patterns': 0, 'chart': 0}
2026-02-25 19:34:39,971 - crypto_bot - INFO - DOT/USDT:USDT | Confidence reasons: {'trend': ['Цена выше EMA200 (+10)', 'ADX = 20.0'], 'momentum': ['RSI перекуплен (91.1) (+5)'], 'volume': ['Объём ниже среднего'], 'volatility': ['Волатильность нормальная'], 'patterns': [], 'chart': []}
2026-02-25 19:34:39,972 - crypto_bot - INFO - DOT/USDT:USDT | Confidence 3.5 < 6, пропускаем
2026-02-25 19:34:41,142 - crypto_bot - INFO - BCH/USDT:USDT | Confidence details: {'trend': 0, 'momentum': 10, 'volume': 0, 'volatility': 0, 'patterns': 0, 'chart': 0}
2026-02-25 19:34:41,142 - crypto_bot - INFO - BCH/USDT:USDT | Confidence reasons: {'trend': ['Цена ниже EMA200', 'ADX = 20.0'], 'momentum': ['RSI нейтрален (60.5) (+10)'], 'volume': ['Объём ниже среднего'], 'volatility': ['Волатильность нормальная'], 'patterns': [], 'chart': []}
2026-02-25 19:34:41,142 - crypto_bot - INFO - BCH/USDT:USDT | Confidence 2.0 < 6, пропускаем
2026-02-25 19:44:42,213 - crypto_bot - INFO - ⚡ Активных монет после фильтра: 14
2026-02-25 19:44:43,939 - crypto_bot - INFO - BTC/USDT:USDT | ATR/price = 0.0087 < 0.009, пропускаем
2026-02-25 19:44:45,336 - crypto_bot - INFO - ETH/USDT:USDT | Confidence details: {'trend': 10, 'momentum': 5, 'volume': 10, 'volatility': 0, 'patterns': 0, 'chart': 0}
2026-02-25 19:44:45,336 - crypto_bot - INFO - ETH/USDT:USDT | Confidence reasons: {'trend': ['Цена выше EMA200 (+10)', 'ADX = 20.0'], 'momentum': ['RSI перекуплен (79.7) (+5)'], 'volume': ['Объём выше среднего (+10)'], 'volatility': ['Волатильность нормальная'], 'patterns': [], 'chart': []}
2026-02-25 19:44:45,337 - crypto_bot - INFO - ETH/USDT:USDT | Confidence 5.5 < 6, пропускаем
2026-02-25 19:44:46,395 - crypto_bot - INFO - SOL/USDT:USDT | Confidence details: {'trend': 10, 'momentum': 5, 'volume': 10, 'volatility': 0, 'patterns': 0, 'chart': 0}
2026-02-25 19:44:46,395 - crypto_bot - INFO - SOL/USDT:USDT | Confidence reasons: {'trend': ['Цена выше EMA200 (+10)', 'ADX = 20.0'], 'momentum': ['RSI перекуплен (82.0) (+5)'], 'volume': ['Объём выше среднего (+10)'], 'volatility': ['Волатильность нормальная'], 'patterns': [], 'chart': []}
2026-02-25 19:44:46,395 - crypto_bot - INFO - SOL/USDT:USDT | Confidence 5.5 < 6, пропускаем
2026-02-25 19:44:48,263 - crypto_bot - INFO - XRP/USDT:USDT | Confidence details: {'trend': 10, 'momentum': 5, 'volume': 0, 'volatility': 0, 'patterns': 0, 'chart': 0}
2026-02-25 19:44:48,264 - crypto_bot - INFO - XRP/USDT:USDT | Confidence reasons: {'trend': ['Цена выше EMA200 (+10)', 'ADX = 20.0'], 'momentum': ['RSI перекуплен (77.9) (+5)'], 'volume': ['Объём ниже среднего'], 'volatility': ['Волатильность нормальная'], 'patterns': [], 'chart': []}
2026-02-25 19:44:48,264 - crypto_bot - INFO - XRP/USDT:USDT | Confidence 3.5 < 6, пропускаем
2026-02-25 19:44:49,699 - crypto_bot - INFO - ENSO/USDT:USDT | Confidence details: {'trend': 0, 'momentum': 10, 'volume': 0, 'volatility': 0, 'patterns': 0, 'chart': 0}
2026-02-25 19:44:49,699 - crypto_bot - INFO - ENSO/USDT:USDT | Confidence reasons: {'trend': ['Цена ниже EMA200', 'ADX = 20.0'], 'momentum': ['RSI нейтрален (30.2) (+10)'], 'volume': ['Объём ниже среднего'], 'volatility': ['Волатильность нормальная'], 'patterns': [], 'chart': []}
2026-02-25 19:44:49,700 - crypto_bot - INFO - ENSO/USDT:USDT | Confidence 2.0 < 6, пропускаем
2026-02-25 19:44:51,066 - crypto_bot - INFO - ESP/USDT:USDT | Confidence details: {'trend': 10, 'momentum': 15, 'volume': 0, 'volatility': 15, 'patterns': 0, 'chart': 0}
2026-02-25 19:44:51,066 - crypto_bot - INFO - ESP/USDT:USDT | Confidence reasons: {'trend': ['Цена выше EMA200 (+10)', 'ADX = 20.0'], 'momentum': ['RSI перепродан (25.9) (+15)'], 'volume': ['Объём ниже среднего'], 'volatility': ['ATR сжат (возможный пробой) (+15)'], 'patterns': [], 'chart': []}
2026-02-25 19:44:51,067 - crypto_bot - INFO - ESP/USDT:USDT | Дубль сигнала LONG, пропускаем
2026-02-25 19:44:52,697 - crypto_bot - INFO - DOGE/USDT:USDT | Confidence details: {'trend': 10, 'momentum': 5, 'volume': 20, 'volatility': 0, 'patterns': 0, 'chart': 0}
2026-02-25 19:44:52,698 - crypto_bot - INFO - DOGE/USDT:USDT | Confidence reasons: {'trend': ['Цена выше EMA200 (+10)', 'ADX = 20.0'], 'momentum': ['RSI перекуплен (86.6) (+5)'], 'volume': ['Объём выше среднего в 1.5 раз (+20)'], 'volatility': ['Волатильность нормальная'], 'patterns': [], 'chart': []}
2026-02-25 19:44:52,698 - crypto_bot - INFO - DOGE/USDT:USDT | Дубль сигнала LONG, пропускаем
2026-02-25 19:44:53,914 - crypto_bot - INFO - POWER/USDT:USDT | Confidence details: {'trend': 10, 'momentum': 5, 'volume': 20, 'volatility': 0, 'patterns': 5, 'chart': 0}
2026-02-25 19:44:53,914 - crypto_bot - INFO - POWER/USDT:USDT | Confidence reasons: {'trend': ['Цена выше EMA200 (+10)', 'ADX = 20.0'], 'momentum': ['RSI перекуплен (87.4) (+5)'], 'volume': ['Объём выше среднего в 1.5 раз (+20)'], 'volatility': ['Волатильность нормальная'], 'patterns': ['Бычье поглощение (+5)'], 'chart': []}
2026-02-25 19:44:53,914 - crypto_bot - INFO - POWER/USDT:USDT | Дубль сигнала LONG, пропускаем
2026-02-25 19:44:55,857 - crypto_bot - INFO - HYPE/USDT:USDT | Confidence details: {'trend': 10, 'momentum': 10, 'volume': 20, 'volatility': 0, 'patterns': 5, 'chart': 0}
2026-02-25 19:44:55,858 - crypto_bot - INFO - HYPE/USDT:USDT | Confidence reasons: {'trend': ['Цена выше EMA200 (+10)', 'ADX = 20.0'], 'momentum': ['RSI нейтрален (62.5) (+10)'], 'volume': ['Объём выше среднего в 1.5 раз (+20)'], 'volatility': ['Волатильность нормальная'], 'patterns': ['Бычье поглощение (+5)'], 'chart': []}
2026-02-25 19:44:55,859 - crypto_bot - INFO - HYPE/USDT:USDT | RR 0.85 < 1.5, пропускаем
2026-02-25 19:44:57,191 - crypto_bot - INFO - 1000PEPE/USDT:USDT | Confidence details: {'trend': 10, 'momentum': 5, 'volume': 20, 'volatility': 0, 'patterns': 0, 'chart': 0}
2026-02-25 19:44:57,192 - crypto_bot - INFO - 1000PEPE/USDT:USDT | Confidence reasons: {'trend': ['Цена выше EMA200 (+10)', 'ADX = 20.0'], 'momentum': ['RSI перекуплен (72.5) (+5)'], 'volume': ['Объём выше среднего в 1.5 раз (+20)'], 'volatility': ['Волатильность нормальная'], 'patterns': [], 'chart': []}
2026-02-25 19:44:57,192 - crypto_bot - INFO - 1000PEPE/USDT:USDT | Дубль сигнала LONG, пропускаем
2026-02-25 19:44:58,902 - crypto_bot - INFO - PIPPIN/USDT:USDT | Confidence details: {'trend': 10, 'momentum': 15, 'volume': 20, 'volatility': 15, 'patterns': 5, 'chart': 0}
2026-02-25 19:44:58,902 - crypto_bot - INFO - PIPPIN/USDT:USDT | Confidence reasons: {'trend': ['Цена выше EMA200 (+10)', 'ADX = 20.0'], 'momentum': ['RSI перепродан (17.4) (+15)'], 'volume': ['Объём выше среднего в 1.5 раз (+20)'], 'volatility': ['ATR сжат (возможный пробой) (+15)'], 'patterns': ['Бычий пин-бар (+5)'], 'chart': []}
2026-02-25 19:44:58,903 - crypto_bot - INFO - PIPPIN/USDT:USDT | Дубль сигнала LONG, пропускаем
2026-02-25 19:45:00,467 - crypto_bot - INFO - ADA/USDT:USDT | Confidence details: {'trend': 10, 'momentum': 5, 'volume': 20, 'volatility': 0, 'patterns': 0, 'chart': 0}
2026-02-25 19:45:00,467 - crypto_bot - INFO - ADA/USDT:USDT | Confidence reasons: {'trend': ['Цена выше EMA200 (+10)', 'ADX = 20.0'], 'momentum': ['RSI перекуплен (84.8) (+5)'], 'volume': ['Объём выше среднего в 1.5 раз (+20)'], 'volatility': ['Волатильность нормальная'], 'patterns': [], 'chart': []}
2026-02-25 19:45:00,467 - crypto_bot - INFO - ADA/USDT:USDT | Дубль сигнала LONG, пропускаем
2026-02-25 19:45:01,787 - crypto_bot - INFO - DOT/USDT:USDT | Confidence details: {'trend': 10, 'momentum': 5, 'volume': 10, 'volatility': 0, 'patterns': 0, 'chart': 0}
2026-02-25 19:45:01,787 - crypto_bot - INFO - DOT/USDT:USDT | Confidence reasons: {'trend': ['Цена выше EMA200 (+10)', 'ADX = 20.0'], 'momentum': ['RSI перекуплен (91.0) (+5)'], 'volume': ['Объём выше среднего (+10)'], 'volatility': ['Волатильность нормальная'], 'patterns': [], 'chart': []}
2026-02-25 19:45:01,789 - crypto_bot - INFO - DOT/USDT:USDT | Confidence 5.5 < 6, пропускаем
2026-02-25 19:45:02,890 - crypto_bot - INFO - BCH/USDT:USDT | Confidence details: {'trend': 0, 'momentum': 10, 'volume': 0, 'volatility': 0, 'patterns': 0, 'chart': 0}
2026-02-25 19:45:02,890 - crypto_bot - INFO - BCH/USDT:USDT | Confidence reasons: {'trend': ['Цена ниже EMA200', 'ADX = 20.0'], 'momentum': ['RSI нейтрален (61.8) (+10)'], 'volume': ['Объём ниже среднего'], 'volatility': ['Волатильность нормальная'], 'patterns': [], 'chart': []}
2026-02-25 19:45:02,890 - crypto_bot - INFO - BCH/USDT:USDT | Confidence 2.0 < 6, пропускаем
2026-02-25 19:55:03,538 - crypto_bot - INFO - ⚡ Активных монет после фильтра: 13
2026-02-25 19:55:05,515 - crypto_bot - INFO - BTC/USDT:USDT | ATR/price = 0.0087 < 0.009, пропускаем
2026-02-25 19:55:07,063 - crypto_bot - INFO - ETH/USDT:USDT | Confidence details: {'trend': 10, 'momentum': 5, 'volume': 20, 'volatility': 0, 'patterns': 0, 'chart': 0}
2026-02-25 19:55:07,063 - crypto_bot - INFO - ETH/USDT:USDT | Confidence reasons: {'trend': ['Цена выше EMA200 (+10)', 'ADX = 20.0'], 'momentum': ['RSI перекуплен (80.2) (+5)'], 'volume': ['Объём выше среднего в 1.5 раз (+20)'], 'volatility': ['Волатильность нормальная'], 'patterns': [], 'chart': []}
2026-02-25 19:55:07,064 - crypto_bot - INFO - ETH/USDT:USDT | Дубль сигнала LONG, пропускаем
2026-02-25 19:55:08,352 - crypto_bot - INFO - SOL/USDT:USDT | Confidence details: {'trend': 10, 'momentum': 5, 'volume': 20, 'volatility': 0, 'patterns': 0, 'chart': 0}
2026-02-25 19:55:08,353 - crypto_bot - INFO - SOL/USDT:USDT | Confidence reasons: {'trend': ['Цена выше EMA200 (+10)', 'ADX = 20.0'], 'momentum': ['RSI перекуплен (82.0) (+5)'], 'volume': ['Объём выше среднего в 1.5 раз (+20)'], 'volatility': ['Волатильность нормальная'], 'patterns': [], 'chart': []}
2026-02-25 19:55:08,353 - crypto_bot - INFO - SOL/USDT:USDT | Дубль сигнала LONG, пропускаем
2026-02-25 19:55:09,898 - crypto_bot - INFO - XRP/USDT:USDT | Confidence details: {'trend': 10, 'momentum': 5, 'volume': 10, 'volatility': 0, 'patterns': 0, 'chart': 0}
2026-02-25 19:55:09,898 - crypto_bot - INFO - XRP/USDT:USDT | Confidence reasons: {'trend': ['Цена выше EMA200 (+10)', 'ADX = 20.0'], 'momentum': ['RSI перекуплен (78.3) (+5)'], 'volume': ['Объём выше среднего (+10)'], 'volatility': ['Волатильность нормальная'], 'patterns': [], 'chart': []}
2026-02-25 19:55:09,898 - crypto_bot - INFO - XRP/USDT:USDT | Confidence 5.5 < 6, пропускаем
2026-02-25 19:55:11,198 - crypto_bot - INFO - ENSO/USDT:USDT | Confidence details: {'trend': 0, 'momentum': 15, 'volume': 0, 'volatility': 0, 'patterns': 0, 'chart': 0}
2026-02-25 19:55:11,199 - crypto_bot - INFO - ENSO/USDT:USDT | Confidence reasons: {'trend': ['Цена ниже EMA200', 'ADX = 20.0'], 'momentum': ['RSI перепродан (29.7) (+15)'], 'volume': ['Объём ниже среднего'], 'volatility': ['Волатильность нормальная'], 'patterns': [], 'chart': []}
2026-02-25 19:55:11,199 - crypto_bot - INFO - ENSO/USDT:USDT | Confidence 3.0 < 6, пропускаем
2026-02-25 19:55:13,029 - crypto_bot - INFO - ESP/USDT:USDT | Confidence details: {'trend': 10, 'momentum': 15, 'volume': 0, 'volatility': 15, 'patterns': 0, 'chart': 0}
2026-02-25 19:55:13,029 - crypto_bot - INFO - ESP/USDT:USDT | Confidence reasons: {'trend': ['Цена выше EMA200 (+10)', 'ADX = 20.0'], 'momentum': ['RSI перепродан (28.2) (+15)'], 'volume': ['Объём ниже среднего'], 'volatility': ['ATR сжат (возможный пробой) (+15)'], 'patterns': [], 'chart': []}
2026-02-25 19:55:13,030 - crypto_bot - INFO - ESP/USDT:USDT | Дубль сигнала LONG, пропускаем
2026-02-25 19:55:14,341 - crypto_bot - INFO - DOGE/USDT:USDT | Confidence details: {'trend': 10, 'momentum': 5, 'volume': 20, 'volatility': 0, 'patterns': 0, 'chart': 0}
2026-02-25 19:55:14,342 - crypto_bot - INFO - DOGE/USDT:USDT | Confidence reasons: {'trend': ['Цена выше EMA200 (+10)', 'ADX = 20.0'], 'momentum': ['RSI перекуплен (86.8) (+5)'], 'volume': ['Объём выше среднего в 1.5 раз (+20)'], 'volatility': ['Волатильность нормальная'], 'patterns': [], 'chart': []}
2026-02-25 19:55:14,342 - crypto_bot - INFO - DOGE/USDT:USDT | Дубль сигнала LONG, пропускаем
2026-02-25 19:55:15,724 - crypto_bot - INFO - POWER/USDT:USDT | Confidence details: {'trend': 10, 'momentum': 5, 'volume': 20, 'volatility': 0, 'patterns': 5, 'chart': 0}
2026-02-25 19:55:15,724 - crypto_bot - INFO - POWER/USDT:USDT | Confidence reasons: {'trend': ['Цена выше EMA200 (+10)', 'ADX = 20.0'], 'momentum': ['RSI перекуплен (87.5) (+5)'], 'volume': ['Объём выше среднего в 1.5 раз (+20)'], 'volatility': ['Волатильность нормальная'], 'patterns': ['Бычье поглощение (+5)'], 'chart': []}
2026-02-25 19:55:15,724 - crypto_bot - INFO - POWER/USDT:USDT | Дубль сигнала LONG, пропускаем
2026-02-25 19:55:17,550 - crypto_bot - INFO - HYPE/USDT:USDT | Confidence details: {'trend': 10, 'momentum': 10, 'volume': 20, 'volatility': 0, 'patterns': 5, 'chart': 0}
2026-02-25 19:55:17,550 - crypto_bot - INFO - HYPE/USDT:USDT | Confidence reasons: {'trend': ['Цена выше EMA200 (+10)', 'ADX = 20.0'], 'momentum': ['RSI нейтрален (63.9) (+10)'], 'volume': ['Объём выше среднего в 1.5 раз (+20)'], 'volatility': ['Волатильность нормальная'], 'patterns': ['Бычье поглощение (+5)'], 'chart': []}
2026-02-25 19:55:17,550 - crypto_bot - INFO - HYPE/USDT:USDT | Дубль сигнала LONG, пропускаем
2026-02-25 19:55:18,795 - crypto_bot - INFO - 1000PEPE/USDT:USDT | Confidence details: {'trend': 10, 'momentum': 5, 'volume': 20, 'volatility': 0, 'patterns': 0, 'chart': 0}
2026-02-25 19:55:18,796 - crypto_bot - INFO - 1000PEPE/USDT:USDT | Confidence reasons: {'trend': ['Цена выше EMA200 (+10)', 'ADX = 20.0'], 'momentum': ['RSI перекуплен (72.4) (+5)'], 'volume': ['Объём выше среднего в 1.5 раз (+20)'], 'volatility': ['Волатильность нормальная'], 'patterns': [], 'chart': []}
2026-02-25 19:55:18,796 - crypto_bot - INFO - 1000PEPE/USDT:USDT | Дубль сигнала LONG, пропускаем
2026-02-25 19:55:20,275 - crypto_bot - INFO - ADA/USDT:USDT | Confidence details: {'trend': 10, 'momentum': 5, 'volume': 20, 'volatility': 0, 'patterns': 0, 'chart': 0}
2026-02-25 19:55:20,275 - crypto_bot - INFO - ADA/USDT:USDT | Confidence reasons: {'trend': ['Цена выше EMA200 (+10)', 'ADX = 20.0'], 'momentum': ['RSI перекуплен (85.6) (+5)'], 'volume': ['Объём выше среднего в 1.5 раз (+20)'], 'volatility': ['Волатильность нормальная'], 'patterns': [], 'chart': []}
2026-02-25 19:55:20,276 - crypto_bot - INFO - ADA/USDT:USDT | Дубль сигнала LONG, пропускаем
2026-02-25 19:55:21,844 - crypto_bot - INFO - DOT/USDT:USDT | Confidence details: {'trend': 10, 'momentum': 5, 'volume': 10, 'volatility': 0, 'patterns': 0, 'chart': 0}
2026-02-25 19:55:21,844 - crypto_bot - INFO - DOT/USDT:USDT | Confidence reasons: {'trend': ['Цена выше EMA200 (+10)', 'ADX = 20.0'], 'momentum': ['RSI перекуплен (91.4) (+5)'], 'volume': ['Объём выше среднего (+10)'], 'volatility': ['Волатильность нормальная'], 'patterns': [], 'chart': []}
2026-02-25 19:55:21,844 - crypto_bot - INFO - DOT/USDT:USDT | Confidence 5.5 < 6, пропускаем
2026-02-25 19:55:23,182 - crypto_bot - INFO - BCH/USDT:USDT | Confidence details: {'trend': 0, 'momentum': 10, 'volume': 0, 'volatility': 0, 'patterns': 0, 'chart': 0}
2026-02-25 19:55:23,182 - crypto_bot - INFO - BCH/USDT:USDT | Confidence reasons: {'trend': ['Цена ниже EMA200', 'ADX = 20.0'], 'momentum': ['RSI нейтрален (61.8) (+10)'], 'volume': ['Объём ниже среднего'], 'volatility': ['Волатильность нормальная'], 'patterns': [], 'chart': []}
2026-02-25 19:55:23,182 - crypto_bot - INFO - BCH/USDT:USDT | Confidence 2.0 < 6, пропускаем
2026-02-25 20:05:25,398 - crypto_bot - INFO - ⚡ Активных монет после фильтра: 13
2026-02-25 20:05:26,204 - crypto_bot - INFO - BTC/USDT:USDT | ATR/price = 0.0086 < 0.009, пропускаем
2026-02-25 20:05:27,617 - crypto_bot - INFO - ETH/USDT:USDT | Confidence details: {'trend': 10, 'momentum': 5, 'volume': 0, 'volatility': 0, 'patterns': 0, 'chart': 0}
2026-02-25 20:05:27,618 - crypto_bot - INFO - ETH/USDT:USDT | Confidence reasons: {'trend': ['Цена выше EMA200 (+10)', 'ADX = 20.0'], 'momentum': ['RSI перекуплен (88.0) (+5)'], 'volume': ['Объём ниже среднего'], 'volatility': ['Волатильность нормальная'], 'patterns': [], 'chart': []}
2026-02-25 20:05:27,618 - crypto_bot - INFO - ETH/USDT:USDT | Confidence 3.5 < 6, пропускаем
2026-02-25 20:05:29,224 - crypto_bot - INFO - SOL/USDT:USDT | Confidence details: {'trend': 10, 'momentum': 5, 'volume': 0, 'volatility': 0, 'patterns': 0, 'chart': 0}
2026-02-25 20:05:29,224 - crypto_bot - INFO - SOL/USDT:USDT | Confidence reasons: {'trend': ['Цена выше EMA200 (+10)', 'ADX = 20.0'], 'momentum': ['RSI перекуплен (90.5) (+5)'], 'volume': ['Объём ниже среднего'], 'volatility': ['Волатильность нормальная'], 'patterns': [], 'chart': []}
2026-02-25 20:05:29,224 - crypto_bot - INFO - SOL/USDT:USDT | Confidence 3.5 < 6, пропускаем
2026-02-25 20:05:30,736 - crypto_bot - INFO - XRP/USDT:USDT | Confidence details: {'trend': 10, 'momentum': 5, 'volume': 0, 'volatility': 0, 'patterns': 0, 'chart': 0}
2026-02-25 20:05:30,736 - crypto_bot - INFO - XRP/USDT:USDT | Confidence reasons: {'trend': ['Цена выше EMA200 (+10)', 'ADX = 20.0'], 'momentum': ['RSI перекуплен (85.6) (+5)'], 'volume': ['Объём ниже среднего'], 'volatility': ['Волатильность нормальная'], 'patterns': [], 'chart': []}
2026-02-25 20:05:30,737 - crypto_bot - INFO - XRP/USDT:USDT | Confidence 3.5 < 6, пропускаем
2026-02-25 20:05:32,519 - crypto_bot - INFO - ENSO/USDT:USDT | Confidence details: {'trend': 0, 'momentum': 15, 'volume': 0, 'volatility': 0, 'patterns': 0, 'chart': 0}
2026-02-25 20:05:32,519 - crypto_bot - INFO - ENSO/USDT:USDT | Confidence reasons: {'trend': ['Цена ниже EMA200', 'ADX = 20.0'], 'momentum': ['RSI перепродан (28.4) (+15)'], 'volume': ['Объём ниже среднего'], 'volatility': ['Волатильность нормальная'], 'patterns': [], 'chart': []}
2026-02-25 20:05:32,520 - crypto_bot - INFO - ENSO/USDT:USDT | Confidence 3.0 < 6, пропускаем
2026-02-25 20:05:33,827 - crypto_bot - INFO - ESP/USDT:USDT | Confidence details: {'trend': 10, 'momentum': 10, 'volume': 0, 'volatility': 15, 'patterns': 5, 'chart': 0}
2026-02-25 20:05:33,827 - crypto_bot - INFO - ESP/USDT:USDT | Confidence reasons: {'trend': ['Цена выше EMA200 (+10)', 'ADX = 20.0'], 'momentum': ['RSI нейтрален (30.6) (+10)'], 'volume': ['Объём ниже среднего'], 'volatility': ['ATR сжат (возможный пробой) (+15)'], 'patterns': ['Бычий пин-бар (+5)'], 'chart': []}
2026-02-25 20:05:33,827 - crypto_bot - INFO - ESP/USDT:USDT | Дубль сигнала LONG, пропускаем
2026-02-25 20:05:35,301 - crypto_bot - INFO - DOGE/USDT:USDT | Confidence details: {'trend': 10, 'momentum': 5, 'volume': 0, 'volatility': 0, 'patterns': 0, 'chart': 0}
2026-02-25 20:05:35,301 - crypto_bot - INFO - DOGE/USDT:USDT | Confidence reasons: {'trend': ['Цена выше EMA200 (+10)', 'ADX = 20.0'], 'momentum': ['RSI перекуплен (93.3) (+5)'], 'volume': ['Объём ниже среднего'], 'volatility': ['Волатильность нормальная'], 'patterns': [], 'chart': []}
2026-02-25 20:05:35,301 - crypto_bot - INFO - DOGE/USDT:USDT | Confidence 3.5 < 6, пропускаем
2026-02-25 20:05:36,911 - crypto_bot - INFO - POWER/USDT:USDT | Confidence details: {'trend': 10, 'momentum': 5, 'volume': 0, 'volatility': 0, 'patterns': 0, 'chart': 0}
2026-02-25 20:05:36,911 - crypto_bot - INFO - POWER/USDT:USDT | Confidence reasons: {'trend': ['Цена выше EMA200 (+10)', 'ADX = 20.0'], 'momentum': ['RSI перекуплен (81.9) (+5)'], 'volume': ['Объём ниже среднего'], 'volatility': ['Волатильность нормальная'], 'patterns': [], 'chart': []}
2026-02-25 20:05:36,912 - crypto_bot - INFO - POWER/USDT:USDT | Confidence 3.5 < 6, пропускаем
2026-02-25 20:05:38,141 - crypto_bot - INFO - HYPE/USDT:USDT | Confidence details: {'trend': 10, 'momentum': 10, 'volume': 0, 'volatility': 0, 'patterns': 0, 'chart': 0}
2026-02-25 20:05:38,141 - crypto_bot - INFO - HYPE/USDT:USDT | Confidence reasons: {'trend': ['Цена выше EMA200 (+10)', 'ADX = 20.0'], 'momentum': ['RSI нейтрален (69.4) (+10)'], 'volume': ['Объём ниже среднего'], 'volatility': ['Волатильность нормальная'], 'patterns': [], 'chart': []}
2026-02-25 20:05:38,141 - crypto_bot - INFO - HYPE/USDT:USDT | Confidence 4.5 < 6, пропускаем
2026-02-25 20:05:40,032 - crypto_bot - INFO - 1000PEPE/USDT:USDT | Confidence details: {'trend': 10, 'momentum': 5, 'volume': 0, 'volatility': 0, 'patterns': 0, 'chart': 0}
2026-02-25 20:05:40,032 - crypto_bot - INFO - 1000PEPE/USDT:USDT | Confidence reasons: {'trend': ['Цена выше EMA200 (+10)', 'ADX = 20.0'], 'momentum': ['RSI перекуплен (79.7) (+5)'], 'volume': ['Объём ниже среднего'], 'volatility': ['Волатильность нормальная'], 'patterns': [], 'chart': []}
2026-02-25 20:05:40,033 - crypto_bot - INFO - 1000PEPE/USDT:USDT | Confidence 3.5 < 6, пропускаем
2026-02-25 20:05:41,551 - crypto_bot - INFO - ADA/USDT:USDT | Confidence details: {'trend': 10, 'momentum': 5, 'volume': 0, 'volatility': 0, 'patterns': 0, 'chart': 0}
2026-02-25 20:05:41,552 - crypto_bot - INFO - ADA/USDT:USDT | Confidence reasons: {'trend': ['Цена выше EMA200 (+10)', 'ADX = 20.0'], 'momentum': ['RSI перекуплен (92.5) (+5)'], 'volume': ['Объём ниже среднего'], 'volatility': ['Волатильность нормальная'], 'patterns': [], 'chart': []}
2026-02-25 20:05:41,552 - crypto_bot - INFO - ADA/USDT:USDT | Confidence 3.5 < 6, пропускаем
2026-02-25 20:05:42,837 - crypto_bot - INFO - DOT/USDT:USDT | Confidence details: {'trend': 10, 'momentum': 5, 'volume': 0, 'volatility': 0, 'patterns': 0, 'chart': 0}
2026-02-25 20:05:42,837 - crypto_bot - INFO - DOT/USDT:USDT | Confidence reasons: {'trend': ['Цена выше EMA200 (+10)', 'ADX = 20.0'], 'momentum': ['RSI перекуплен (90.9) (+5)'], 'volume': ['Объём ниже среднего'], 'volatility': ['Волатильность нормальная'], 'patterns': [], 'chart': []}
2026-02-25 20:05:42,838 - crypto_bot - INFO - DOT/USDT:USDT | Confidence 3.5 < 6, пропускаем
2026-02-25 20:05:44,600 - crypto_bot - INFO - BCH/USDT:USDT | Confidence details: {'trend': 0, 'momentum': 10, 'volume': 0, 'volatility': 0, 'patterns': 0, 'chart': 0}
2026-02-25 20:05:44,600 - crypto_bot - INFO - BCH/USDT:USDT | Confidence reasons: {'trend': ['Цена ниже EMA200', 'ADX = 20.0'], 'momentum': ['RSI нейтрален (64.2) (+10)'], 'volume': ['Объём ниже среднего'], 'volatility': ['Волатильность нормальная'], 'patterns': [], 'chart': []}
2026-02-25 20:05:44,601 - crypto_bot - INFO - BCH/USDT:USDT | Confidence 2.0 < 6, пропускаем
2026-02-25 20:11:07,276 - crypto_bot - INFO - 📊 Обновлён список топ-15 монет: ['BTC/USDT:USDT', 'ETH/USDT:USDT', 'SOL/USDT:USDT', 'XRP/USDT:USDT', 'ENSO/USDT:USDT', 'DOGE/USDT:USDT', 'ESP/USDT:USDT', 'POWER/USDT:USDT', 'HYPE/USDT:USDT', '1000PEPE/USDT:USDT', 'PIPPIN/USDT:USDT', 'XAUT/USDT:USDT', 'ADA/USDT:USDT', 'DOT/USDT:USDT', 'BCH/USDT:USDT']
2026-02-25 20:15:45,261 - crypto_bot - INFO - ⚡ Активных монет после фильтра: 13
2026-02-25 20:15:46,970 - crypto_bot - INFO - BTC/USDT:USDT | ATR/price = 0.0089 < 0.009, пропускаем
2026-02-25 20:15:48,593 - crypto_bot - INFO - ETH/USDT:USDT | Confidence details: {'trend': 10, 'momentum': 5, 'volume': 10, 'volatility': 0, 'patterns': 0, 'chart': 0}
2026-02-25 20:15:48,593 - crypto_bot - INFO - ETH/USDT:USDT | Confidence reasons: {'trend': ['Цена выше EMA200 (+10)', 'ADX = 20.0'], 'momentum': ['RSI перекуплен (88.3) (+5)'], 'volume': ['Объём выше среднего (+10)'], 'volatility': ['Волатильность нормальная'], 'patterns': [], 'chart': []}
2026-02-25 20:15:48,594 - crypto_bot - INFO - ETH/USDT:USDT | Confidence 5.5 < 6, пропускаем
2026-02-25 20:15:50,341 - crypto_bot - INFO - SOL/USDT:USDT | Confidence details: {'trend': 10, 'momentum': 5, 'volume': 0, 'volatility': 0, 'patterns': 0, 'chart': 0}
2026-02-25 20:15:50,341 - crypto_bot - INFO - SOL/USDT:USDT | Confidence reasons: {'trend': ['Цена выше EMA200 (+10)', 'ADX = 20.0'], 'momentum': ['RSI перекуплен (91.4) (+5)'], 'volume': ['Объём ниже среднего'], 'volatility': ['Волатильность нормальная'], 'patterns': [], 'chart': []}
2026-02-25 20:15:50,341 - crypto_bot - INFO - SOL/USDT:USDT | Confidence 3.5 < 6, пропускаем
2026-02-25 20:15:51,702 - crypto_bot - INFO - XRP/USDT:USDT | Confidence details: {'trend': 10, 'momentum': 5, 'volume': 0, 'volatility': 0, 'patterns': 0, 'chart': 0}
2026-02-25 20:15:51,702 - crypto_bot - INFO - XRP/USDT:USDT | Confidence reasons: {'trend': ['Цена выше EMA200 (+10)', 'ADX = 20.0'], 'momentum': ['RSI перекуплен (87.0) (+5)'], 'volume': ['Объём ниже среднего'], 'volatility': ['Волатильность нормальная'], 'patterns': [], 'chart': []}
2026-02-25 20:15:51,702 - crypto_bot - INFO - XRP/USDT:USDT | Confidence 3.5 < 6, пропускаем
2026-02-25 20:15:53,117 - crypto_bot - INFO - ENSO/USDT:USDT | Confidence details: {'trend': 0, 'momentum': 15, 'volume': 0, 'volatility': 0, 'patterns': 0, 'chart': 0}
2026-02-25 20:15:53,117 - crypto_bot - INFO - ENSO/USDT:USDT | Confidence reasons: {'trend': ['Цена ниже EMA200', 'ADX = 20.0'], 'momentum': ['RSI перепродан (28.4) (+15)'], 'volume': ['Объём ниже среднего'], 'volatility': ['Волатильность нормальная'], 'patterns': [], 'chart': []}
2026-02-25 20:15:53,117 - crypto_bot - INFO - ENSO/USDT:USDT | Confidence 3.0 < 6, пропускаем
2026-02-25 20:15:54,504 - crypto_bot - INFO - DOGE/USDT:USDT | Confidence details: {'trend': 10, 'momentum': 5, 'volume': 0, 'volatility': 0, 'patterns': 5, 'chart': 0}
2026-02-25 20:15:54,505 - crypto_bot - INFO - DOGE/USDT:USDT | Confidence reasons: {'trend': ['Цена выше EMA200 (+10)', 'ADX = 20.0'], 'momentum': ['RSI перекуплен (93.3) (+5)'], 'volume': ['Объём ниже среднего'], 'volatility': ['Волатильность нормальная'], 'patterns': ['Бычий пин-бар (+5)'], 'chart': []}
2026-02-25 20:15:54,505 - crypto_bot - INFO - DOGE/USDT:USDT | Confidence 4.0 < 6, пропускаем
2026-02-25 20:15:55,927 - crypto_bot - INFO - ESP/USDT:USDT | Confidence details: {'trend': 10, 'momentum': 10, 'volume': 0, 'volatility': 15, 'patterns': 0, 'chart': 0}
2026-02-25 20:15:55,927 - crypto_bot - INFO - ESP/USDT:USDT | Confidence reasons: {'trend': ['Цена выше EMA200 (+10)', 'ADX = 20.0'], 'momentum': ['RSI нейтрален (33.4) (+10)'], 'volume': ['Объём ниже среднего'], 'volatility': ['ATR сжат (возможный пробой) (+15)'], 'patterns': [], 'chart': []}
2026-02-25 20:15:55,927 - crypto_bot - INFO - ESP/USDT:USDT | Дубль сигнала LONG, пропускаем
2026-02-25 20:15:57,529 - crypto_bot - INFO - POWER/USDT:USDT | Confidence details: {'trend': 10, 'momentum': 5, 'volume': 0, 'volatility': 0, 'patterns': 0, 'chart': 0}
2026-02-25 20:15:57,530 - crypto_bot - INFO - POWER/USDT:USDT | Confidence reasons: {'trend': ['Цена выше EMA200 (+10)', 'ADX = 20.0'], 'momentum': ['RSI перекуплен (82.9) (+5)'], 'volume': ['Объём ниже среднего'], 'volatility': ['Волатильность нормальная'], 'patterns': [], 'chart': []}
2026-02-25 20:15:57,530 - crypto_bot - INFO - POWER/USDT:USDT | Confidence 3.5 < 6, пропускаем
2026-02-25 20:15:59,059 - crypto_bot - INFO - HYPE/USDT:USDT | Confidence details: {'trend': 10, 'momentum': 5, 'volume': 0, 'volatility': 0, 'patterns': 0, 'chart': 0}
2026-02-25 20:15:59,059 - crypto_bot - INFO - HYPE/USDT:USDT | Confidence reasons: {'trend': ['Цена выше EMA200 (+10)', 'ADX = 20.0'], 'momentum': ['RSI перекуплен (72.5) (+5)'], 'volume': ['Объём ниже среднего'], 'volatility': ['Волатильность нормальная'], 'patterns': [], 'chart': []}
2026-02-25 20:15:59,059 - crypto_bot - INFO - HYPE/USDT:USDT | Confidence 3.5 < 6, пропускаем
2026-02-25 20:16:00,441 - crypto_bot - INFO - 1000PEPE/USDT:USDT | Confidence details: {'trend': 10, 'momentum': 5, 'volume': 0, 'volatility': 0, 'patterns': 0, 'chart': 0}
2026-02-25 20:16:00,442 - crypto_bot - INFO - 1000PEPE/USDT:USDT | Confidence reasons: {'trend': ['Цена выше EMA200 (+10)', 'ADX = 20.0'], 'momentum': ['RSI перекуплен (80.0) (+5)'], 'volume': ['Объём ниже среднего'], 'volatility': ['Волатильность нормальная'], 'patterns': [], 'chart': []}
2026-02-25 20:16:00,442 - crypto_bot - INFO - 1000PEPE/USDT:USDT | Confidence 3.5 < 6, пропускаем
2026-02-25 20:16:01,873 - crypto_bot - INFO - ADA/USDT:USDT | Confidence details: {'trend': 10, 'momentum': 5, 'volume': 0, 'volatility': 0, 'patterns': 0, 'chart': 0}
2026-02-25 20:16:01,873 - crypto_bot - INFO - ADA/USDT:USDT | Confidence reasons: {'trend': ['Цена выше EMA200 (+10)', 'ADX = 20.0'], 'momentum': ['RSI перекуплен (92.7) (+5)'], 'volume': ['Объём ниже среднего'], 'volatility': ['Волатильность нормальная'], 'patterns': [], 'chart': []}
2026-02-25 20:16:01,873 - crypto_bot - INFO - ADA/USDT:USDT | Confidence 3.5 < 6, пропускаем
2026-02-25 20:16:03,606 - crypto_bot - INFO - DOT/USDT:USDT | Confidence details: {'trend': 10, 'momentum': 5, 'volume': 0, 'volatility': 0, 'patterns': 0, 'chart': 0}
2026-02-25 20:16:03,606 - crypto_bot - INFO - DOT/USDT:USDT | Confidence reasons: {'trend': ['Цена выше EMA200 (+10)', 'ADX = 20.0'], 'momentum': ['RSI перекуплен (91.8) (+5)'], 'volume': ['Объём ниже среднего'], 'volatility': ['Волатильность нормальная'], 'patterns': [], 'chart': []}
2026-02-25 20:16:03,606 - crypto_bot - INFO - DOT/USDT:USDT | Confidence 3.5 < 6, пропускаем
2026-02-25 20:16:05,214 - crypto_bot - INFO - BCH/USDT:USDT | Confidence details: {'trend': 0, 'momentum': 10, 'volume': 0, 'volatility': 0, 'patterns': 0, 'chart': 0}
2026-02-25 20:16:05,214 - crypto_bot - INFO - BCH/USDT:USDT | Confidence reasons: {'trend': ['Цена ниже EMA200', 'ADX = 20.0'], 'momentum': ['RSI нейтрален (64.8) (+10)'], 'volume': ['Объём ниже среднего'], 'volatility': ['Волатильность нормальная'], 'patterns': [], 'chart': []}
2026-02-25 20:16:05,214 - crypto_bot - INFO - BCH/USDT:USDT | Confidence 2.0 < 6, пропускаем
2026-02-25 20:26:05,846 - crypto_bot - INFO - ⚡ Активных монет после фильтра: 13
2026-02-25 20:26:07,925 - crypto_bot - INFO - BTC/USDT:USDT | ATR/price = 0.0089 < 0.009, пропускаем
2026-02-25 20:26:09,059 - crypto_bot - INFO - ETH/USDT:USDT | Confidence details: {'trend': 10, 'momentum': 5, 'volume': 20, 'volatility': 0, 'patterns': 0, 'chart': 0}
2026-02-25 20:26:09,059 - crypto_bot - INFO - ETH/USDT:USDT | Confidence reasons: {'trend': ['Цена выше EMA200 (+10)', 'ADX = 20.0'], 'momentum': ['RSI перекуплен (88.4) (+5)'], 'volume': ['Объём выше среднего в 1.5 раз (+20)'], 'volatility': ['Волатильность нормальная'], 'patterns': [], 'chart': []}
2026-02-25 20:26:09,059 - crypto_bot - INFO - ETH/USDT:USDT | Дубль сигнала LONG, пропускаем
2026-02-25 20:26:10,888 - crypto_bot - INFO - SOL/USDT:USDT | Confidence details: {'trend': 10, 'momentum': 5, 'volume': 10, 'volatility': 0, 'patterns': 0, 'chart': 0}
2026-02-25 20:26:10,888 - crypto_bot - INFO - SOL/USDT:USDT | Confidence reasons: {'trend': ['Цена выше EMA200 (+10)', 'ADX = 20.0'], 'momentum': ['RSI перекуплен (91.5) (+5)'], 'volume': ['Объём выше среднего (+10)'], 'volatility': ['Волатильность нормальная'], 'patterns': [], 'chart': []}
2026-02-25 20:26:10,889 - crypto_bot - INFO - SOL/USDT:USDT | Confidence 5.5 < 6, пропускаем
2026-02-25 20:26:12,148 - crypto_bot - INFO - XRP/USDT:USDT | Confidence details: {'trend': 10, 'momentum': 5, 'volume': 0, 'volatility': 0, 'patterns': 0, 'chart': 0}
2026-02-25 20:26:12,148 - crypto_bot - INFO - XRP/USDT:USDT | Confidence reasons: {'trend': ['Цена выше EMA200 (+10)', 'ADX = 20.0'], 'momentum': ['RSI перекуплен (88.4) (+5)'], 'volume': ['Объём ниже среднего'], 'volatility': ['Волатильность нормальная'], 'patterns': [], 'chart': []}
2026-02-25 20:26:12,148 - crypto_bot - INFO - XRP/USDT:USDT | Confidence 3.5 < 6, пропускаем
2026-02-25 20:26:13,811 - crypto_bot - INFO - ENSO/USDT:USDT | Confidence details: {'trend': 0, 'momentum': 15, 'volume': 0, 'volatility': 0, 'patterns': 5, 'chart': 0}
2026-02-25 20:26:13,811 - crypto_bot - INFO - ENSO/USDT:USDT | Confidence reasons: {'trend': ['Цена ниже EMA200', 'ADX = 20.0'], 'momentum': ['RSI перепродан (28.9) (+15)'], 'volume': ['Объём ниже среднего'], 'volatility': ['Волатильность нормальная'], 'patterns': ['Бычий пин-бар (+5)'], 'chart': []}
2026-02-25 20:26:13,812 - crypto_bot - INFO - ENSO/USDT:USDT | Confidence 3.5 < 6, пропускаем
2026-02-25 20:26:15,437 - crypto_bot - INFO - DOGE/USDT:USDT | Confidence details: {'trend': 10, 'momentum': 5, 'volume': 10, 'volatility': 0, 'patterns': 0, 'chart': 0}
2026-02-25 20:26:15,437 - crypto_bot - INFO - DOGE/USDT:USDT | Confidence reasons: {'trend': ['Цена выше EMA200 (+10)', 'ADX = 20.0'], 'momentum': ['RSI перекуплен (93.4) (+5)'], 'volume': ['Объём выше среднего (+10)'], 'volatility': ['Волатильность нормальная'], 'patterns': [], 'chart': []}
2026-02-25 20:26:15,437 - crypto_bot - INFO - DOGE/USDT:USDT | Confidence 5.5 < 6, пропускаем
2026-02-25 20:26:16,879 - crypto_bot - INFO - ESP/USDT:USDT | Confidence details: {'trend': 10, 'momentum': 10, 'volume': 0, 'volatility': 15, 'patterns': 0, 'chart': 0}
2026-02-25 20:26:16,879 - crypto_bot - INFO - ESP/USDT:USDT | Confidence reasons: {'trend': ['Цена выше EMA200 (+10)', 'ADX = 20.0'], 'momentum': ['RSI нейтрален (31.0) (+10)'], 'volume': ['Объём ниже среднего'], 'volatility': ['ATR сжат (возможный пробой) (+15)'], 'patterns': [], 'chart': []}
2026-02-25 20:26:16,879 - crypto_bot - INFO - ESP/USDT:USDT | Дубль сигнала LONG, пропускаем
2026-02-25 20:26:18,186 - crypto_bot - INFO - POWER/USDT:USDT | Confidence details: {'trend': 10, 'momentum': 5, 'volume': 0, 'volatility': 0, 'patterns': 0, 'chart': 0}
2026-02-25 20:26:18,186 - crypto_bot - INFO - POWER/USDT:USDT | Confidence reasons: {'trend': ['Цена выше EMA200 (+10)', 'ADX = 20.0'], 'momentum': ['RSI перекуплен (74.0) (+5)'], 'volume': ['Объём ниже среднего'], 'volatility': ['Волатильность нормальная'], 'patterns': [], 'chart': []}
2026-02-25 20:26:18,187 - crypto_bot - INFO - POWER/USDT:USDT | Confidence 3.5 < 6, пропускаем
2026-02-25 20:26:19,937 - crypto_bot - INFO - HYPE/USDT:USDT | Confidence details: {'trend': 10, 'momentum': 5, 'volume': 0, 'volatility': 0, 'patterns': 5, 'chart': 0}
2026-02-25 20:26:19,937 - crypto_bot - INFO - HYPE/USDT:USDT | Confidence reasons: {'trend': ['Цена выше EMA200 (+10)', 'ADX = 20.0'], 'momentum': ['RSI перекуплен (73.9) (+5)'], 'volume': ['Объём ниже среднего'], 'volatility': ['Волатильность нормальная'], 'patterns': ['Бычий пин-бар (+5)'], 'chart': []}
2026-02-25 20:26:19,938 - crypto_bot - INFO - HYPE/USDT:USDT | Confidence 4.0 < 6, пропускаем
2026-02-25 20:26:20,985 - crypto_bot - INFO - 1000PEPE/USDT:USDT | Confidence details: {'trend': 10, 'momentum': 5, 'volume': 10, 'volatility': 0, 'patterns': 0, 'chart': 0}
2026-02-25 20:26:20,985 - crypto_bot - INFO - 1000PEPE/USDT:USDT | Confidence reasons: {'trend': ['Цена выше EMA200 (+10)', 'ADX = 20.0'], 'momentum': ['RSI перекуплен (81.4) (+5)'], 'volume': ['Объём выше среднего (+10)'], 'volatility': ['Волатильность нормальная'], 'patterns': [], 'chart': []}
2026-02-25 20:26:20,985 - crypto_bot - INFO - 1000PEPE/USDT:USDT | Confidence 5.5 < 6, пропускаем
2026-02-25 20:26:22,761 - crypto_bot - INFO - ADA/USDT:USDT | Confidence details: {'trend': 10, 'momentum': 5, 'volume': 0, 'volatility': 0, 'patterns': 0, 'chart': 0}
2026-02-25 20:26:22,762 - crypto_bot - INFO - ADA/USDT:USDT | Confidence reasons: {'trend': ['Цена выше EMA200 (+10)', 'ADX = 20.0'], 'momentum': ['RSI перекуплен (92.7) (+5)'], 'volume': ['Объём ниже среднего'], 'volatility': ['Волатильность нормальная'], 'patterns': [], 'chart': []}
2026-02-25 20:26:22,762 - crypto_bot - INFO - ADA/USDT:USDT | Confidence 3.5 < 6, пропускаем
2026-02-25 20:26:24,285 - crypto_bot - INFO - DOT/USDT:USDT | Confidence details: {'trend': 10, 'momentum': 5, 'volume': 0, 'volatility': 0, 'patterns': 0, 'chart': 0}
2026-02-25 20:26:24,285 - crypto_bot - INFO - DOT/USDT:USDT | Confidence reasons: {'trend': ['Цена выше EMA200 (+10)', 'ADX = 20.0'], 'momentum': ['RSI перекуплен (94.3) (+5)'], 'volume': ['Объём ниже среднего'], 'volatility': ['Волатильность нормальная'], 'patterns': [], 'chart': []}
2026-02-25 20:26:24,285 - crypto_bot - INFO - DOT/USDT:USDT | Confidence 3.5 < 6, пропускаем
2026-02-25 20:26:25,822 - crypto_bot - INFO - BCH/USDT:USDT | Confidence details: {'trend': 0, 'momentum': 10, 'volume': 0, 'volatility': 0, 'patterns': 0, 'chart': 0}
2026-02-25 20:26:25,822 - crypto_bot - INFO - BCH/USDT:USDT | Confidence reasons: {'trend': ['Цена ниже EMA200', 'ADX = 20.0'], 'momentum': ['RSI нейтрален (64.9) (+10)'], 'volume': ['Объём ниже среднего'], 'volatility': ['Волатильность нормальная'], 'patterns': [], 'chart': []}
2026-02-25 20:26:25,823 - crypto_bot - INFO - BCH/USDT:USDT | Confidence 2.0 < 6, пропускаем
2026-02-25 20:36:27,243 - crypto_bot - INFO - ⚡ Активных монет после фильтра: 14
2026-02-25 20:36:28,163 - crypto_bot - INFO - BTC/USDT:USDT | ATR/price = 0.0089 < 0.009, пропускаем
2026-02-25 20:36:29,750 - crypto_bot - INFO - ETH/USDT:USDT | Confidence details: {'trend': 10, 'momentum': 5, 'volume': 20, 'volatility': 0, 'patterns': 0, 'chart': 0}
2026-02-25 20:36:29,750 - crypto_bot - INFO - ETH/USDT:USDT | Confidence reasons: {'trend': ['Цена выше EMA200 (+10)', 'ADX = 20.0'], 'momentum': ['RSI перекуплен (88.4) (+5)'], 'volume': ['Объём выше среднего в 1.5 раз (+20)'], 'volatility': ['Волатильность нормальная'], 'patterns': [], 'chart': []}
2026-02-25 20:36:29,750 - crypto_bot - INFO - ETH/USDT:USDT | Дубль сигнала LONG, пропускаем
2026-02-25 20:36:31,357 - crypto_bot - INFO - SOL/USDT:USDT | Confidence details: {'trend': 10, 'momentum': 5, 'volume': 10, 'volatility': 0, 'patterns': 0, 'chart': 0}
2026-02-25 20:36:31,357 - crypto_bot - INFO - SOL/USDT:USDT | Confidence reasons: {'trend': ['Цена выше EMA200 (+10)', 'ADX = 20.0'], 'momentum': ['RSI перекуплен (91.7) (+5)'], 'volume': ['Объём выше среднего (+10)'], 'volatility': ['Волатильность нормальная'], 'patterns': [], 'chart': []}
2026-02-25 20:36:31,357 - crypto_bot - INFO - SOL/USDT:USDT | Confidence 5.5 < 6, пропускаем
2026-02-25 20:36:32,831 - crypto_bot - INFO - XRP/USDT:USDT | Confidence details: {'trend': 10, 'momentum': 5, 'volume': 10, 'volatility': 0, 'patterns': 0, 'chart': 0}
2026-02-25 20:36:32,831 - crypto_bot - INFO - XRP/USDT:USDT | Confidence reasons: {'trend': ['Цена выше EMA200 (+10)', 'ADX = 20.0'], 'momentum': ['RSI перекуплен (87.9) (+5)'], 'volume': ['Объём выше среднего (+10)'], 'volatility': ['Волатильность нормальная'], 'patterns': [], 'chart': []}
2026-02-25 20:36:32,832 - crypto_bot - INFO - XRP/USDT:USDT | Confidence 5.5 < 6, пропускаем
2026-02-25 20:36:34,075 - crypto_bot - INFO - ENSO/USDT:USDT | Confidence details: {'trend': 0, 'momentum': 15, 'volume': 0, 'volatility': 0, 'patterns': 0, 'chart': 0}
2026-02-25 20:36:34,075 - crypto_bot - INFO - ENSO/USDT:USDT | Confidence reasons: {'trend': ['Цена ниже EMA200', 'ADX = 20.0'], 'momentum': ['RSI перепродан (28.5) (+15)'], 'volume': ['Объём ниже среднего'], 'volatility': ['Волатильность нормальная'], 'patterns': [], 'chart': []}
2026-02-25 20:36:34,075 - crypto_bot - INFO - ENSO/USDT:USDT | Confidence 3.0 < 6, пропускаем
2026-02-25 20:36:35,676 - crypto_bot - INFO - DOGE/USDT:USDT | Confidence details: {'trend': 10, 'momentum': 5, 'volume': 10, 'volatility': 0, 'patterns': 0, 'chart': 0}
2026-02-25 20:36:35,677 - crypto_bot - INFO - DOGE/USDT:USDT | Confidence reasons: {'trend': ['Цена выше EMA200 (+10)', 'ADX = 20.0'], 'momentum': ['RSI перекуплен (93.5) (+5)'], 'volume': ['Объём выше среднего (+10)'], 'volatility': ['Волатильность нормальная'], 'patterns': [], 'chart': []}
2026-02-25 20:36:35,677 - crypto_bot - INFO - DOGE/USDT:USDT | Confidence 5.5 < 6, пропускаем
2026-02-25 20:36:37,491 - crypto_bot - INFO - ESP/USDT:USDT | Confidence details: {'trend': 10, 'momentum': 10, 'volume': 0, 'volatility': 15, 'patterns': 0, 'chart': 0}
2026-02-25 20:36:37,492 - crypto_bot - INFO - ESP/USDT:USDT | Confidence reasons: {'trend': ['Цена выше EMA200 (+10)', 'ADX = 20.0'], 'momentum': ['RSI нейтрален (32.0) (+10)'], 'volume': ['Объём ниже среднего'], 'volatility': ['ATR сжат (возможный пробой) (+15)'], 'patterns': [], 'chart': []}
2026-02-25 20:36:37,492 - crypto_bot - INFO - ESP/USDT:USDT | Дубль сигнала LONG, пропускаем
2026-02-25 20:36:38,678 - crypto_bot - INFO - POWER/USDT:USDT | Confidence details: {'trend': 10, 'momentum': 5, 'volume': 10, 'volatility': 0, 'patterns': 0, 'chart': 0}
2026-02-25 20:36:38,678 - crypto_bot - INFO - POWER/USDT:USDT | Confidence reasons: {'trend': ['Цена выше EMA200 (+10)', 'ADX = 20.0'], 'momentum': ['RSI перекуплен (79.7) (+5)'], 'volume': ['Объём выше среднего (+10)'], 'volatility': ['Волатильность нормальная'], 'patterns': [], 'chart': []}
2026-02-25 20:36:38,678 - crypto_bot - INFO - POWER/USDT:USDT | Confidence 5.5 < 6, пропускаем
2026-02-25 20:36:40,093 - crypto_bot - INFO - HYPE/USDT:USDT | Confidence details: {'trend': 10, 'momentum': 5, 'volume': 0, 'volatility': 0, 'patterns': 0, 'chart': 0}
2026-02-25 20:36:40,094 - crypto_bot - INFO - HYPE/USDT:USDT | Confidence reasons: {'trend': ['Цена выше EMA200 (+10)', 'ADX = 20.0'], 'momentum': ['RSI перекуплен (71.3) (+5)'], 'volume': ['Объём ниже среднего'], 'volatility': ['Волатильность нормальная'], 'patterns': [], 'chart': []}
2026-02-25 20:36:40,094 - crypto_bot - INFO - HYPE/USDT:USDT | Confidence 3.5 < 6, пропускаем
2026-02-25 20:36:41,586 - crypto_bot - INFO - 1000PEPE/USDT:USDT | Confidence details: {'trend': 10, 'momentum': 5, 'volume': 10, 'volatility': 0, 'patterns': 0, 'chart': 0}
2026-02-25 20:36:41,587 - crypto_bot - INFO - 1000PEPE/USDT:USDT | Confidence reasons: {'trend': ['Цена выше EMA200 (+10)', 'ADX = 20.0'], 'momentum': ['RSI перекуплен (81.3) (+5)'], 'volume': ['Объём выше среднего (+10)'], 'volatility': ['Волатильность нормальная'], 'patterns': [], 'chart': []}
2026-02-25 20:36:41,587 - crypto_bot - INFO - 1000PEPE/USDT:USDT | Confidence 5.5 < 6, пропускаем
2026-02-25 20:36:43,209 - crypto_bot - INFO - PIPPIN/USDT:USDT | Confidence details: {'trend': 10, 'momentum': 10, 'volume': 10, 'volatility': 0, 'patterns': 0, 'chart': 0}
2026-02-25 20:36:43,209 - crypto_bot - INFO - PIPPIN/USDT:USDT | Confidence reasons: {'trend': ['Цена выше EMA200 (+10)', 'ADX = 20.0'], 'momentum': ['RSI нейтрален (32.0) (+10)'], 'volume': ['Объём выше среднего (+10)'], 'volatility': ['Волатильность нормальная'], 'patterns': [], 'chart': []}
2026-02-25 20:36:43,210 - crypto_bot - INFO - PIPPIN/USDT:USDT | RR 1.13 < 1.5, пропускаем
2026-02-25 20:36:44,950 - crypto_bot - INFO - ADA/USDT:USDT | Confidence details: {'trend': 10, 'momentum': 5, 'volume': 10, 'volatility': 0, 'patterns': 0, 'chart': 0}
2026-02-25 20:36:44,950 - crypto_bot - INFO - ADA/USDT:USDT | Confidence reasons: {'trend': ['Цена выше EMA200 (+10)', 'ADX = 20.0'], 'momentum': ['RSI перекуплен (92.6) (+5)'], 'volume': ['Объём выше среднего (+10)'], 'volatility': ['Волатильность нормальная'], 'patterns': [], 'chart': []}
2026-02-25 20:36:44,951 - crypto_bot - INFO - ADA/USDT:USDT | Confidence 5.5 < 6, пропускаем
2026-02-25 20:36:46,439 - crypto_bot - INFO - DOT/USDT:USDT | Confidence details: {'trend': 10, 'momentum': 5, 'volume': 0, 'volatility': 0, 'patterns': 0, 'chart': 0}
2026-02-25 20:36:46,439 - crypto_bot - INFO - DOT/USDT:USDT | Confidence reasons: {'trend': ['Цена выше EMA200 (+10)', 'ADX = 20.0'], 'momentum': ['RSI перекуплен (95.9) (+5)'], 'volume': ['Объём ниже среднего'], 'volatility': ['Волатильность нормальная'], 'patterns': [], 'chart': []}
2026-02-25 20:36:46,439 - crypto_bot - INFO - DOT/USDT:USDT | Confidence 3.5 < 6, пропускаем
2026-02-25 20:36:47,957 - crypto_bot - INFO - BCH/USDT:USDT | Confidence details: {'trend': 0, 'momentum': 10, 'volume': 0, 'volatility': 0, 'patterns': 0, 'chart': 0}
2026-02-25 20:36:47,958 - crypto_bot - INFO - BCH/USDT:USDT | Confidence reasons: {'trend': ['Цена ниже EMA200', 'ADX = 20.0'], 'momentum': ['RSI нейтрален (63.3) (+10)'], 'volume': ['Объём ниже среднего'], 'volatility': ['Волатильность нормальная'], 'patterns': [], 'chart': []}
2026-02-25 20:36:47,958 - crypto_bot - INFO - BCH/USDT:USDT | Confidence 2.0 < 6, пропускаем
2026-02-25 20:46:49,674 - crypto_bot - INFO - ⚡ Активных монет после фильтра: 14
2026-02-25 20:46:50,836 - crypto_bot - INFO - BTC/USDT:USDT | Confidence details: {'trend': 10, 'momentum': 5, 'volume': 20, 'volatility': 0, 'patterns': 0, 'chart': 0}
2026-02-25 20:46:50,836 - crypto_bot - INFO - BTC/USDT:USDT | Confidence reasons: {'trend': ['Цена выше EMA200 (+10)', 'ADX = 20.0'], 'momentum': ['RSI перекуплен (84.6) (+5)'], 'volume': ['Объём выше среднего в 1.5 раз (+20)'], 'volatility': ['Волатильность нормальная'], 'patterns': [], 'chart': []}
2026-02-25 20:46:50,837 - crypto_bot - INFO - BTC/USDT:USDT | RR 0.55 < 1.5, пропускаем
2026-02-25 20:46:52,315 - crypto_bot - INFO - ETH/USDT:USDT | Confidence details: {'trend': 10, 'momentum': 5, 'volume': 20, 'volatility': 0, 'patterns': 0, 'chart': 0}
2026-02-25 20:46:52,316 - crypto_bot - INFO - ETH/USDT:USDT | Confidence reasons: {'trend': ['Цена выше EMA200 (+10)', 'ADX = 20.0'], 'momentum': ['RSI перекуплен (89.0) (+5)'], 'volume': ['Объём выше среднего в 1.5 раз (+20)'], 'volatility': ['Волатильность нормальная'], 'patterns': [], 'chart': []}
2026-02-25 20:46:52,316 - crypto_bot - INFO - ETH/USDT:USDT | Дубль сигнала LONG, пропускаем
2026-02-25 20:46:53,666 - crypto_bot - INFO - SOL/USDT:USDT | Confidence details: {'trend': 10, 'momentum': 5, 'volume': 20, 'volatility': 0, 'patterns': 0, 'chart': 0}
2026-02-25 20:46:53,667 - crypto_bot - INFO - SOL/USDT:USDT | Confidence reasons: {'trend': ['Цена выше EMA200 (+10)', 'ADX = 20.0'], 'momentum': ['RSI перекуплен (91.8) (+5)'], 'volume': ['Объём выше среднего в 1.5 раз (+20)'], 'volatility': ['Волатильность нормальная'], 'patterns': [], 'chart': []}
2026-02-25 20:46:53,667 - crypto_bot - INFO - SOL/USDT:USDT | Дубль сигнала LONG, пропускаем
2026-02-25 20:46:55,268 - crypto_bot - INFO - XRP/USDT:USDT | Confidence details: {'trend': 10, 'momentum': 5, 'volume': 10, 'volatility': 0, 'patterns': 0, 'chart': 0}
2026-02-25 20:46:55,269 - crypto_bot - INFO - XRP/USDT:USDT | Confidence reasons: {'trend': ['Цена выше EMA200 (+10)', 'ADX = 20.0'], 'momentum': ['RSI перекуплен (87.8) (+5)'], 'volume': ['Объём выше среднего (+10)'], 'volatility': ['Волатильность нормальная'], 'patterns': [], 'chart': []}
2026-02-25 20:46:55,269 - crypto_bot - INFO - XRP/USDT:USDT | Confidence 5.5 < 6, пропускаем
2026-02-25 20:46:56,902 - crypto_bot - INFO - ENSO/USDT:USDT | Confidence details: {'trend': 0, 'momentum': 15, 'volume': 0, 'volatility': 0, 'patterns': 0, 'chart': 0}
2026-02-25 20:46:56,902 - crypto_bot - INFO - ENSO/USDT:USDT | Confidence reasons: {'trend': ['Цена ниже EMA200', 'ADX = 20.0'], 'momentum': ['RSI перепродан (28.1) (+15)'], 'volume': ['Объём ниже среднего'], 'volatility': ['Волатильность нормальная'], 'patterns': [], 'chart': []}
2026-02-25 20:46:56,903 - crypto_bot - INFO - ENSO/USDT:USDT | Confidence 3.0 < 6, пропускаем
2026-02-25 20:46:58,222 - crypto_bot - INFO - DOGE/USDT:USDT | Confidence details: {'trend': 10, 'momentum': 5, 'volume': 20, 'volatility': 0, 'patterns': 0, 'chart': 0}
2026-02-25 20:46:58,222 - crypto_bot - INFO - DOGE/USDT:USDT | Confidence reasons: {'trend': ['Цена выше EMA200 (+10)', 'ADX = 20.0'], 'momentum': ['RSI перекуплен (93.4) (+5)'], 'volume': ['Объём выше среднего в 1.5 раз (+20)'], 'volatility': ['Волатильность нормальная'], 'patterns': [], 'chart': []}
2026-02-25 20:46:58,222 - crypto_bot - INFO - DOGE/USDT:USDT | Дубль сигнала LONG, пропускаем
2026-02-25 20:46:59,742 - crypto_bot - INFO - ESP/USDT:USDT | Confidence details: {'trend': 10, 'momentum': 10, 'volume': 0, 'volatility': 15, 'patterns': 0, 'chart': 0}
2026-02-25 20:46:59,742 - crypto_bot - INFO - ESP/USDT:USDT | Confidence reasons: {'trend': ['Цена выше EMA200 (+10)', 'ADX = 20.0'], 'momentum': ['RSI нейтрален (30.0) (+10)'], 'volume': ['Объём ниже среднего'], 'volatility': ['ATR сжат (возможный пробой) (+15)'], 'patterns': [], 'chart': []}
2026-02-25 20:46:59,744 - crypto_bot - INFO - ESP/USDT:USDT | RR 0.27 < 1.5, пропускаем
2026-02-25 20:47:01,127 - crypto_bot - INFO - POWER/USDT:USDT | Confidence details: {'trend': 10, 'momentum': 5, 'volume': 10, 'volatility': 0, 'patterns': 0, 'chart': 0}
2026-02-25 20:47:01,127 - crypto_bot - INFO - POWER/USDT:USDT | Confidence reasons: {'trend': ['Цена выше EMA200 (+10)', 'ADX = 20.0'], 'momentum': ['RSI перекуплен (80.0) (+5)'], 'volume': ['Объём выше среднего (+10)'], 'volatility': ['Волатильность нормальная'], 'patterns': [], 'chart': []}
2026-02-25 20:47:01,127 - crypto_bot - INFO - POWER/USDT:USDT | Confidence 5.5 < 6, пропускаем
2026-02-25 20:47:02,782 - crypto_bot - INFO - HYPE/USDT:USDT | Confidence details: {'trend': 10, 'momentum': 5, 'volume': 10, 'volatility': 0, 'patterns': 5, 'chart': 0}
2026-02-25 20:47:02,783 - crypto_bot - INFO - HYPE/USDT:USDT | Confidence reasons: {'trend': ['Цена выше EMA200 (+10)', 'ADX = 20.0'], 'momentum': ['RSI перекуплен (73.6) (+5)'], 'volume': ['Объём выше среднего (+10)'], 'volatility': ['Волатильность нормальная'], 'patterns': ['Бычий пин-бар (+5)'], 'chart': []}
2026-02-25 20:47:02,783 - crypto_bot - INFO - HYPE/USDT:USDT | Дубль сигнала LONG, пропускаем
2026-02-25 20:47:04,162 - crypto_bot - INFO - 1000PEPE/USDT:USDT | Confidence details: {'trend': 10, 'momentum': 5, 'volume': 10, 'volatility': 0, 'patterns': 0, 'chart': 0}
2026-02-25 20:47:04,162 - crypto_bot - INFO - 1000PEPE/USDT:USDT | Confidence reasons: {'trend': ['Цена выше EMA200 (+10)', 'ADX = 20.0'], 'momentum': ['RSI перекуплен (81.2) (+5)'], 'volume': ['Объём выше среднего (+10)'], 'volatility': ['Волатильность нормальная'], 'patterns': [], 'chart': []}
2026-02-25 20:47:04,163 - crypto_bot - INFO - 1000PEPE/USDT:USDT | Confidence 5.5 < 6, пропускаем
2026-02-25 20:47:05,605 - crypto_bot - INFO - PIPPIN/USDT:USDT | Confidence details: {'trend': 10, 'momentum': 15, 'volume': 10, 'volatility': 0, 'patterns': 0, 'chart': 0}
2026-02-25 20:47:05,605 - crypto_bot - INFO - PIPPIN/USDT:USDT | Confidence reasons: {'trend': ['Цена выше EMA200 (+10)', 'ADX = 20.0'], 'momentum': ['RSI перепродан (29.9) (+15)'], 'volume': ['Объём выше среднего (+10)'], 'volatility': ['Волатильность нормальная'], 'patterns': [], 'chart': []}
2026-02-25 20:47:05,606 - crypto_bot - INFO - PIPPIN/USDT:USDT | Дубль сигнала SHORT, пропускаем
2026-02-25 20:47:06,942 - crypto_bot - INFO - ADA/USDT:USDT | Confidence details: {'trend': 10, 'momentum': 5, 'volume': 10, 'volatility': 0, 'patterns': 0, 'chart': 0}
2026-02-25 20:47:06,942 - crypto_bot - INFO - ADA/USDT:USDT | Confidence reasons: {'trend': ['Цена выше EMA200 (+10)', 'ADX = 20.0'], 'momentum': ['RSI перекуплен (92.6) (+5)'], 'volume': ['Объём выше среднего (+10)'], 'volatility': ['Волатильность нормальная'], 'patterns': [], 'chart': []}
2026-02-25 20:47:06,943 - crypto_bot - INFO - ADA/USDT:USDT | Confidence 5.5 < 6, пропускаем
2026-02-25 20:47:08,748 - crypto_bot - INFO - DOT/USDT:USDT | Confidence details: {'trend': 10, 'momentum': 5, 'volume': 0, 'volatility': 0, 'patterns': 0, 'chart': 0}
2026-02-25 20:47:08,749 - crypto_bot - INFO - DOT/USDT:USDT | Confidence reasons: {'trend': ['Цена выше EMA200 (+10)', 'ADX = 20.0'], 'momentum': ['RSI перекуплен (96.7) (+5)'], 'volume': ['Объём ниже среднего'], 'volatility': ['Волатильность нормальная'], 'patterns': [], 'chart': []}
2026-02-25 20:47:08,749 - crypto_bot - INFO - DOT/USDT:USDT | Confidence 3.5 < 6, пропускаем
2026-02-25 20:47:10,326 - crypto_bot - INFO - BCH/USDT:USDT | Confidence details: {'trend': 0, 'momentum': 10, 'volume': 0, 'volatility': 0, 'patterns': 0, 'chart': 0}
2026-02-25 20:47:10,326 - crypto_bot - INFO - BCH/USDT:USDT | Confidence reasons: {'trend': ['Цена ниже EMA200', 'ADX = 20.0'], 'momentum': ['RSI нейтрален (63.6) (+10)'], 'volume': ['Объём ниже среднего'], 'volatility': ['Волатильность нормальная'], 'patterns': [], 'chart': []}
2026-02-25 20:47:10,326 - crypto_bot - INFO - BCH/USDT:USDT | Confidence 2.0 < 6, пропускаем
2026-02-25 20:57:11,557 - crypto_bot - INFO - ⚡ Активных монет после фильтра: 14
2026-02-25 20:57:12,757 - crypto_bot - INFO - BTC/USDT:USDT | Confidence details: {'trend': 10, 'momentum': 5, 'volume': 20, 'volatility': 0, 'patterns': 0, 'chart': 0}
2026-02-25 20:57:12,758 - crypto_bot - INFO - BTC/USDT:USDT | Confidence reasons: {'trend': ['Цена выше EMA200 (+10)', 'ADX = 20.0'], 'momentum': ['RSI перекуплен (84.4) (+5)'], 'volume': ['Объём выше среднего в 1.5 раз (+20)'], 'volatility': ['Волатильность нормальная'], 'patterns': [], 'chart': []}
2026-02-25 20:57:12,758 - crypto_bot - INFO - BTC/USDT:USDT | Дубль сигнала LONG, пропускаем
2026-02-25 20:57:14,339 - crypto_bot - INFO - ETH/USDT:USDT | Confidence details: {'trend': 10, 'momentum': 5, 'volume': 20, 'volatility': 0, 'patterns': 0, 'chart': 0}
2026-02-25 20:57:14,339 - crypto_bot - INFO - ETH/USDT:USDT | Confidence reasons: {'trend': ['Цена выше EMA200 (+10)', 'ADX = 20.0'], 'momentum': ['RSI перекуплен (88.7) (+5)'], 'volume': ['Объём выше среднего в 1.5 раз (+20)'], 'volatility': ['Волатильность нормальная'], 'patterns': [], 'chart': []}
2026-02-25 20:57:14,339 - crypto_bot - INFO - ETH/USDT:USDT | Дубль сигнала LONG, пропускаем
2026-02-25 20:57:16,036 - crypto_bot - INFO - SOL/USDT:USDT | Confidence details: {'trend': 10, 'momentum': 5, 'volume': 20, 'volatility': 0, 'patterns': 0, 'chart': 0}
2026-02-25 20:57:16,037 - crypto_bot - INFO - SOL/USDT:USDT | Confidence reasons: {'trend': ['Цена выше EMA200 (+10)', 'ADX = 20.0'], 'momentum': ['RSI перекуплен (91.6) (+5)'], 'volume': ['Объём выше среднего в 1.5 раз (+20)'], 'volatility': ['Волатильность нормальная'], 'patterns': [], 'chart': []}
2026-02-25 20:57:16,037 - crypto_bot - INFO - SOL/USDT:USDT | Дубль сигнала LONG, пропускаем
2026-02-25 20:57:17,404 - crypto_bot - INFO - XRP/USDT:USDT | Confidence details: {'trend': 10, 'momentum': 5, 'volume': 20, 'volatility': 0, 'patterns': 0, 'chart': 0}
2026-02-25 20:57:17,404 - crypto_bot - INFO - XRP/USDT:USDT | Confidence reasons: {'trend': ['Цена выше EMA200 (+10)', 'ADX = 20.0'], 'momentum': ['RSI перекуплен (87.6) (+5)'], 'volume': ['Объём выше среднего в 1.5 раз (+20)'], 'volatility': ['Волатильность нормальная'], 'patterns': [], 'chart': []}
2026-02-25 20:57:17,405 - crypto_bot - INFO - XRP/USDT:USDT | Дубль сигнала LONG, пропускаем
2026-02-25 20:57:19,046 - crypto_bot - INFO - ENSO/USDT:USDT | Confidence details: {'trend': 0, 'momentum': 15, 'volume': 0, 'volatility': 0, 'patterns': 0, 'chart': 0}
2026-02-25 20:57:19,046 - crypto_bot - INFO - ENSO/USDT:USDT | Confidence reasons: {'trend': ['Цена ниже EMA200', 'ADX = 20.0'], 'momentum': ['RSI перепродан (28.2) (+15)'], 'volume': ['Объём ниже среднего'], 'volatility': ['Волатильность нормальная'], 'patterns': [], 'chart': []}
2026-02-25 20:57:19,046 - crypto_bot - INFO - ENSO/USDT:USDT | Confidence 3.0 < 6, пропускаем
2026-02-25 20:57:20,496 - crypto_bot - INFO - DOGE/USDT:USDT | Confidence details: {'trend': 10, 'momentum': 5, 'volume': 20, 'volatility': 0, 'patterns': 5, 'chart': 0}
2026-02-25 20:57:20,497 - crypto_bot - INFO - DOGE/USDT:USDT | Confidence reasons: {'trend': ['Цена выше EMA200 (+10)', 'ADX = 20.0'], 'momentum': ['RSI перекуплен (93.3) (+5)'], 'volume': ['Объём выше среднего в 1.5 раз (+20)'], 'volatility': ['Волатильность нормальная'], 'patterns': ['Бычий пин-бар (+5)'], 'chart': []}
2026-02-25 20:57:20,497 - crypto_bot - INFO - DOGE/USDT:USDT | Дубль сигнала LONG, пропускаем
2026-02-25 20:57:21,694 - crypto_bot - INFO - ESP/USDT:USDT | Confidence details: {'trend': 10, 'momentum': 15, 'volume': 0, 'volatility': 15, 'patterns': 0, 'chart': 0}
2026-02-25 20:57:21,694 - crypto_bot - INFO - ESP/USDT:USDT | Confidence reasons: {'trend': ['Цена выше EMA200 (+10)', 'ADX = 20.0'], 'momentum': ['RSI перепродан (29.2) (+15)'], 'volume': ['Объём ниже среднего'], 'volatility': ['ATR сжат (возможный пробой) (+15)'], 'patterns': [], 'chart': []}
2026-02-25 20:57:21,695 - crypto_bot - INFO - ESP/USDT:USDT | Дубль сигнала SHORT, пропускаем
2026-02-25 20:57:23,222 - crypto_bot - INFO - POWER/USDT:USDT | Confidence details: {'trend': 10, 'momentum': 5, 'volume': 20, 'volatility': 0, 'patterns': 0, 'chart': 0}
2026-02-25 20:57:23,222 - crypto_bot - INFO - POWER/USDT:USDT | Confidence reasons: {'trend': ['Цена выше EMA200 (+10)', 'ADX = 20.0'], 'momentum': ['RSI перекуплен (82.1) (+5)'], 'volume': ['Объём выше среднего в 1.5 раз (+20)'], 'volatility': ['Волатильность нормальная'], 'patterns': [], 'chart': []}
2026-02-25 20:57:24,868 - crypto_bot - INFO - HYPE/USDT:USDT | Confidence details: {'trend': 10, 'momentum': 5, 'volume': 10, 'volatility': 0, 'patterns': 0, 'chart': 0}
2026-02-25 20:57:24,868 - crypto_bot - INFO - HYPE/USDT:USDT | Confidence reasons: {'trend': ['Цена выше EMA200 (+10)', 'ADX = 20.0'], 'momentum': ['RSI перекуплен (74.7) (+5)'], 'volume': ['Объём выше среднего (+10)'], 'volatility': ['Волатильность нормальная'], 'patterns': [], 'chart': []}
2026-02-25 20:57:24,869 - crypto_bot - INFO - HYPE/USDT:USDT | Confidence 5.5 < 6, пропускаем
2026-02-25 20:57:26,472 - crypto_bot - INFO - 1000PEPE/USDT:USDT | Confidence details: {'trend': 10, 'momentum': 5, 'volume': 20, 'volatility': 0, 'patterns': 0, 'chart': 0}
2026-02-25 20:57:26,472 - crypto_bot - INFO - 1000PEPE/USDT:USDT | Confidence reasons: {'trend': ['Цена выше EMA200 (+10)', 'ADX = 20.0'], 'momentum': ['RSI перекуплен (81.1) (+5)'], 'volume': ['Объём выше среднего в 1.5 раз (+20)'], 'volatility': ['Волатильность нормальная'], 'patterns': [], 'chart': []}
2026-02-25 20:57:26,472 - crypto_bot - INFO - 1000PEPE/USDT:USDT | Дубль сигнала LONG, пропускаем
2026-02-25 20:57:28,031 - crypto_bot - INFO - PIPPIN/USDT:USDT | Confidence details: {'trend': 10, 'momentum': 10, 'volume': 20, 'volatility': 0, 'patterns': 0, 'chart': 0}
2026-02-25 20:57:28,032 - crypto_bot - INFO - PIPPIN/USDT:USDT | Confidence reasons: {'trend': ['Цена выше EMA200 (+10)', 'ADX = 20.0'], 'momentum': ['RSI нейтрален (30.5) (+10)'], 'volume': ['Объём выше среднего в 1.5 раз (+20)'], 'volatility': ['Волатильность нормальная'], 'patterns': [], 'chart': []}
2026-02-25 20:57:28,032 - crypto_bot - INFO - PIPPIN/USDT:USDT | Дубль сигнала SHORT, пропускаем
2026-02-25 20:57:29,145 - crypto_bot - INFO - ADA/USDT:USDT | Confidence details: {'trend': 10, 'momentum': 5, 'volume': 20, 'volatility': 0, 'patterns': 0, 'chart': 0}
2026-02-25 20:57:29,145 - crypto_bot - INFO - ADA/USDT:USDT | Confidence reasons: {'trend': ['Цена выше EMA200 (+10)', 'ADX = 20.0'], 'momentum': ['RSI перекуплен (92.6) (+5)'], 'volume': ['Объём выше среднего в 1.5 раз (+20)'], 'volatility': ['Волатильность нормальная'], 'patterns': [], 'chart': []}
2026-02-25 20:57:29,146 - crypto_bot - INFO - ADA/USDT:USDT | Дубль сигнала LONG, пропускаем
2026-02-25 20:57:30,602 - crypto_bot - INFO - DOT/USDT:USDT | Confidence details: {'trend': 10, 'momentum': 5, 'volume': 10, 'volatility': 0, 'patterns': 0, 'chart': 0}
2026-02-25 20:57:30,602 - crypto_bot - INFO - DOT/USDT:USDT | Confidence reasons: {'trend': ['Цена выше EMA200 (+10)', 'ADX = 20.0'], 'momentum': ['RSI перекуплен (96.8) (+5)'], 'volume': ['Объём выше среднего (+10)'], 'volatility': ['Волатильность нормальная'], 'patterns': [], 'chart': []}
2026-02-25 20:57:30,602 - crypto_bot - INFO - DOT/USDT:USDT | Confidence 5.5 < 6, пропускаем
2026-02-25 20:57:32,483 - crypto_bot - INFO - BCH/USDT:USDT | Confidence details: {'trend': 0, 'momentum': 10, 'volume': 0, 'volatility': 0, 'patterns': 5, 'chart': 0}
2026-02-25 20:57:32,483 - crypto_bot - INFO - BCH/USDT:USDT | Confidence reasons: {'trend': ['Цена ниже EMA200', 'ADX = 20.0'], 'momentum': ['RSI нейтрален (64.6) (+10)'], 'volume': ['Объём ниже среднего'], 'volatility': ['Волатильность нормальная'], 'patterns': ['Бычий пин-бар (+5)'], 'chart': []}
2026-02-25 20:57:32,484 - crypto_bot - INFO - BCH/USDT:USDT | Confidence 2.5 < 6, пропускаем
2026-02-25 21:07:33,104 - crypto_bot - INFO - ⚡ Активных монет после фильтра: 14
2026-02-25 21:07:34,815 - crypto_bot - INFO - BTC/USDT:USDT | ATR/price = 0.0089 < 0.009, пропускаем
2026-02-25 21:07:36,403 - crypto_bot - INFO - ETH/USDT:USDT | Confidence details: {'trend': 10, 'momentum': 5, 'volume': 0, 'volatility': 0, 'patterns': 0, 'chart': 0}
2026-02-25 21:07:36,403 - crypto_bot - INFO - ETH/USDT:USDT | Confidence reasons: {'trend': ['Цена выше EMA200 (+10)', 'ADX = 20.0'], 'momentum': ['RSI перекуплен (84.5) (+5)'], 'volume': ['Объём ниже среднего'], 'volatility': ['Волатильность нормальная'], 'patterns': [], 'chart': []}
2026-02-25 21:07:36,404 - crypto_bot - INFO - ETH/USDT:USDT | Confidence 3.5 < 6, пропускаем
2026-02-25 21:07:38,153 - crypto_bot - INFO - SOL/USDT:USDT | Confidence details: {'trend': 10, 'momentum': 5, 'volume': 0, 'volatility': 0, 'patterns': 0, 'chart': 0}
2026-02-25 21:07:38,154 - crypto_bot - INFO - SOL/USDT:USDT | Confidence reasons: {'trend': ['Цена выше EMA200 (+10)', 'ADX = 20.0'], 'momentum': ['RSI перекуплен (86.9) (+5)'], 'volume': ['Объём ниже среднего'], 'volatility': ['Волатильность нормальная'], 'patterns': [], 'chart': []}
2026-02-25 21:07:38,154 - crypto_bot - INFO - SOL/USDT:USDT | Confidence 3.5 < 6, пропускаем
2026-02-25 21:07:39,605 - crypto_bot - INFO - XRP/USDT:USDT | Confidence details: {'trend': 10, 'momentum': 5, 'volume': 0, 'volatility': 0, 'patterns': 0, 'chart': 0}
2026-02-25 21:07:39,605 - crypto_bot - INFO - XRP/USDT:USDT | Confidence reasons: {'trend': ['Цена выше EMA200 (+10)', 'ADX = 20.0'], 'momentum': ['RSI перекуплен (84.5) (+5)'], 'volume': ['Объём ниже среднего'], 'volatility': ['Волатильность нормальная'], 'patterns': [], 'chart': []}
2026-02-25 21:07:39,605 - crypto_bot - INFO - XRP/USDT:USDT | Confidence 3.5 < 6, пропускаем
2026-02-25 21:07:40,785 - crypto_bot - INFO - ENSO/USDT:USDT | Confidence details: {'trend': 0, 'momentum': 15, 'volume': 0, 'volatility': 0, 'patterns': 0, 'chart': 0}
2026-02-25 21:07:40,785 - crypto_bot - INFO - ENSO/USDT:USDT | Confidence reasons: {'trend': ['Цена ниже EMA200', 'ADX = 20.0'], 'momentum': ['RSI перепродан (21.7) (+15)'], 'volume': ['Объём ниже среднего'], 'volatility': ['Волатильность нормальная'], 'patterns': [], 'chart': []}
2026-02-25 21:07:40,785 - crypto_bot - INFO - ENSO/USDT:USDT | Confidence 3.0 < 6, пропускаем
2026-02-25 21:07:42,306 - crypto_bot - INFO - DOGE/USDT:USDT | Confidence details: {'trend': 10, 'momentum': 5, 'volume': 0, 'volatility': 0, 'patterns': 5, 'chart': 0}
2026-02-25 21:07:42,306 - crypto_bot - INFO - DOGE/USDT:USDT | Confidence reasons: {'trend': ['Цена выше EMA200 (+10)', 'ADX = 20.0'], 'momentum': ['RSI перекуплен (94.4) (+5)'], 'volume': ['Объём ниже среднего'], 'volatility': ['Волатильность нормальная'], 'patterns': ['Бычий пин-бар (+5)'], 'chart': []}
2026-02-25 21:07:42,306 - crypto_bot - INFO - DOGE/USDT:USDT | Confidence 4.0 < 6, пропускаем
2026-02-25 21:07:43,791 - crypto_bot - INFO - ESP/USDT:USDT | Confidence details: {'trend': 10, 'momentum': 15, 'volume': 0, 'volatility': 15, 'patterns': 0, 'chart': 0}
2026-02-25 21:07:43,792 - crypto_bot - INFO - ESP/USDT:USDT | Confidence reasons: {'trend': ['Цена выше EMA200 (+10)', 'ADX = 20.0'], 'momentum': ['RSI перепродан (29.0) (+15)'], 'volume': ['Объём ниже среднего'], 'volatility': ['ATR сжат (возможный пробой) (+15)'], 'patterns': [], 'chart': []}
2026-02-25 21:07:43,792 - crypto_bot - INFO - ESP/USDT:USDT | Дубль сигнала SHORT, пропускаем
2026-02-25 21:07:45,331 - crypto_bot - INFO - POWER/USDT:USDT | Confidence details: {'trend': 10, 'momentum': 5, 'volume': 0, 'volatility': 0, 'patterns': 5, 'chart': 0}
2026-02-25 21:07:45,332 - crypto_bot - INFO - POWER/USDT:USDT | Confidence reasons: {'trend': ['Цена выше EMA200 (+10)', 'ADX = 20.0'], 'momentum': ['RSI перекуплен (89.5) (+5)'], 'volume': ['Объём ниже среднего'], 'volatility': ['Волатильность нормальная'], 'patterns': ['Бычье поглощение (+5)'], 'chart': []}
2026-02-25 21:07:45,332 - crypto_bot - INFO - POWER/USDT:USDT | Confidence 4.0 < 6, пропускаем
2026-02-25 21:07:46,730 - crypto_bot - INFO - HYPE/USDT:USDT | Confidence details: {'trend': 10, 'momentum': 5, 'volume': 0, 'volatility': 0, 'patterns': 5, 'chart': 0}
2026-02-25 21:07:46,730 - crypto_bot - INFO - HYPE/USDT:USDT | Confidence reasons: {'trend': ['Цена выше EMA200 (+10)', 'ADX = 20.0'], 'momentum': ['RSI перекуплен (72.8) (+5)'], 'volume': ['Объём ниже среднего'], 'volatility': ['Волатильность нормальная'], 'patterns': ['Бычий пин-бар (+5)'], 'chart': []}
2026-02-25 21:07:46,730 - crypto_bot - INFO - HYPE/USDT:USDT | Confidence 4.0 < 6, пропускаем
2026-02-25 21:07:48,286 - crypto_bot - INFO - 1000PEPE/USDT:USDT | Confidence details: {'trend': 10, 'momentum': 5, 'volume': 0, 'volatility': 0, 'patterns': 0, 'chart': 0}
2026-02-25 21:07:48,286 - crypto_bot - INFO - 1000PEPE/USDT:USDT | Confidence reasons: {'trend': ['Цена выше EMA200 (+10)', 'ADX = 20.0'], 'momentum': ['RSI перекуплен (80.9) (+5)'], 'volume': ['Объём ниже среднего'], 'volatility': ['Волатильность нормальная'], 'patterns': [], 'chart': []}
2026-02-25 21:07:48,287 - crypto_bot - INFO - 1000PEPE/USDT:USDT | Confidence 3.5 < 6, пропускаем
2026-02-25 21:07:50,093 - crypto_bot - INFO - PIPPIN/USDT:USDT | Confidence details: {'trend': 10, 'momentum': 10, 'volume': 0, 'volatility': 0, 'patterns': 0, 'chart': 0}
2026-02-25 21:07:50,093 - crypto_bot - INFO - PIPPIN/USDT:USDT | Confidence reasons: {'trend': ['Цена выше EMA200 (+10)', 'ADX = 20.0'], 'momentum': ['RSI нейтрален (32.1) (+10)'], 'volume': ['Объём ниже среднего'], 'volatility': ['Волатильность нормальная'], 'patterns': [], 'chart': []}
2026-02-25 21:07:50,094 - crypto_bot - INFO - PIPPIN/USDT:USDT | Confidence 4.5 < 6, пропускаем
2026-02-25 21:07:51,243 - crypto_bot - INFO - ADA/USDT:USDT | Confidence details: {'trend': 10, 'momentum': 5, 'volume': 0, 'volatility': 0, 'patterns': 0, 'chart': 0}
2026-02-25 21:07:51,244 - crypto_bot - INFO - ADA/USDT:USDT | Confidence reasons: {'trend': ['Цена выше EMA200 (+10)', 'ADX = 20.0'], 'momentum': ['RSI перекуплен (88.9) (+5)'], 'volume': ['Объём ниже среднего'], 'volatility': ['Волатильность нормальная'], 'patterns': [], 'chart': []}
2026-02-25 21:07:51,244 - crypto_bot - INFO - ADA/USDT:USDT | Confidence 3.5 < 6, пропускаем
2026-02-25 21:07:52,771 - crypto_bot - INFO - DOT/USDT:USDT | Confidence details: {'trend': 10, 'momentum': 5, 'volume': 0, 'volatility': 0, 'patterns': 0, 'chart': 0}
2026-02-25 21:07:52,772 - crypto_bot - INFO - DOT/USDT:USDT | Confidence reasons: {'trend': ['Цена выше EMA200 (+10)', 'ADX = 20.0'], 'momentum': ['RSI перекуплен (92.0) (+5)'], 'volume': ['Объём ниже среднего'], 'volatility': ['Волатильность нормальная'], 'patterns': [], 'chart': []}
2026-02-25 21:07:52,772 - crypto_bot - INFO - DOT/USDT:USDT | Confidence 3.5 < 6, пропускаем
2026-02-25 21:07:54,471 - crypto_bot - INFO - BCH/USDT:USDT | Confidence details: {'trend': 0, 'momentum': 10, 'volume': 0, 'volatility': 0, 'patterns': 0, 'chart': 0}
2026-02-25 21:07:54,472 - crypto_bot - INFO - BCH/USDT:USDT | Confidence reasons: {'trend': ['Цена ниже EMA200', 'ADX = 20.0'], 'momentum': ['RSI нейтрален (62.0) (+10)'], 'volume': ['Объём ниже среднего'], 'volatility': ['Волатильность нормальная'], 'patterns': [], 'chart': []}
2026-02-25 21:07:54,472 - crypto_bot - INFO - BCH/USDT:USDT | Confidence 2.0 < 6, пропускаем
2026-02-25 21:11:08,765 - crypto_bot - INFO - 📊 Обновлён список топ-15 монет: ['BTC/USDT:USDT', 'ETH/USDT:USDT', 'SOL/USDT:USDT', 'XRP/USDT:USDT', 'ENSO/USDT:USDT', 'DOGE/USDT:USDT', 'POWER/USDT:USDT', 'ESP/USDT:USDT', 'HYPE/USDT:USDT', '1000PEPE/USDT:USDT', 'PIPPIN/USDT:USDT', 'XAUT/USDT:USDT', 'ADA/USDT:USDT', 'DOT/USDT:USDT', 'FARTCOIN/USDT:USDT']
2026-02-25 21:17:55,099 - crypto_bot - INFO - ⚡ Активных монет после фильтра: 14
2026-02-25 21:17:56,996 - crypto_bot - INFO - BTC/USDT:USDT | Confidence details: {'trend': 10, 'momentum': 5, 'volume': 0, 'volatility': 0, 'patterns': 0, 'chart': 0}
2026-02-25 21:17:56,996 - crypto_bot - INFO - BTC/USDT:USDT | Confidence reasons: {'trend': ['Цена выше EMA200 (+10)', 'ADX = 20.0'], 'momentum': ['RSI перекуплен (84.9) (+5)'], 'volume': ['Объём ниже среднего'], 'volatility': ['Волатильность нормальная'], 'patterns': [], 'chart': []}
2026-02-25 21:17:56,996 - crypto_bot - INFO - BTC/USDT:USDT | Confidence 3.5 < 6, пропускаем
2026-02-25 21:17:58,329 - crypto_bot - INFO - ETH/USDT:USDT | Confidence details: {'trend': 10, 'momentum': 5, 'volume': 0, 'volatility': 0, 'patterns': 0, 'chart': 0}
2026-02-25 21:17:58,329 - crypto_bot - INFO - ETH/USDT:USDT | Confidence reasons: {'trend': ['Цена выше EMA200 (+10)', 'ADX = 20.0'], 'momentum': ['RSI перекуплен (86.5) (+5)'], 'volume': ['Объём ниже среднего'], 'volatility': ['Волатильность нормальная'], 'patterns': [], 'chart': []}
2026-02-25 21:17:58,329 - crypto_bot - INFO - ETH/USDT:USDT | Confidence 3.5 < 6, пропускаем
2026-02-25 21:17:59,777 - crypto_bot - INFO - SOL/USDT:USDT | Confidence details: {'trend': 10, 'momentum': 5, 'volume': 0, 'volatility': 0, 'patterns': 0, 'chart': 0}
2026-02-25 21:17:59,777 - crypto_bot - INFO - SOL/USDT:USDT | Confidence reasons: {'trend': ['Цена выше EMA200 (+10)', 'ADX = 20.0'], 'momentum': ['RSI перекуплен (90.0) (+5)'], 'volume': ['Объём ниже среднего'], 'volatility': ['Волатильность нормальная'], 'patterns': [], 'chart': []}
2026-02-25 21:17:59,778 - crypto_bot - INFO - SOL/USDT:USDT | Confidence 3.5 < 6, пропускаем
2026-02-25 21:18:01,233 - crypto_bot - INFO - XRP/USDT:USDT | Confidence details: {'trend': 10, 'momentum': 5, 'volume': 0, 'volatility': 0, 'patterns': 5, 'chart': 0}
2026-02-25 21:18:01,233 - crypto_bot - INFO - XRP/USDT:USDT | Confidence reasons: {'trend': ['Цена выше EMA200 (+10)', 'ADX = 20.0'], 'momentum': ['RSI перекуплен (88.8) (+5)'], 'volume': ['Объём ниже среднего'], 'volatility': ['Волатильность нормальная'], 'patterns': ['Бычий пин-бар (+5)'], 'chart': []}
2026-02-25 21:18:01,233 - crypto_bot - INFO - XRP/USDT:USDT | Confidence 4.0 < 6, пропускаем
2026-02-25 21:18:03,179 - crypto_bot - INFO - ENSO/USDT:USDT | Confidence details: {'trend': 0, 'momentum': 15, 'volume': 0, 'volatility': 0, 'patterns': 5, 'chart': 0}
2026-02-25 21:18:03,179 - crypto_bot - INFO - ENSO/USDT:USDT | Confidence reasons: {'trend': ['Цена ниже EMA200', 'ADX = 20.0'], 'momentum': ['RSI перепродан (21.2) (+15)'], 'volume': ['Объём ниже среднего'], 'volatility': ['Волатильность нормальная'], 'patterns': ['Бычий пин-бар (+5)'], 'chart': []}
2026-02-25 21:18:03,179 - crypto_bot - INFO - ENSO/USDT:USDT | Confidence 3.5 < 6, пропускаем
2026-02-25 21:18:04,566 - crypto_bot - INFO - DOGE/USDT:USDT | Confidence details: {'trend': 10, 'momentum': 5, 'volume': 0, 'volatility': 0, 'patterns': 0, 'chart': 0}
2026-02-25 21:18:04,566 - crypto_bot - INFO - DOGE/USDT:USDT | Confidence reasons: {'trend': ['Цена выше EMA200 (+10)', 'ADX = 20.0'], 'momentum': ['RSI перекуплен (94.5) (+5)'], 'volume': ['Объём ниже среднего'], 'volatility': ['Волатильность нормальная'], 'patterns': [], 'chart': []}
2026-02-25 21:18:04,567 - crypto_bot - INFO - DOGE/USDT:USDT | Confidence 3.5 < 6, пропускаем
2026-02-25 21:18:05,828 - crypto_bot - INFO - POWER/USDT:USDT | Confidence details: {'trend': 10, 'momentum': 5, 'volume': 0, 'volatility': 0, 'patterns': 5, 'chart': 0}
2026-02-25 21:18:05,829 - crypto_bot - INFO - POWER/USDT:USDT | Confidence reasons: {'trend': ['Цена выше EMA200 (+10)', 'ADX = 20.0'], 'momentum': ['RSI перекуплен (89.4) (+5)'], 'volume': ['Объём ниже среднего'], 'volatility': ['Волатильность нормальная'], 'patterns': ['Бычье поглощение (+5)'], 'chart': []}
2026-02-25 21:18:05,829 - crypto_bot - INFO - POWER/USDT:USDT | Confidence 4.0 < 6, пропускаем
2026-02-25 21:18:07,397 - crypto_bot - INFO - ESP/USDT:USDT | Confidence details: {'trend': 10, 'momentum': 10, 'volume': 0, 'volatility': 15, 'patterns': 0, 'chart': 0}
2026-02-25 21:18:07,397 - crypto_bot - INFO - ESP/USDT:USDT | Confidence reasons: {'trend': ['Цена выше EMA200 (+10)', 'ADX = 20.0'], 'momentum': ['RSI нейтрален (33.1) (+10)'], 'volume': ['Объём ниже среднего'], 'volatility': ['ATR сжат (возможный пробой) (+15)'], 'patterns': [], 'chart': []}
2026-02-25 21:18:08,958 - crypto_bot - INFO - HYPE/USDT:USDT | Confidence details: {'trend': 10, 'momentum': 5, 'volume': 0, 'volatility': 0, 'patterns': 0, 'chart': 0}
2026-02-25 21:18:08,958 - crypto_bot - INFO - HYPE/USDT:USDT | Confidence reasons: {'trend': ['Цена выше EMA200 (+10)', 'ADX = 20.0'], 'momentum': ['RSI перекуплен (73.8) (+5)'], 'volume': ['Объём ниже среднего'], 'volatility': ['Волатильность нормальная'], 'patterns': [], 'chart': []}
2026-02-25 21:18:08,958 - crypto_bot - INFO - HYPE/USDT:USDT | Confidence 3.5 < 6, пропускаем
2026-02-25 21:18:10,582 - crypto_bot - INFO - 1000PEPE/USDT:USDT | Confidence details: {'trend': 10, 'momentum': 5, 'volume': 0, 'volatility': 0, 'patterns': 0, 'chart': 0}
2026-02-25 21:18:10,582 - crypto_bot - INFO - 1000PEPE/USDT:USDT | Confidence reasons: {'trend': ['Цена выше EMA200 (+10)', 'ADX = 20.0'], 'momentum': ['RSI перекуплен (82.2) (+5)'], 'volume': ['Объём ниже среднего'], 'volatility': ['Волатильность нормальная'], 'patterns': [], 'chart': []}
2026-02-25 21:18:10,583 - crypto_bot - INFO - 1000PEPE/USDT:USDT | Confidence 3.5 < 6, пропускаем
2026-02-25 21:18:12,184 - crypto_bot - INFO - PIPPIN/USDT:USDT | Confidence details: {'trend': 10, 'momentum': 15, 'volume': 0, 'volatility': 0, 'patterns': 0, 'chart': 0}
2026-02-25 21:18:12,184 - crypto_bot - INFO - PIPPIN/USDT:USDT | Confidence reasons: {'trend': ['Цена выше EMA200 (+10)', 'ADX = 20.0'], 'momentum': ['RSI перепродан (29.6) (+15)'], 'volume': ['Объём ниже среднего'], 'volatility': ['Волатильность нормальная'], 'patterns': [], 'chart': []}
2026-02-25 21:18:12,184 - crypto_bot - INFO - PIPPIN/USDT:USDT | Confidence 5.5 < 6, пропускаем
2026-02-25 21:18:13,611 - crypto_bot - INFO - ADA/USDT:USDT | Confidence details: {'trend': 10, 'momentum': 5, 'volume': 0, 'volatility': 0, 'patterns': 0, 'chart': 0}
2026-02-25 21:18:13,611 - crypto_bot - INFO - ADA/USDT:USDT | Confidence reasons: {'trend': ['Цена выше EMA200 (+10)', 'ADX = 20.0'], 'momentum': ['RSI перекуплен (92.4) (+5)'], 'volume': ['Объём ниже среднего'], 'volatility': ['Волатильность нормальная'], 'patterns': [], 'chart': []}
2026-02-25 21:18:13,611 - crypto_bot - INFO - ADA/USDT:USDT | Confidence 3.5 < 6, пропускаем
2026-02-25 21:18:14,979 - crypto_bot - INFO - DOT/USDT:USDT | Confidence details: {'trend': 10, 'momentum': 5, 'volume': 0, 'volatility': 0, 'patterns': 0, 'chart': 0}
2026-02-25 21:18:14,979 - crypto_bot - INFO - DOT/USDT:USDT | Confidence reasons: {'trend': ['Цена выше EMA200 (+10)', 'ADX = 20.0'], 'momentum': ['RSI перекуплен (92.7) (+5)'], 'volume': ['Объём ниже среднего'], 'volatility': ['Волатильность нормальная'], 'patterns': [], 'chart': []}
2026-02-25 21:18:14,979 - crypto_bot - INFO - DOT/USDT:USDT | Confidence 3.5 < 6, пропускаем
2026-02-25 21:18:16,397 - crypto_bot - INFO - FARTCOIN/USDT:USDT | Confidence details: {'trend': 10, 'momentum': 5, 'volume': 0, 'volatility': 0, 'patterns': 0, 'chart': 0}
2026-02-25 21:18:16,397 - crypto_bot - INFO - FARTCOIN/USDT:USDT | Confidence reasons: {'trend': ['Цена выше EMA200 (+10)', 'ADX = 20.0'], 'momentum': ['RSI перекуплен (78.0) (+5)'], 'volume': ['Объём ниже среднего'], 'volatility': ['Волатильность нормальная'], 'patterns': [], 'chart': []}
2026-02-25 21:18:16,398 - crypto_bot - INFO - FARTCOIN/USDT:USDT | Confidence 3.5 < 6, пропускаем
2026-02-25 21:28:17,145 - crypto_bot - INFO - ⚡ Активных монет после фильтра: 14
2026-02-25 21:28:18,964 - crypto_bot - INFO - BTC/USDT:USDT | Confidence details: {'trend': 10, 'momentum': 5, 'volume': 10, 'volatility': 0, 'patterns': 0, 'chart': 0}
2026-02-25 21:28:18,964 - crypto_bot - INFO - BTC/USDT:USDT | Confidence reasons: {'trend': ['Цена выше EMA200 (+10)', 'ADX = 20.0'], 'momentum': ['RSI перекуплен (85.6) (+5)'], 'volume': ['Объём выше среднего (+10)'], 'volatility': ['Волатильность нормальная'], 'patterns': [], 'chart': []}
2026-02-25 21:28:18,965 - crypto_bot - INFO - BTC/USDT:USDT | Confidence 5.5 < 6, пропускаем
2026-02-25 21:28:20,594 - crypto_bot - INFO - ETH/USDT:USDT | Confidence details: {'trend': 10, 'momentum': 5, 'volume': 0, 'volatility': 0, 'patterns': 0, 'chart': 0}
2026-02-25 21:28:20,594 - crypto_bot - INFO - ETH/USDT:USDT | Confidence reasons: {'trend': ['Цена выше EMA200 (+10)', 'ADX = 20.0'], 'momentum': ['RSI перекуплен (88.2) (+5)'], 'volume': ['Объём ниже среднего'], 'volatility': ['Волатильность нормальная'], 'patterns': [], 'chart': []}
2026-02-25 21:28:20,594 - crypto_bot - INFO - ETH/USDT:USDT | Confidence 3.5 < 6, пропускаем
2026-02-25 21:28:21,688 - crypto_bot - INFO - SOL/USDT:USDT | Confidence details: {'trend': 10, 'momentum': 5, 'volume': 0, 'volatility': 0, 'patterns': 5, 'chart': 0}
2026-02-25 21:28:21,689 - crypto_bot - INFO - SOL/USDT:USDT | Confidence reasons: {'trend': ['Цена выше EMA200 (+10)', 'ADX = 20.0'], 'momentum': ['RSI перекуплен (91.7) (+5)'], 'volume': ['Объём ниже среднего'], 'volatility': ['Волатильность нормальная'], 'patterns': ['Бычий пин-бар (+5)'], 'chart': []}
2026-02-25 21:28:21,689 - crypto_bot - INFO - SOL/USDT:USDT | Confidence 4.0 < 6, пропускаем
2026-02-25 21:28:23,177 - crypto_bot - INFO - XRP/USDT:USDT | Confidence details: {'trend': 10, 'momentum': 5, 'volume': 0, 'volatility': 0, 'patterns': 5, 'chart': 0}
2026-02-25 21:28:23,177 - crypto_bot - INFO - XRP/USDT:USDT | Confidence reasons: {'trend': ['Цена выше EMA200 (+10)', 'ADX = 20.0'], 'momentum': ['RSI перекуплен (89.1) (+5)'], 'volume': ['Объём ниже среднего'], 'volatility': ['Волатильность нормальная'], 'patterns': ['Бычий пин-бар (+5)'], 'chart': []}
2026-02-25 21:28:23,178 - crypto_bot - INFO - XRP/USDT:USDT | Confidence 4.0 < 6, пропускаем
2026-02-25 21:28:24,661 - crypto_bot - INFO - ENSO/USDT:USDT | Confidence details: {'trend': 0, 'momentum': 15, 'volume': 0, 'volatility': 0, 'patterns': 5, 'chart': 0}
2026-02-25 21:28:24,661 - crypto_bot - INFO - ENSO/USDT:USDT | Confidence reasons: {'trend': ['Цена ниже EMA200', 'ADX = 20.0'], 'momentum': ['RSI перепродан (21.3) (+15)'], 'volume': ['Объём ниже среднего'], 'volatility': ['Волатильность нормальная'], 'patterns': ['Бычий пин-бар (+5)'], 'chart': []}
2026-02-25 21:28:24,661 - crypto_bot - INFO - ENSO/USDT:USDT | Confidence 3.5 < 6, пропускаем
2026-02-25 21:28:26,552 - crypto_bot - INFO - DOGE/USDT:USDT | Confidence details: {'trend': 10, 'momentum': 5, 'volume': 0, 'volatility': 0, 'patterns': 0, 'chart': 0}
2026-02-25 21:28:26,552 - crypto_bot - INFO - DOGE/USDT:USDT | Confidence reasons: {'trend': ['Цена выше EMA200 (+10)', 'ADX = 20.0'], 'momentum': ['RSI перекуплен (94.5) (+5)'], 'volume': ['Объём ниже среднего'], 'volatility': ['Волатильность нормальная'], 'patterns': [], 'chart': []}
2026-02-25 21:28:26,552 - crypto_bot - INFO - DOGE/USDT:USDT | Confidence 3.5 < 6, пропускаем
2026-02-25 21:28:27,864 - crypto_bot - INFO - POWER/USDT:USDT | Confidence details: {'trend': 10, 'momentum': 5, 'volume': 0, 'volatility': 0, 'patterns': 5, 'chart': 0}
2026-02-25 21:28:27,864 - crypto_bot - INFO - POWER/USDT:USDT | Confidence reasons: {'trend': ['Цена выше EMA200 (+10)', 'ADX = 20.0'], 'momentum': ['RSI перекуплен (88.8) (+5)'], 'volume': ['Объём ниже среднего'], 'volatility': ['Волатильность нормальная'], 'patterns': ['Бычье поглощение (+5)'], 'chart': []}
2026-02-25 21:28:27,864 - crypto_bot - INFO - POWER/USDT:USDT | Confidence 4.0 < 6, пропускаем
2026-02-25 21:28:29,571 - crypto_bot - INFO - ESP/USDT:USDT | Confidence details: {'trend': 10, 'momentum': 10, 'volume': 0, 'volatility': 15, 'patterns': 0, 'chart': 0}
2026-02-25 21:28:29,571 - crypto_bot - INFO - ESP/USDT:USDT | Confidence reasons: {'trend': ['Цена выше EMA200 (+10)', 'ADX = 20.0'], 'momentum': ['RSI нейтрален (32.8) (+10)'], 'volume': ['Объём ниже среднего'], 'volatility': ['ATR сжат (возможный пробой) (+15)'], 'patterns': [], 'chart': []}
2026-02-25 21:28:29,572 - crypto_bot - INFO - ESP/USDT:USDT | Дубль сигнала LONG, пропускаем
2026-02-25 21:28:30,894 - crypto_bot - INFO - HYPE/USDT:USDT | Confidence details: {'trend': 10, 'momentum': 5, 'volume': 0, 'volatility': 0, 'patterns': 0, 'chart': 0}
2026-02-25 21:28:30,894 - crypto_bot - INFO - HYPE/USDT:USDT | Confidence reasons: {'trend': ['Цена выше EMA200 (+10)', 'ADX = 20.0'], 'momentum': ['RSI перекуплен (74.3) (+5)'], 'volume': ['Объём ниже среднего'], 'volatility': ['Волатильность нормальная'], 'patterns': [], 'chart': []}
2026-02-25 21:28:30,894 - crypto_bot - INFO - HYPE/USDT:USDT | Confidence 3.5 < 6, пропускаем
2026-02-25 21:28:32,201 - crypto_bot - INFO - 1000PEPE/USDT:USDT | Confidence details: {'trend': 10, 'momentum': 5, 'volume': 0, 'volatility': 0, 'patterns': 0, 'chart': 0}
2026-02-25 21:28:32,201 - crypto_bot - INFO - 1000PEPE/USDT:USDT | Confidence reasons: {'trend': ['Цена выше EMA200 (+10)', 'ADX = 20.0'], 'momentum': ['RSI перекуплен (84.1) (+5)'], 'volume': ['Объём ниже среднего'], 'volatility': ['Волатильность нормальная'], 'patterns': [], 'chart': []}
2026-02-25 21:28:32,202 - crypto_bot - INFO - 1000PEPE/USDT:USDT | Confidence 3.5 < 6, пропускаем
2026-02-25 21:28:34,045 - crypto_bot - INFO - PIPPIN/USDT:USDT | Confidence details: {'trend': 10, 'momentum': 10, 'volume': 0, 'volatility': 0, 'patterns': 0, 'chart': 0}
2026-02-25 21:28:34,045 - crypto_bot - INFO - PIPPIN/USDT:USDT | Confidence reasons: {'trend': ['Цена выше EMA200 (+10)', 'ADX = 20.0'], 'momentum': ['RSI нейтрален (31.2) (+10)'], 'volume': ['Объём ниже среднего'], 'volatility': ['Волатильность нормальная'], 'patterns': [], 'chart': []}
2026-02-25 21:28:34,045 - crypto_bot - INFO - PIPPIN/USDT:USDT | Confidence 4.5 < 6, пропускаем
2026-02-25 21:28:35,851 - crypto_bot - INFO - ADA/USDT:USDT | Confidence details: {'trend': 10, 'momentum': 5, 'volume': 0, 'volatility': 0, 'patterns': 5, 'chart': 0}
2026-02-25 21:28:35,851 - crypto_bot - INFO - ADA/USDT:USDT | Confidence reasons: {'trend': ['Цена выше EMA200 (+10)', 'ADX = 20.0'], 'momentum': ['RSI перекуплен (93.1) (+5)'], 'volume': ['Объём ниже среднего'], 'volatility': ['Волатильность нормальная'], 'patterns': ['Бычий пин-бар (+5)'], 'chart': []}
2026-02-25 21:28:35,851 - crypto_bot - INFO - ADA/USDT:USDT | Confidence 4.0 < 6, пропускаем
2026-02-25 21:28:36,979 - crypto_bot - INFO - DOT/USDT:USDT | Confidence details: {'trend': 10, 'momentum': 5, 'volume': 0, 'volatility': 0, 'patterns': 0, 'chart': 0}
2026-02-25 21:28:36,979 - crypto_bot - INFO - DOT/USDT:USDT | Confidence reasons: {'trend': ['Цена выше EMA200 (+10)', 'ADX = 20.0'], 'momentum': ['RSI перекуплен (95.3) (+5)'], 'volume': ['Объём ниже среднего'], 'volatility': ['Волатильность нормальная'], 'patterns': [], 'chart': []}
2026-02-25 21:28:36,979 - crypto_bot - INFO - DOT/USDT:USDT | Confidence 3.5 < 6, пропускаем
2026-02-25 21:28:38,551 - crypto_bot - INFO - FARTCOIN/USDT:USDT | Confidence details: {'trend': 10, 'momentum': 5, 'volume': 0, 'volatility': 0, 'patterns': 0, 'chart': 0}
2026-02-25 21:28:38,551 - crypto_bot - INFO - FARTCOIN/USDT:USDT | Confidence reasons: {'trend': ['Цена выше EMA200 (+10)', 'ADX = 20.0'], 'momentum': ['RSI перекуплен (81.1) (+5)'], 'volume': ['Объём ниже среднего'], 'volatility': ['Волатильность нормальная'], 'patterns': [], 'chart': []}
2026-02-25 21:28:38,551 - crypto_bot - INFO - FARTCOIN/USDT:USDT | Confidence 3.5 < 6, пропускаем
2026-02-25 21:38:39,541 - crypto_bot - INFO - ⚡ Активных монет после фильтра: 14
2026-02-25 21:38:41,038 - crypto_bot - INFO - BTC/USDT:USDT | Confidence details: {'trend': 10, 'momentum': 5, 'volume': 20, 'volatility': 0, 'patterns': 0, 'chart': 0}
2026-02-25 21:38:41,039 - crypto_bot - INFO - BTC/USDT:USDT | Confidence reasons: {'trend': ['Цена выше EMA200 (+10)', 'ADX = 20.0'], 'momentum': ['RSI перекуплен (86.7) (+5)'], 'volume': ['Объём выше среднего в 1.5 раз (+20)'], 'volatility': ['Волатильность нормальная'], 'patterns': [], 'chart': []}
2026-02-25 21:38:41,039 - crypto_bot - INFO - BTC/USDT:USDT | Дубль сигнала LONG, пропускаем
2026-02-25 21:38:42,518 - crypto_bot - INFO - ETH/USDT:USDT | Confidence details: {'trend': 10, 'momentum': 5, 'volume': 0, 'volatility': 0, 'patterns': 5, 'chart': 0}
2026-02-25 21:38:42,518 - crypto_bot - INFO - ETH/USDT:USDT | Confidence reasons: {'trend': ['Цена выше EMA200 (+10)', 'ADX = 20.0'], 'momentum': ['RSI перекуплен (88.9) (+5)'], 'volume': ['Объём ниже среднего'], 'volatility': ['Волатильность нормальная'], 'patterns': ['Бычий пин-бар (+5)'], 'chart': []}
2026-02-25 21:38:42,518 - crypto_bot - INFO - ETH/USDT:USDT | Confidence 4.0 < 6, пропускаем
2026-02-25 21:38:43,997 - crypto_bot - INFO - SOL/USDT:USDT | Confidence details: {'trend': 10, 'momentum': 5, 'volume': 0, 'volatility': 0, 'patterns': 0, 'chart': 0}
2026-02-25 21:38:43,997 - crypto_bot - INFO - SOL/USDT:USDT | Confidence reasons: {'trend': ['Цена выше EMA200 (+10)', 'ADX = 20.0'], 'momentum': ['RSI перекуплен (91.9) (+5)'], 'volume': ['Объём ниже среднего'], 'volatility': ['Волатильность нормальная'], 'patterns': [], 'chart': []}
2026-02-25 21:38:43,997 - crypto_bot - INFO - SOL/USDT:USDT | Confidence 3.5 < 6, пропускаем
2026-02-25 21:38:45,364 - crypto_bot - INFO - XRP/USDT:USDT | Confidence details: {'trend': 10, 'momentum': 5, 'volume': 0, 'volatility': 0, 'patterns': 0, 'chart': 0}
2026-02-25 21:38:45,364 - crypto_bot - INFO - XRP/USDT:USDT | Confidence reasons: {'trend': ['Цена выше EMA200 (+10)', 'ADX = 20.0'], 'momentum': ['RSI перекуплен (89.3) (+5)'], 'volume': ['Объём ниже среднего'], 'volatility': ['Волатильность нормальная'], 'patterns': [], 'chart': []}
2026-02-25 21:38:45,365 - crypto_bot - INFO - XRP/USDT:USDT | Confidence 3.5 < 6, пропускаем
2026-02-25 21:38:46,988 - crypto_bot - INFO - ENSO/USDT:USDT | Confidence details: {'trend': 0, 'momentum': 15, 'volume': 0, 'volatility': 0, 'patterns': 5, 'chart': 0}
2026-02-25 21:38:46,988 - crypto_bot - INFO - ENSO/USDT:USDT | Confidence reasons: {'trend': ['Цена ниже EMA200', 'ADX = 20.0'], 'momentum': ['RSI перепродан (21.1) (+15)'], 'volume': ['Объём ниже среднего'], 'volatility': ['Волатильность нормальная'], 'patterns': ['Бычий пин-бар (+5)'], 'chart': []}
2026-02-25 21:38:46,989 - crypto_bot - INFO - ENSO/USDT:USDT | Confidence 3.5 < 6, пропускаем
2026-02-25 21:38:48,746 - crypto_bot - INFO - DOGE/USDT:USDT | Confidence details: {'trend': 10, 'momentum': 5, 'volume': 0, 'volatility': 0, 'patterns': 0, 'chart': 0}
2026-02-25 21:38:48,746 - crypto_bot - INFO - DOGE/USDT:USDT | Confidence reasons: {'trend': ['Цена выше EMA200 (+10)', 'ADX = 20.0'], 'momentum': ['RSI перекуплен (94.7) (+5)'], 'volume': ['Объём ниже среднего'], 'volatility': ['Волатильность нормальная'], 'patterns': [], 'chart': []}
2026-02-25 21:38:48,747 - crypto_bot - INFO - DOGE/USDT:USDT | Confidence 3.5 < 6, пропускаем
2026-02-25 21:38:50,029 - crypto_bot - INFO - POWER/USDT:USDT | Confidence details: {'trend': 10, 'momentum': 5, 'volume': 0, 'volatility': 0, 'patterns': 5, 'chart': 0}
2026-02-25 21:38:50,029 - crypto_bot - INFO - POWER/USDT:USDT | Confidence reasons: {'trend': ['Цена выше EMA200 (+10)', 'ADX = 20.0'], 'momentum': ['RSI перекуплен (88.7) (+5)'], 'volume': ['Объём ниже среднего'], 'volatility': ['Волатильность нормальная'], 'patterns': ['Бычье поглощение (+5)'], 'chart': []}
2026-02-25 21:38:50,029 - crypto_bot - INFO - POWER/USDT:USDT | Confidence 4.0 < 6, пропускаем
2026-02-25 21:38:51,528 - crypto_bot - INFO - ESP/USDT:USDT | Confidence details: {'trend': 10, 'momentum': 10, 'volume': 0, 'volatility': 15, 'patterns': 5, 'chart': 0}
2026-02-25 21:38:51,528 - crypto_bot - INFO - ESP/USDT:USDT | Confidence reasons: {'trend': ['Цена выше EMA200 (+10)', 'ADX = 20.0'], 'momentum': ['RSI нейтрален (31.4) (+10)'], 'volume': ['Объём ниже среднего'], 'volatility': ['ATR сжат (возможный пробой) (+15)'], 'patterns': ['Бычий пин-бар (+5)'], 'chart': []}
2026-02-25 21:38:51,528 - crypto_bot - INFO - ESP/USDT:USDT | Дубль сигнала LONG, пропускаем
2026-02-25 21:38:52,958 - crypto_bot - INFO - HYPE/USDT:USDT | Confidence details: {'trend': 10, 'momentum': 5, 'volume': 0, 'volatility': 0, 'patterns': 0, 'chart': 0}
2026-02-25 21:38:52,958 - crypto_bot - INFO - HYPE/USDT:USDT | Confidence reasons: {'trend': ['Цена выше EMA200 (+10)', 'ADX = 20.0'], 'momentum': ['RSI перекуплен (75.0) (+5)'], 'volume': ['Объём ниже среднего'], 'volatility': ['Волатильность нормальная'], 'patterns': [], 'chart': []}
2026-02-25 21:38:52,958 - crypto_bot - INFO - HYPE/USDT:USDT | Confidence 3.5 < 6, пропускаем
2026-02-25 21:38:54,344 - crypto_bot - INFO - 1000PEPE/USDT:USDT | Confidence details: {'trend': 10, 'momentum': 5, 'volume': 0, 'volatility': 0, 'patterns': 0, 'chart': 0}
2026-02-25 21:38:54,344 - crypto_bot - INFO - 1000PEPE/USDT:USDT | Confidence reasons: {'trend': ['Цена выше EMA200 (+10)', 'ADX = 20.0'], 'momentum': ['RSI перекуплен (84.7) (+5)'], 'volume': ['Объём ниже среднего'], 'volatility': ['Волатильность нормальная'], 'patterns': [], 'chart': []}
2026-02-25 21:38:54,344 - crypto_bot - INFO - 1000PEPE/USDT:USDT | Confidence 3.5 < 6, пропускаем
2026-02-25 21:38:55,878 - crypto_bot - INFO - PIPPIN/USDT:USDT | Confidence details: {'trend': 10, 'momentum': 15, 'volume': 0, 'volatility': 0, 'patterns': 0, 'chart': 0}
2026-02-25 21:38:55,879 - crypto_bot - INFO - PIPPIN/USDT:USDT | Confidence reasons: {'trend': ['Цена выше EMA200 (+10)', 'ADX = 20.0'], 'momentum': ['RSI перепродан (29.1) (+15)'], 'volume': ['Объём ниже среднего'], 'volatility': ['Волатильность нормальная'], 'patterns': [], 'chart': []}
2026-02-25 21:38:55,879 - crypto_bot - INFO - PIPPIN/USDT:USDT | Confidence 5.5 < 6, пропускаем
2026-02-25 21:38:57,517 - crypto_bot - INFO - ADA/USDT:USDT | Confidence details: {'trend': 10, 'momentum': 5, 'volume': 10, 'volatility': 0, 'patterns': 0, 'chart': 0}
2026-02-25 21:38:57,517 - crypto_bot - INFO - ADA/USDT:USDT | Confidence reasons: {'trend': ['Цена выше EMA200 (+10)', 'ADX = 20.0'], 'momentum': ['RSI перекуплен (93.4) (+5)'], 'volume': ['Объём выше среднего (+10)'], 'volatility': ['Волатильность нормальная'], 'patterns': [], 'chart': []}
2026-02-25 21:38:57,517 - crypto_bot - INFO - ADA/USDT:USDT | Confidence 5.5 < 6, пропускаем
2026-02-25 21:38:58,811 - crypto_bot - INFO - DOT/USDT:USDT | Confidence details: {'trend': 10, 'momentum': 5, 'volume': 0, 'volatility': 0, 'patterns': 0, 'chart': 0}
2026-02-25 21:38:58,811 - crypto_bot - INFO - DOT/USDT:USDT | Confidence reasons: {'trend': ['Цена выше EMA200 (+10)', 'ADX = 20.0'], 'momentum': ['RSI перекуплен (94.2) (+5)'], 'volume': ['Объём ниже среднего'], 'volatility': ['Волатильность нормальная'], 'patterns': [], 'chart': []}
2026-02-25 21:38:58,811 - crypto_bot - INFO - DOT/USDT:USDT | Confidence 3.5 < 6, пропускаем
2026-02-25 21:39:00,323 - crypto_bot - INFO - FARTCOIN/USDT:USDT | Confidence details: {'trend': 10, 'momentum': 5, 'volume': 0, 'volatility': 0, 'patterns': 0, 'chart': 0}
2026-02-25 21:39:00,324 - crypto_bot - INFO - FARTCOIN/USDT:USDT | Confidence reasons: {'trend': ['Цена выше EMA200 (+10)', 'ADX = 20.0'], 'momentum': ['RSI перекуплен (82.5) (+5)'], 'volume': ['Объём ниже среднего'], 'volatility': ['Волатильность нормальная'], 'patterns': [], 'chart': []}
2026-02-25 21:39:00,324 - crypto_bot - INFO - FARTCOIN/USDT:USDT | Confidence 3.5 < 6, пропускаем
2026-02-25 21:49:01,084 - crypto_bot - INFO - ⚡ Активных монет после фильтра: 14
2026-02-25 21:49:02,888 - crypto_bot - INFO - BTC/USDT:USDT | Confidence details: {'trend': 10, 'momentum': 5, 'volume': 20, 'volatility': 0, 'patterns': 0, 'chart': 0}
2026-02-25 21:49:02,888 - crypto_bot - INFO - BTC/USDT:USDT | Confidence reasons: {'trend': ['Цена выше EMA200 (+10)', 'ADX = 20.0'], 'momentum': ['RSI перекуплен (86.2) (+5)'], 'volume': ['Объём выше среднего в 1.5 раз (+20)'], 'volatility': ['Волатильность нормальная'], 'patterns': [], 'chart': []}
2026-02-25 21:49:02,889 - crypto_bot - INFO - BTC/USDT:USDT | Дубль сигнала LONG, пропускаем
2026-02-25 21:49:04,525 - crypto_bot - INFO - ETH/USDT:USDT | Confidence details: {'trend': 10, 'momentum': 5, 'volume': 0, 'volatility': 0, 'patterns': 0, 'chart': 0}
2026-02-25 21:49:04,526 - crypto_bot - INFO - ETH/USDT:USDT | Confidence reasons: {'trend': ['Цена выше EMA200 (+10)', 'ADX = 20.0'], 'momentum': ['RSI перекуплен (87.5) (+5)'], 'volume': ['Объём ниже среднего'], 'volatility': ['Волатильность нормальная'], 'patterns': [], 'chart': []}
2026-02-25 21:49:04,526 - crypto_bot - INFO - ETH/USDT:USDT | Confidence 3.5 < 6, пропускаем
2026-02-25 21:49:05,585 - crypto_bot - INFO - SOL/USDT:USDT | Confidence details: {'trend': 10, 'momentum': 5, 'volume': 10, 'volatility': 0, 'patterns': 5, 'chart': 0}
2026-02-25 21:49:05,585 - crypto_bot - INFO - SOL/USDT:USDT | Confidence reasons: {'trend': ['Цена выше EMA200 (+10)', 'ADX = 20.0'], 'momentum': ['RSI перекуплен (91.8) (+5)'], 'volume': ['Объём выше среднего (+10)'], 'volatility': ['Волатильность нормальная'], 'patterns': ['Бычий пин-бар (+5)'], 'chart': []}
2026-02-25 21:49:05,585 - crypto_bot - INFO - SOL/USDT:USDT | Дубль сигнала LONG, пропускаем
2026-02-25 21:49:07,281 - crypto_bot - INFO - XRP/USDT:USDT | Confidence details: {'trend': 10, 'momentum': 5, 'volume': 0, 'volatility': 0, 'patterns': 5, 'chart': 0}
2026-02-25 21:49:07,281 - crypto_bot - INFO - XRP/USDT:USDT | Confidence reasons: {'trend': ['Цена выше EMA200 (+10)', 'ADX = 20.0'], 'momentum': ['RSI перекуплен (89.2) (+5)'], 'volume': ['Объём ниже среднего'], 'volatility': ['Волатильность нормальная'], 'patterns': ['Бычий пин-бар (+5)'], 'chart': []}
2026-02-25 21:49:07,281 - crypto_bot - INFO - XRP/USDT:USDT | Confidence 4.0 < 6, пропускаем
2026-02-25 21:49:08,670 - crypto_bot - INFO - ENSO/USDT:USDT | Confidence details: {'trend': 0, 'momentum': 15, 'volume': 0, 'volatility': 0, 'patterns': 0, 'chart': 0}
2026-02-25 21:49:08,670 - crypto_bot - INFO - ENSO/USDT:USDT | Confidence reasons: {'trend': ['Цена ниже EMA200', 'ADX = 20.0'], 'momentum': ['RSI перепродан (20.9) (+15)'], 'volume': ['Объём ниже среднего'], 'volatility': ['Волатильность нормальная'], 'patterns': [], 'chart': []}
2026-02-25 21:49:08,671 - crypto_bot - INFO - ENSO/USDT:USDT | Confidence 3.0 < 6, пропускаем
2026-02-25 21:49:10,521 - crypto_bot - INFO - DOGE/USDT:USDT | Confidence details: {'trend': 10, 'momentum': 5, 'volume': 0, 'volatility': 0, 'patterns': 0, 'chart': 0}
2026-02-25 21:49:10,521 - crypto_bot - INFO - DOGE/USDT:USDT | Confidence reasons: {'trend': ['Цена выше EMA200 (+10)', 'ADX = 20.0'], 'momentum': ['RSI перекуплен (94.8) (+5)'], 'volume': ['Объём ниже среднего'], 'volatility': ['Волатильность нормальная'], 'patterns': [], 'chart': []}
2026-02-25 21:49:10,522 - crypto_bot - INFO - DOGE/USDT:USDT | Confidence 3.5 < 6, пропускаем
2026-02-25 21:49:12,036 - crypto_bot - INFO - POWER/USDT:USDT | Confidence details: {'trend': 10, 'momentum': 5, 'volume': 10, 'volatility': 0, 'patterns': 5, 'chart': 0}
2026-02-25 21:49:12,036 - crypto_bot - INFO - POWER/USDT:USDT | Confidence reasons: {'trend': ['Цена выше EMA200 (+10)', 'ADX = 20.0'], 'momentum': ['RSI перекуплен (88.8) (+5)'], 'volume': ['Объём выше среднего (+10)'], 'volatility': ['Волатильность нормальная'], 'patterns': ['Бычье поглощение (+5)'], 'chart': []}
2026-02-25 21:49:12,037 - crypto_bot - INFO - POWER/USDT:USDT | RR 0.16 < 1.5, пропускаем
2026-02-25 21:49:13,481 - crypto_bot - INFO - ESP/USDT:USDT | Confidence details: {'trend': 10, 'momentum': 15, 'volume': 0, 'volatility': 15, 'patterns': 0, 'chart': 0}
2026-02-25 21:49:13,481 - crypto_bot - INFO - ESP/USDT:USDT | Confidence reasons: {'trend': ['Цена выше EMA200 (+10)', 'ADX = 20.0'], 'momentum': ['RSI перепродан (29.5) (+15)'], 'volume': ['Объём ниже среднего'], 'volatility': ['ATR сжат (возможный пробой) (+15)'], 'patterns': [], 'chart': []}
2026-02-25 21:49:13,483 - crypto_bot - INFO - ESP/USDT:USDT | RR 0.23 < 1.5, пропускаем
2026-02-25 21:49:14,770 - crypto_bot - INFO - HYPE/USDT:USDT | Confidence details: {'trend': 10, 'momentum': 5, 'volume': 0, 'volatility': 0, 'patterns': 0, 'chart': 0}
2026-02-25 21:49:14,771 - crypto_bot - INFO - HYPE/USDT:USDT | Confidence reasons: {'trend': ['Цена выше EMA200 (+10)', 'ADX = 20.0'], 'momentum': ['RSI перекуплен (74.1) (+5)'], 'volume': ['Объём ниже среднего'], 'volatility': ['Волатильность нормальная'], 'patterns': [], 'chart': []}
2026-02-25 21:49:14,771 - crypto_bot - INFO - HYPE/USDT:USDT | Confidence 3.5 < 6, пропускаем
2026-02-25 21:49:16,078 - crypto_bot - INFO - 1000PEPE/USDT:USDT | Confidence details: {'trend': 10, 'momentum': 5, 'volume': 10, 'volatility': 0, 'patterns': 0, 'chart': 0}
2026-02-25 21:49:16,078 - crypto_bot - INFO - 1000PEPE/USDT:USDT | Confidence reasons: {'trend': ['Цена выше EMA200 (+10)', 'ADX = 20.0'], 'momentum': ['RSI перекуплен (84.8) (+5)'], 'volume': ['Объём выше среднего (+10)'], 'volatility': ['Волатильность нормальная'], 'patterns': [], 'chart': []}
2026-02-25 21:49:16,078 - crypto_bot - INFO - 1000PEPE/USDT:USDT | Confidence 5.5 < 6, пропускаем
2026-02-25 21:49:17,909 - crypto_bot - INFO - PIPPIN/USDT:USDT | Confidence details: {'trend': 10, 'momentum': 15, 'volume': 0, 'volatility': 0, 'patterns': 0, 'chart': 0}
2026-02-25 21:49:17,909 - crypto_bot - INFO - PIPPIN/USDT:USDT | Confidence reasons: {'trend': ['Цена выше EMA200 (+10)', 'ADX = 20.0'], 'momentum': ['RSI перепродан (28.6) (+15)'], 'volume': ['Объём ниже среднего'], 'volatility': ['Волатильность нормальная'], 'patterns': [], 'chart': []}
2026-02-25 21:49:17,910 - crypto_bot - INFO - PIPPIN/USDT:USDT | Confidence 5.5 < 6, пропускаем
2026-02-25 21:49:19,498 - crypto_bot - INFO - ADA/USDT:USDT | Confidence details: {'trend': 10, 'momentum': 5, 'volume': 10, 'volatility': 0, 'patterns': 0, 'chart': 0}
2026-02-25 21:49:19,498 - crypto_bot - INFO - ADA/USDT:USDT | Confidence reasons: {'trend': ['Цена выше EMA200 (+10)', 'ADX = 20.0'], 'momentum': ['RSI перекуплен (93.4) (+5)'], 'volume': ['Объём выше среднего (+10)'], 'volatility': ['Волатильность нормальная'], 'patterns': [], 'chart': []}
2026-02-25 21:49:19,499 - crypto_bot - INFO - ADA/USDT:USDT | Confidence 5.5 < 6, пропускаем
2026-02-25 21:49:20,883 - crypto_bot - INFO - DOT/USDT:USDT | Confidence details: {'trend': 10, 'momentum': 5, 'volume': 10, 'volatility': 0, 'patterns': 5, 'chart': 0}
2026-02-25 21:49:20,883 - crypto_bot - INFO - DOT/USDT:USDT | Confidence reasons: {'trend': ['Цена выше EMA200 (+10)', 'ADX = 20.0'], 'momentum': ['RSI перекуплен (96.8) (+5)'], 'volume': ['Объём выше среднего (+10)'], 'volatility': ['Волатильность нормальная'], 'patterns': ['Бычий пин-бар (+5)'], 'chart': []}
2026-02-25 21:49:20,883 - crypto_bot - INFO - DOT/USDT:USDT | Дубль сигнала LONG, пропускаем
2026-02-25 21:49:22,126 - crypto_bot - INFO - FARTCOIN/USDT:USDT | Confidence details: {'trend': 10, 'momentum': 5, 'volume': 0, 'volatility': 0, 'patterns': 5, 'chart': 0}
2026-02-25 21:49:22,127 - crypto_bot - INFO - FARTCOIN/USDT:USDT | Confidence reasons: {'trend': ['Цена выше EMA200 (+10)', 'ADX = 20.0'], 'momentum': ['RSI перекуплен (82.1) (+5)'], 'volume': ['Объём ниже среднего'], 'volatility': ['Волатильность нормальная'], 'patterns': ['Бычий пин-бар (+5)'], 'chart': []}
2026-02-25 21:49:22,127 - crypto_bot - INFO - FARTCOIN/USDT:USDT | Confidence 4.0 < 6, пропускаем
2026-02-25 21:59:23,130 - crypto_bot - INFO - ⚡ Активных монет после фильтра: 14
2026-02-25 21:59:24,553 - crypto_bot - INFO - BTC/USDT:USDT | Confidence details: {'trend': 10, 'momentum': 5, 'volume': 20, 'volatility': 0, 'patterns': 0, 'chart': 0}
2026-02-25 21:59:24,553 - crypto_bot - INFO - BTC/USDT:USDT | Confidence reasons: {'trend': ['Цена выше EMA200 (+10)', 'ADX = 20.0'], 'momentum': ['RSI перекуплен (86.4) (+5)'], 'volume': ['Объём выше среднего в 1.5 раз (+20)'], 'volatility': ['Волатильность нормальная'], 'patterns': [], 'chart': []}
2026-02-25 21:59:24,553 - crypto_bot - INFO - BTC/USDT:USDT | Дубль сигнала LONG, пропускаем
2026-02-25 21:59:26,111 - crypto_bot - INFO - ETH/USDT:USDT | Confidence details: {'trend': 10, 'momentum': 5, 'volume': 10, 'volatility': 0, 'patterns': 5, 'chart': 0}
2026-02-25 21:59:26,112 - crypto_bot - INFO - ETH/USDT:USDT | Confidence reasons: {'trend': ['Цена выше EMA200 (+10)', 'ADX = 20.0'], 'momentum': ['RSI перекуплен (88.9) (+5)'], 'volume': ['Объём выше среднего (+10)'], 'volatility': ['Волатильность нормальная'], 'patterns': ['Бычий пин-бар (+5)'], 'chart': []}
2026-02-25 21:59:26,112 - crypto_bot - INFO - ETH/USDT:USDT | Дубль сигнала LONG, пропускаем
2026-02-25 21:59:27,389 - crypto_bot - INFO - SOL/USDT:USDT | Confidence details: {'trend': 10, 'momentum': 5, 'volume': 10, 'volatility': 0, 'patterns': 0, 'chart': 0}
2026-02-25 21:59:27,389 - crypto_bot - INFO - SOL/USDT:USDT | Confidence reasons: {'trend': ['Цена выше EMA200 (+10)', 'ADX = 20.0'], 'momentum': ['RSI перекуплен (92.0) (+5)'], 'volume': ['Объём выше среднего (+10)'], 'volatility': ['Волатильность нормальная'], 'patterns': [], 'chart': []}
2026-02-25 21:59:27,389 - crypto_bot - INFO - SOL/USDT:USDT | Confidence 5.5 < 6, пропускаем
2026-02-25 21:59:29,462 - crypto_bot - INFO - XRP/USDT:USDT | Confidence details: {'trend': 10, 'momentum': 5, 'volume': 10, 'volatility': 0, 'patterns': 0, 'chart': 0}
2026-02-25 21:59:29,463 - crypto_bot - INFO - XRP/USDT:USDT | Confidence reasons: {'trend': ['Цена выше EMA200 (+10)', 'ADX = 20.0'], 'momentum': ['RSI перекуплен (89.2) (+5)'], 'volume': ['Объём выше среднего (+10)'], 'volatility': ['Волатильность нормальная'], 'patterns': [], 'chart': []}
2026-02-25 21:59:29,463 - crypto_bot - INFO - XRP/USDT:USDT | Confidence 5.5 < 6, пропускаем
2026-02-25 21:59:30,870 - crypto_bot - INFO - ENSO/USDT:USDT | Confidence details: {'trend': 0, 'momentum': 15, 'volume': 0, 'volatility': 0, 'patterns': 0, 'chart': 0}
2026-02-25 21:59:30,870 - crypto_bot - INFO - ENSO/USDT:USDT | Confidence reasons: {'trend': ['Цена ниже EMA200', 'ADX = 20.0'], 'momentum': ['RSI перепродан (20.6) (+15)'], 'volume': ['Объём ниже среднего'], 'volatility': ['Волатильность нормальная'], 'patterns': [], 'chart': []}
2026-02-25 21:59:30,870 - crypto_bot - INFO - ENSO/USDT:USDT | Confidence 3.0 < 6, пропускаем
2026-02-25 21:59:32,178 - crypto_bot - INFO - DOGE/USDT:USDT | Confidence details: {'trend': 10, 'momentum': 5, 'volume': 0, 'volatility': 0, 'patterns': 0, 'chart': 0}
2026-02-25 21:59:32,179 - crypto_bot - INFO - DOGE/USDT:USDT | Confidence reasons: {'trend': ['Цена выше EMA200 (+10)', 'ADX = 20.0'], 'momentum': ['RSI перекуплен (94.7) (+5)'], 'volume': ['Объём ниже среднего'], 'volatility': ['Волатильность нормальная'], 'patterns': [], 'chart': []}
2026-02-25 21:59:32,179 - crypto_bot - INFO - DOGE/USDT:USDT | Confidence 3.5 < 6, пропускаем
2026-02-25 21:59:33,375 - crypto_bot - INFO - POWER/USDT:USDT | Confidence details: {'trend': 10, 'momentum': 5, 'volume': 10, 'volatility': 0, 'patterns': 0, 'chart': 0}
2026-02-25 21:59:33,375 - crypto_bot - INFO - POWER/USDT:USDT | Confidence reasons: {'trend': ['Цена выше EMA200 (+10)', 'ADX = 20.0'], 'momentum': ['RSI перекуплен (88.3) (+5)'], 'volume': ['Объём выше среднего (+10)'], 'volatility': ['Волатильность нормальная'], 'patterns': [], 'chart': []}
2026-02-25 21:59:33,375 - crypto_bot - INFO - POWER/USDT:USDT | Confidence 5.5 < 6, пропускаем
2026-02-25 21:59:35,252 - crypto_bot - INFO - ESP/USDT:USDT | Confidence details: {'trend': 10, 'momentum': 15, 'volume': 0, 'volatility': 15, 'patterns': 0, 'chart': 0}
2026-02-25 21:59:35,252 - crypto_bot - INFO - ESP/USDT:USDT | Confidence reasons: {'trend': ['Цена выше EMA200 (+10)', 'ADX = 20.0'], 'momentum': ['RSI перепродан (29.4) (+15)'], 'volume': ['Объём ниже среднего'], 'volatility': ['ATR сжат (возможный пробой) (+15)'], 'patterns': [], 'chart': []}
2026-02-25 21:59:35,252 - crypto_bot - INFO - ESP/USDT:USDT | Дубль сигнала SHORT, пропускаем
2026-02-25 21:59:36,605 - crypto_bot - INFO - HYPE/USDT:USDT | Confidence details: {'trend': 10, 'momentum': 5, 'volume': 10, 'volatility': 0, 'patterns': 0, 'chart': 0}
2026-02-25 21:59:36,606 - crypto_bot - INFO - HYPE/USDT:USDT | Confidence reasons: {'trend': ['Цена выше EMA200 (+10)', 'ADX = 20.0'], 'momentum': ['RSI перекуплен (73.6) (+5)'], 'volume': ['Объём выше среднего (+10)'], 'volatility': ['Волатильность нормальная'], 'patterns': [], 'chart': []}
2026-02-25 21:59:36,606 - crypto_bot - INFO - HYPE/USDT:USDT | Confidence 5.5 < 6, пропускаем
2026-02-25 21:59:37,912 - crypto_bot - INFO - 1000PEPE/USDT:USDT | Confidence details: {'trend': 10, 'momentum': 5, 'volume': 10, 'volatility': 0, 'patterns': 0, 'chart': 0}
2026-02-25 21:59:37,912 - crypto_bot - INFO - 1000PEPE/USDT:USDT | Confidence reasons: {'trend': ['Цена выше EMA200 (+10)', 'ADX = 20.0'], 'momentum': ['RSI перекуплен (84.8) (+5)'], 'volume': ['Объём выше среднего (+10)'], 'volatility': ['Волатильность нормальная'], 'patterns': [], 'chart': []}
2026-02-25 21:59:37,912 - crypto_bot - INFO - 1000PEPE/USDT:USDT | Confidence 5.5 < 6, пропускаем
2026-02-25 21:59:39,782 - crypto_bot - INFO - PIPPIN/USDT:USDT | Confidence details: {'trend': 10, 'momentum': 15, 'volume': 0, 'volatility': 0, 'patterns': 0, 'chart': 0}
2026-02-25 21:59:39,782 - crypto_bot - INFO - PIPPIN/USDT:USDT | Confidence reasons: {'trend': ['Цена выше EMA200 (+10)', 'ADX = 20.0'], 'momentum': ['RSI перепродан (28.2) (+15)'], 'volume': ['Объём ниже среднего'], 'volatility': ['Волатильность нормальная'], 'patterns': [], 'chart': []}
2026-02-25 21:59:39,782 - crypto_bot - INFO - PIPPIN/USDT:USDT | Confidence 5.5 < 6, пропускаем
2026-02-25 21:59:41,084 - crypto_bot - INFO - ADA/USDT:USDT | Confidence details: {'trend': 10, 'momentum': 5, 'volume': 10, 'volatility': 0, 'patterns': 0, 'chart': 0}
2026-02-25 21:59:41,084 - crypto_bot - INFO - ADA/USDT:USDT | Confidence reasons: {'trend': ['Цена выше EMA200 (+10)', 'ADX = 20.0'], 'momentum': ['RSI перекуплен (93.4) (+5)'], 'volume': ['Объём выше среднего (+10)'], 'volatility': ['Волатильность нормальная'], 'patterns': [], 'chart': []}
2026-02-25 21:59:41,084 - crypto_bot - INFO - ADA/USDT:USDT | Confidence 5.5 < 6, пропускаем
2026-02-25 21:59:42,566 - crypto_bot - INFO - DOT/USDT:USDT | Confidence details: {'trend': 10, 'momentum': 5, 'volume': 10, 'volatility': 0, 'patterns': 5, 'chart': 0}
2026-02-25 21:59:42,566 - crypto_bot - INFO - DOT/USDT:USDT | Confidence reasons: {'trend': ['Цена выше EMA200 (+10)', 'ADX = 20.0'], 'momentum': ['RSI перекуплен (96.8) (+5)'], 'volume': ['Объём выше среднего (+10)'], 'volatility': ['Волатильность нормальная'], 'patterns': ['Бычий пин-бар (+5)'], 'chart': []}
2026-02-25 21:59:42,566 - crypto_bot - INFO - DOT/USDT:USDT | Дубль сигнала LONG, пропускаем
2026-02-25 21:59:44,300 - crypto_bot - INFO - FARTCOIN/USDT:USDT | Confidence details: {'trend': 10, 'momentum': 5, 'volume': 0, 'volatility': 0, 'patterns': 0, 'chart': 0}
2026-02-25 21:59:44,301 - crypto_bot - INFO - FARTCOIN/USDT:USDT | Confidence reasons: {'trend': ['Цена выше EMA200 (+10)', 'ADX = 20.0'], 'momentum': ['RSI перекуплен (82.2) (+5)'], 'volume': ['Объём ниже среднего'], 'volatility': ['Волатильность нормальная'], 'patterns': [], 'chart': []}
2026-02-25 21:59:44,301 - crypto_bot - INFO - FARTCOIN/USDT:USDT | Confidence 3.5 < 6, пропускаем
2026-02-26 10:53:16,119 - crypto_bot - INFO - ENV PATH: C:\Users\user\Desktop\crypto_bot\.env
2026-02-26 10:53:16,120 - crypto_bot - INFO - TOKEN FROM ENV: 8754768915:AAENY_esFdhvfJpl7xUX2Ig35e6TKXAdut0
2026-02-26 10:53:17,984 - crypto_bot - INFO - 🚀 Trading Engine запущен (структурные уровни)
2026-02-26 10:53:25,612 - crypto_bot - INFO - 📊 Обновлён список топ-15 монет: ['BTC/USDT:USDT', 'ETH/USDT:USDT', 'SOL/USDT:USDT', 'XRP/USDT:USDT', 'DOGE/USDT:USDT', 'ENSO/USDT:USDT', 'DOT/USDT:USDT', 'HYPE/USDT:USDT', 'POWER/USDT:USDT', 'ADA/USDT:USDT', '1000PEPE/USDT:USDT', 'ARC/USDT:USDT', 'XAUT/USDT:USDT', 'ESP/USDT:USDT', 'SUI/USDT:USDT']
2026-02-26 10:53:42,401 - crypto_bot - INFO - ⚡ Активных монет после фильтра: 14
2026-02-26 10:53:42,995 - crypto_bot - INFO - ✅ Бот @Crypro000_bot успешно запущен!
2026-02-26 10:53:44,468 - crypto_bot - INFO - BTC/USDT:USDT | Confidence details: {'trend': 10, 'momentum': 10, 'volume': 0, 'volatility': 5, 'patterns': 0, 'chart': 0}
2026-02-26 10:53:44,515 - crypto_bot - INFO - BTC/USDT:USDT | Confidence reasons: {'trend': ['Цена выше EMA200 (+10)', 'ADX = 20.0'], 'momentum': ['RSI нейтрален (39.3) (+10)'], 'volume': ['Объём ниже среднего'], 'volatility': ['Волатильность нормальная', 'Узкий диапазон за 10 свечей (+5)'], 'patterns': [], 'chart': []}
2026-02-26 10:53:44,515 - crypto_bot - INFO - BTC/USDT:USDT | Confidence 5.2 < 6, пропускаем
2026-02-26 10:53:46,114 - crypto_bot - INFO - ETH/USDT:USDT | Confidence details: {'trend': 10, 'momentum': 10, 'volume': 0, 'volatility': 0, 'patterns': 0, 'chart': 0}
2026-02-26 10:53:46,114 - crypto_bot - INFO - ETH/USDT:USDT | Confidence reasons: {'trend': ['Цена выше EMA200 (+10)', 'ADX = 20.0'], 'momentum': ['RSI нейтрален (42.2) (+10)'], 'volume': ['Объём ниже среднего'], 'volatility': ['Волатильность нормальная'], 'patterns': [], 'chart': []}
2026-02-26 10:53:46,115 - crypto_bot - INFO - ETH/USDT:USDT | Confidence 4.5 < 6, пропускаем
2026-02-26 10:53:47,465 - crypto_bot - INFO - SOL/USDT:USDT | Confidence details: {'trend': 10, 'momentum': 10, 'volume': 0, 'volatility': 0, 'patterns': 0, 'chart': 0}
2026-02-26 10:53:47,465 - crypto_bot - INFO - SOL/USDT:USDT | Confidence reasons: {'trend': ['Цена выше EMA200 (+10)', 'ADX = 20.0'], 'momentum': ['RSI нейтрален (40.3) (+10)'], 'volume': ['Объём ниже среднего'], 'volatility': ['Волатильность нормальная'], 'patterns': [], 'chart': []}
2026-02-26 10:53:47,465 - crypto_bot - INFO - SOL/USDT:USDT | Confidence 4.5 < 6, пропускаем
2026-02-26 10:53:48,939 - crypto_bot - INFO - XRP/USDT:USDT | Confidence details: {'trend': 10, 'momentum': 10, 'volume': 0, 'volatility': 0, 'patterns': 0, 'chart': 0}
2026-02-26 10:53:48,939 - crypto_bot - INFO - XRP/USDT:USDT | Confidence reasons: {'trend': ['Цена выше EMA200 (+10)', 'ADX = 20.0'], 'momentum': ['RSI нейтрален (38.4) (+10)'], 'volume': ['Объём ниже среднего'], 'volatility': ['Волатильность нормальная'], 'patterns': [], 'chart': []}
2026-02-26 10:53:48,939 - crypto_bot - INFO - XRP/USDT:USDT | Confidence 4.5 < 6, пропускаем
2026-02-26 10:53:50,462 - crypto_bot - INFO - DOGE/USDT:USDT | Confidence details: {'trend': 10, 'momentum': 10, 'volume': 0, 'volatility': 0, 'patterns': 0, 'chart': 0}
2026-02-26 10:53:50,463 - crypto_bot - INFO - DOGE/USDT:USDT | Confidence reasons: {'trend': ['Цена выше EMA200 (+10)', 'ADX = 20.0'], 'momentum': ['RSI нейтрален (34.4) (+10)'], 'volume': ['Объём ниже среднего'], 'volatility': ['Волатильность нормальная'], 'patterns': [], 'chart': []}
2026-02-26 10:53:50,463 - crypto_bot - INFO - DOGE/USDT:USDT | Confidence 4.5 < 6, пропускаем
2026-02-26 10:53:52,034 - crypto_bot - INFO - ENSO/USDT:USDT | Confidence details: {'trend': 0, 'momentum': 15, 'volume': 0, 'volatility': 15, 'patterns': 0, 'chart': 0}
2026-02-26 10:53:52,035 - crypto_bot - INFO - ENSO/USDT:USDT | Confidence reasons: {'trend': ['Цена ниже EMA200', 'ADX = 20.0'], 'momentum': ['RSI перепродан (24.4) (+15)'], 'volume': ['Объём ниже среднего'], 'volatility': ['ATR сжат (возможный пробой) (+15)'], 'patterns': [], 'chart': []}
2026-02-26 10:53:52,035 - crypto_bot - INFO - ENSO/USDT:USDT | Confidence 5.2 < 6, пропускаем
2026-02-26 10:53:53,793 - crypto_bot - INFO - DOT/USDT:USDT | Confidence details: {'trend': 10, 'momentum': 10, 'volume': 0, 'volatility': 0, 'patterns': 0, 'chart': 0}
2026-02-26 10:53:53,793 - crypto_bot - INFO - DOT/USDT:USDT | Confidence reasons: {'trend': ['Цена выше EMA200 (+10)', 'ADX = 20.0'], 'momentum': ['RSI нейтрален (50.5) (+10)'], 'volume': ['Объём ниже среднего'], 'volatility': ['Волатильность нормальная'], 'patterns': [], 'chart': []}
2026-02-26 10:53:53,793 - crypto_bot - INFO - DOT/USDT:USDT | Confidence 4.5 < 6, пропускаем
2026-02-26 10:53:54,878 - crypto_bot - INFO - HYPE/USDT:USDT | Confidence details: {'trend': 10, 'momentum': 10, 'volume': 0, 'volatility': 0, 'patterns': 0, 'chart': 0}
2026-02-26 10:53:54,878 - crypto_bot - INFO - HYPE/USDT:USDT | Confidence reasons: {'trend': ['Цена выше EMA200 (+10)', 'ADX = 20.0'], 'momentum': ['RSI нейтрален (39.9) (+10)'], 'volume': ['Объём ниже среднего'], 'volatility': ['Волатильность нормальная'], 'patterns': [], 'chart': []}
2026-02-26 10:53:54,878 - crypto_bot - INFO - HYPE/USDT:USDT | Confidence 4.5 < 6, пропускаем
2026-02-26 10:53:56,818 - crypto_bot - INFO - POWER/USDT:USDT | Confidence details: {'trend': 10, 'momentum': 5, 'volume': 10, 'volatility': 0, 'patterns': 0, 'chart': 0}
2026-02-26 10:53:56,818 - crypto_bot - INFO - POWER/USDT:USDT | Confidence reasons: {'trend': ['Цена выше EMA200 (+10)', 'ADX = 20.0'], 'momentum': ['RSI перекуплен (72.2) (+5)'], 'volume': ['Объём выше среднего (+10)'], 'volatility': ['Волатильность нормальная'], 'patterns': [], 'chart': []}
2026-02-26 10:53:56,818 - crypto_bot - INFO - POWER/USDT:USDT | Confidence 5.5 < 6, пропускаем
2026-02-26 10:53:58,278 - crypto_bot - INFO - ADA/USDT:USDT | Confidence details: {'trend': 10, 'momentum': 10, 'volume': 0, 'volatility': 0, 'patterns': 0, 'chart': 0}
2026-02-26 10:53:58,279 - crypto_bot - INFO - ADA/USDT:USDT | Confidence reasons: {'trend': ['Цена выше EMA200 (+10)', 'ADX = 20.0'], 'momentum': ['RSI нейтрален (45.2) (+10)'], 'volume': ['Объём ниже среднего'], 'volatility': ['Волатильность нормальная'], 'patterns': [], 'chart': []}
2026-02-26 10:53:58,279 - crypto_bot - INFO - ADA/USDT:USDT | Confidence 4.5 < 6, пропускаем
2026-02-26 10:53:59,594 - crypto_bot - INFO - 1000PEPE/USDT:USDT | Confidence details: {'trend': 10, 'momentum': 15, 'volume': 0, 'volatility': 0, 'patterns': 0, 'chart': 0}
2026-02-26 10:53:59,595 - crypto_bot - INFO - 1000PEPE/USDT:USDT | Confidence reasons: {'trend': ['Цена выше EMA200 (+10)', 'ADX = 20.0'], 'momentum': ['RSI перепродан (21.5) (+15)'], 'volume': ['Объём ниже среднего'], 'volatility': ['Волатильность нормальная'], 'patterns': [], 'chart': []}
2026-02-26 10:53:59,595 - crypto_bot - INFO - 1000PEPE/USDT:USDT | Confidence 5.5 < 6, пропускаем
2026-02-26 10:54:01,334 - crypto_bot - INFO - ARC/USDT:USDT | Confidence details: {'trend': 0, 'momentum': 15, 'volume': 10, 'volatility': 0, 'patterns': 0, 'chart': 0}
2026-02-26 10:54:01,335 - crypto_bot - INFO - ARC/USDT:USDT | Confidence reasons: {'trend': ['Цена ниже EMA200', 'ADX = 20.0'], 'momentum': ['RSI перепродан (13.1) (+15)'], 'volume': ['Объём выше среднего (+10)'], 'volatility': ['Волатильность нормальная'], 'patterns': [], 'chart': []}
2026-02-26 10:54:01,335 - crypto_bot - INFO - ARC/USDT:USDT | Confidence 5.0 < 6, пропускаем
2026-02-26 10:54:02,384 - crypto_bot - INFO - ESP/USDT:USDT | Confidence details: {'trend': 10, 'momentum': 15, 'volume': 0, 'volatility': 0, 'patterns': 0, 'chart': 0}
2026-02-26 10:54:02,384 - crypto_bot - INFO - ESP/USDT:USDT | Confidence reasons: {'trend': ['Цена выше EMA200 (+10)', 'ADX = 20.0'], 'momentum': ['RSI перепродан (27.0) (+15)'], 'volume': ['Объём ниже среднего'], 'volatility': ['Волатильность нормальная'], 'patterns': [], 'chart': []}
2026-02-26 10:54:02,384 - crypto_bot - INFO - ESP/USDT:USDT | Confidence 5.5 < 6, пропускаем
2026-02-26 10:54:04,330 - crypto_bot - INFO - SUI/USDT:USDT | Confidence details: {'trend': 10, 'momentum': 10, 'volume': 0, 'volatility': 0, 'patterns': 0, 'chart': 0}
2026-02-26 10:54:04,330 - crypto_bot - INFO - SUI/USDT:USDT | Confidence reasons: {'trend': ['Цена выше EMA200 (+10)', 'ADX = 20.0'], 'momentum': ['RSI нейтрален (39.7) (+10)'], 'volume': ['Объём ниже среднего'], 'volatility': ['Волатильность нормальная'], 'patterns': [], 'chart': []}
2026-02-26 10:54:04,330 - crypto_bot - INFO - SUI/USDT:USDT | Confidence 4.5 < 6, пропускаем
2026-02-26 11:04:05,035 - crypto_bot - INFO - ⚡ Активных монет после фильтра: 14
2026-02-26 11:04:06,942 - crypto_bot - INFO - BTC/USDT:USDT | Confidence details: {'trend': 10, 'momentum': 15, 'volume': 0, 'volatility': 5, 'patterns': 0, 'chart': 0}
2026-02-26 11:04:06,942 - crypto_bot - INFO - BTC/USDT:USDT | Confidence reasons: {'trend': ['Цена выше EMA200 (+10)', 'ADX = 20.0'], 'momentum': ['RSI перепродан (26.9) (+15)'], 'volume': ['Объём ниже среднего'], 'volatility': ['Волатильность нормальная', 'Узкий диапазон за 10 свечей (+5)'], 'patterns': [], 'chart': []}
2026-02-26 11:04:08,537 - crypto_bot - INFO - ETH/USDT:USDT | Confidence details: {'trend': 10, 'momentum': 10, 'volume': 0, 'volatility': 5, 'patterns': 5, 'chart': 0}
2026-02-26 11:04:08,537 - crypto_bot - INFO - ETH/USDT:USDT | Confidence reasons: {'trend': ['Цена выше EMA200 (+10)', 'ADX = 20.0'], 'momentum': ['RSI нейтрален (42.5) (+10)'], 'volume': ['Объём ниже среднего'], 'volatility': ['Волатильность нормальная', 'Узкий диапазон за 10 свечей (+5)'], 'patterns': ['Бычий пин-бар (+5)'], 'chart': []}
2026-02-26 11:04:08,537 - crypto_bot - INFO - ETH/USDT:USDT | Confidence 5.8 < 6, пропускаем
2026-02-26 11:04:10,021 - crypto_bot - INFO - SOL/USDT:USDT | Confidence details: {'trend': 10, 'momentum': 10, 'volume': 0, 'volatility': 5, 'patterns': 0, 'chart': 0}
2026-02-26 11:04:10,021 - crypto_bot - INFO - SOL/USDT:USDT | Confidence reasons: {'trend': ['Цена выше EMA200 (+10)', 'ADX = 20.0'], 'momentum': ['RSI нейтрален (37.9) (+10)'], 'volume': ['Объём ниже среднего'], 'volatility': ['Волатильность нормальная', 'Узкий диапазон за 10 свечей (+5)'], 'patterns': [], 'chart': []}
2026-02-26 11:04:10,021 - crypto_bot - INFO - SOL/USDT:USDT | Confidence 5.2 < 6, пропускаем
2026-02-26 11:04:11,419 - crypto_bot - INFO - XRP/USDT:USDT | Confidence details: {'trend': 10, 'momentum': 10, 'volume': 0, 'volatility': 0, 'patterns': 0, 'chart': 0}
2026-02-26 11:04:11,419 - crypto_bot - INFO - XRP/USDT:USDT | Confidence reasons: {'trend': ['Цена выше EMA200 (+10)', 'ADX = 20.0'], 'momentum': ['RSI нейтрален (37.9) (+10)'], 'volume': ['Объём ниже среднего'], 'volatility': ['Волатильность нормальная'], 'patterns': [], 'chart': []}
2026-02-26 11:04:11,419 - crypto_bot - INFO - XRP/USDT:USDT | Confidence 4.5 < 6, пропускаем
2026-02-26 11:04:12,859 - crypto_bot - INFO - DOGE/USDT:USDT | Confidence details: {'trend': 10, 'momentum': 10, 'volume': 0, 'volatility': 0, 'patterns': 0, 'chart': 0}
2026-02-26 11:04:12,860 - crypto_bot - INFO - DOGE/USDT:USDT | Confidence reasons: {'trend': ['Цена выше EMA200 (+10)', 'ADX = 20.0'], 'momentum': ['RSI нейтрален (31.4) (+10)'], 'volume': ['Объём ниже среднего'], 'volatility': ['Волатильность нормальная'], 'patterns': [], 'chart': []}
2026-02-26 11:04:12,860 - crypto_bot - INFO - DOGE/USDT:USDT | Confidence 4.5 < 6, пропускаем
2026-02-26 11:04:14,106 - crypto_bot - INFO - ENSO/USDT:USDT | Confidence details: {'trend': 0, 'momentum': 15, 'volume': 0, 'volatility': 15, 'patterns': 0, 'chart': 0}
2026-02-26 11:04:14,106 - crypto_bot - INFO - ENSO/USDT:USDT | Confidence reasons: {'trend': ['Цена ниже EMA200', 'ADX = 20.0'], 'momentum': ['RSI перепродан (26.3) (+15)'], 'volume': ['Объём ниже среднего'], 'volatility': ['ATR сжат (возможный пробой) (+15)'], 'patterns': [], 'chart': []}
2026-02-26 11:04:14,107 - crypto_bot - INFO - ENSO/USDT:USDT | Confidence 5.2 < 6, пропускаем
2026-02-26 11:04:16,095 - crypto_bot - INFO - DOT/USDT:USDT | Confidence details: {'trend': 10, 'momentum': 10, 'volume': 0, 'volatility': 0, 'patterns': 0, 'chart': 0}
2026-02-26 11:04:16,095 - crypto_bot - INFO - DOT/USDT:USDT | Confidence reasons: {'trend': ['Цена выше EMA200 (+10)', 'ADX = 20.0'], 'momentum': ['RSI нейтрален (51.2) (+10)'], 'volume': ['Объём ниже среднего'], 'volatility': ['Волатильность нормальная'], 'patterns': [], 'chart': []}
2026-02-26 11:04:16,096 - crypto_bot - INFO - DOT/USDT:USDT | Confidence 4.5 < 6, пропускаем
2026-02-26 11:04:17,338 - crypto_bot - INFO - HYPE/USDT:USDT | Confidence details: {'trend': 10, 'momentum': 10, 'volume': 0, 'volatility': 0, 'patterns': 5, 'chart': 0}
2026-02-26 11:04:17,338 - crypto_bot - INFO - HYPE/USDT:USDT | Confidence reasons: {'trend': ['Цена выше EMA200 (+10)', 'ADX = 20.0'], 'momentum': ['RSI нейтрален (36.3) (+10)'], 'volume': ['Объём ниже среднего'], 'volatility': ['Волатильность нормальная'], 'patterns': ['Бычий пин-бар (+5)'], 'chart': []}
2026-02-26 11:04:17,339 - crypto_bot - INFO - HYPE/USDT:USDT | Confidence 5.0 < 6, пропускаем
2026-02-26 11:04:18,978 - crypto_bot - INFO - POWER/USDT:USDT | Confidence details: {'trend': 10, 'momentum': 5, 'volume': 0, 'volatility': 0, 'patterns': 5, 'chart': 0}
2026-02-26 11:04:18,978 - crypto_bot - INFO - POWER/USDT:USDT | Confidence reasons: {'trend': ['Цена выше EMA200 (+10)', 'ADX = 20.0'], 'momentum': ['RSI перекуплен (72.0) (+5)'], 'volume': ['Объём ниже среднего'], 'volatility': ['Волатильность нормальная'], 'patterns': ['Бычий пин-бар (+5)'], 'chart': []}
2026-02-26 11:04:18,979 - crypto_bot - INFO - POWER/USDT:USDT | Confidence 4.0 < 6, пропускаем
2026-02-26 11:04:20,142 - crypto_bot - INFO - ADA/USDT:USDT | Confidence details: {'trend': 10, 'momentum': 10, 'volume': 0, 'volatility': 0, 'patterns': 0, 'chart': 0}
2026-02-26 11:04:20,142 - crypto_bot - INFO - ADA/USDT:USDT | Confidence reasons: {'trend': ['Цена выше EMA200 (+10)', 'ADX = 20.0'], 'momentum': ['RSI нейтрален (41.8) (+10)'], 'volume': ['Объём ниже среднего'], 'volatility': ['Волатильность нормальная'], 'patterns': [], 'chart': []}
2026-02-26 11:04:20,142 - crypto_bot - INFO - ADA/USDT:USDT | Confidence 4.5 < 6, пропускаем
2026-02-26 11:04:21,704 - crypto_bot - INFO - 1000PEPE/USDT:USDT | Confidence details: {'trend': 10, 'momentum': 15, 'volume': 0, 'volatility': 0, 'patterns': 0, 'chart': 0}
2026-02-26 11:04:21,704 - crypto_bot - INFO - 1000PEPE/USDT:USDT | Confidence reasons: {'trend': ['Цена выше EMA200 (+10)', 'ADX = 20.0'], 'momentum': ['RSI перепродан (17.5) (+15)'], 'volume': ['Объём ниже среднего'], 'volatility': ['Волатильность нормальная'], 'patterns': [], 'chart': []}
2026-02-26 11:04:21,704 - crypto_bot - INFO - 1000PEPE/USDT:USDT | Confidence 5.5 < 6, пропускаем
2026-02-26 11:04:23,104 - crypto_bot - INFO - ARC/USDT:USDT | Confidence details: {'trend': 0, 'momentum': 15, 'volume': 0, 'volatility': 0, 'patterns': 0, 'chart': 0}
2026-02-26 11:04:23,105 - crypto_bot - INFO - ARC/USDT:USDT | Confidence reasons: {'trend': ['Цена ниже EMA200', 'ADX = 20.0'], 'momentum': ['RSI перепродан (13.2) (+15)'], 'volume': ['Объём ниже среднего'], 'volatility': ['Волатильность нормальная'], 'patterns': [], 'chart': []}
2026-02-26 11:04:23,105 - crypto_bot - INFO - ARC/USDT:USDT | Confidence 3.0 < 6, пропускаем
2026-02-26 11:04:24,654 - crypto_bot - INFO - ESP/USDT:USDT | Confidence details: {'trend': 10, 'momentum': 15, 'volume': 0, 'volatility': 0, 'patterns': 0, 'chart': 0}
2026-02-26 11:04:24,654 - crypto_bot - INFO - ESP/USDT:USDT | Confidence reasons: {'trend': ['Цена выше EMA200 (+10)', 'ADX = 20.0'], 'momentum': ['RSI перепродан (26.0) (+15)'], 'volume': ['Объём ниже среднего'], 'volatility': ['Волатильность нормальная'], 'patterns': [], 'chart': []}
2026-02-26 11:04:24,655 - crypto_bot - INFO - ESP/USDT:USDT | Confidence 5.5 < 6, пропускаем
2026-02-26 11:04:26,184 - crypto_bot - INFO - SUI/USDT:USDT | Confidence details: {'trend': 10, 'momentum': 15, 'volume': 0, 'volatility': 0, 'patterns': 0, 'chart': 0}
2026-02-26 11:04:26,185 - crypto_bot - INFO - SUI/USDT:USDT | Confidence reasons: {'trend': ['Цена выше EMA200 (+10)', 'ADX = 20.0'], 'momentum': ['RSI перепродан (29.0) (+15)'], 'volume': ['Объём ниже среднего'], 'volatility': ['Волатильность нормальная'], 'patterns': [], 'chart': []}
2026-02-26 11:04:26,185 - crypto_bot - INFO - SUI/USDT:USDT | Confidence 5.5 < 6, пропускаем
2026-02-26 11:14:26,830 - crypto_bot - INFO - ⚡ Активных монет после фильтра: 14
2026-02-26 11:14:28,701 - crypto_bot - INFO - BTC/USDT:USDT | Confidence details: {'trend': 10, 'momentum': 10, 'volume': 0, 'volatility': 5, 'patterns': 0, 'chart': 0}
2026-02-26 11:14:28,701 - crypto_bot - INFO - BTC/USDT:USDT | Confidence reasons: {'trend': ['Цена выше EMA200 (+10)', 'ADX = 20.0'], 'momentum': ['RSI нейтрален (30.4) (+10)'], 'volume': ['Объём ниже среднего'], 'volatility': ['Волатильность нормальная', 'Узкий диапазон за 10 свечей (+5)'], 'patterns': [], 'chart': []}
2026-02-26 11:14:28,702 - crypto_bot - INFO - BTC/USDT:USDT | Confidence 5.2 < 6, пропускаем
2026-02-26 11:14:29,940 - crypto_bot - INFO - ETH/USDT:USDT | Confidence details: {'trend': 10, 'momentum': 10, 'volume': 0, 'volatility': 5, 'patterns': 0, 'chart': 0}
2026-02-26 11:14:29,940 - crypto_bot - INFO - ETH/USDT:USDT | Confidence reasons: {'trend': ['Цена выше EMA200 (+10)', 'ADX = 20.0'], 'momentum': ['RSI нейтрален (42.0) (+10)'], 'volume': ['Объём ниже среднего'], 'volatility': ['Волатильность нормальная', 'Узкий диапазон за 10 свечей (+5)'], 'patterns': [], 'chart': []}
2026-02-26 11:14:29,940 - crypto_bot - INFO - ETH/USDT:USDT | Confidence 5.2 < 6, пропускаем
2026-02-26 11:14:31,634 - crypto_bot - INFO - SOL/USDT:USDT | Confidence details: {'trend': 10, 'momentum': 10, 'volume': 0, 'volatility': 5, 'patterns': 0, 'chart': 0}
2026-02-26 11:14:31,634 - crypto_bot - INFO - SOL/USDT:USDT | Confidence reasons: {'trend': ['Цена выше EMA200 (+10)', 'ADX = 20.0'], 'momentum': ['RSI нейтрален (38.8) (+10)'], 'volume': ['Объём ниже среднего'], 'volatility': ['Волатильность нормальная', 'Узкий диапазон за 10 свечей (+5)'], 'patterns': [], 'chart': []}
2026-02-26 11:14:31,634 - crypto_bot - INFO - SOL/USDT:USDT | Confidence 5.2 < 6, пропускаем
2026-02-26 11:14:33,150 - crypto_bot - INFO - XRP/USDT:USDT | Confidence details: {'trend': 10, 'momentum': 10, 'volume': 0, 'volatility': 0, 'patterns': 0, 'chart': 0}
2026-02-26 11:14:33,150 - crypto_bot - INFO - XRP/USDT:USDT | Confidence reasons: {'trend': ['Цена выше EMA200 (+10)', 'ADX = 20.0'], 'momentum': ['RSI нейтрален (39.6) (+10)'], 'volume': ['Объём ниже среднего'], 'volatility': ['Волатильность нормальная'], 'patterns': [], 'chart': []}
2026-02-26 11:14:33,150 - crypto_bot - INFO - XRP/USDT:USDT | Confidence 4.5 < 6, пропускаем
2026-02-26 11:14:34,604 - crypto_bot - INFO - DOGE/USDT:USDT | Confidence details: {'trend': 10, 'momentum': 10, 'volume': 0, 'volatility': 0, 'patterns': 0, 'chart': 0}
2026-02-26 11:14:34,605 - crypto_bot - INFO - DOGE/USDT:USDT | Confidence reasons: {'trend': ['Цена выше EMA200 (+10)', 'ADX = 20.0'], 'momentum': ['RSI нейтрален (32.4) (+10)'], 'volume': ['Объём ниже среднего'], 'volatility': ['Волатильность нормальная'], 'patterns': [], 'chart': []}
2026-02-26 11:14:34,605 - crypto_bot - INFO - DOGE/USDT:USDT | Confidence 4.5 < 6, пропускаем
2026-02-26 11:14:36,325 - crypto_bot - INFO - ENSO/USDT:USDT | Confidence details: {'trend': 0, 'momentum': 15, 'volume': 0, 'volatility': 15, 'patterns': 0, 'chart': 0}
2026-02-26 11:14:36,325 - crypto_bot - INFO - ENSO/USDT:USDT | Confidence reasons: {'trend': ['Цена ниже EMA200', 'ADX = 20.0'], 'momentum': ['RSI перепродан (28.6) (+15)'], 'volume': ['Объём ниже среднего'], 'volatility': ['ATR сжат (возможный пробой) (+15)'], 'patterns': [], 'chart': []}
2026-02-26 11:14:36,325 - crypto_bot - INFO - ENSO/USDT:USDT | Confidence 5.2 < 6, пропускаем
2026-02-26 11:14:37,814 - crypto_bot - INFO - DOT/USDT:USDT | Confidence details: {'trend': 10, 'momentum': 10, 'volume': 0, 'volatility': 0, 'patterns': 5, 'chart': 0}
2026-02-26 11:14:37,814 - crypto_bot - INFO - DOT/USDT:USDT | Confidence reasons: {'trend': ['Цена выше EMA200 (+10)', 'ADX = 20.0'], 'momentum': ['RSI нейтрален (50.7) (+10)'], 'volume': ['Объём ниже среднего'], 'volatility': ['Волатильность нормальная'], 'patterns': ['Бычий пин-бар (+5)'], 'chart': []}
2026-02-26 11:14:37,814 - crypto_bot - INFO - DOT/USDT:USDT | Confidence 5.0 < 6, пропускаем
2026-02-26 11:14:39,257 - crypto_bot - INFO - HYPE/USDT:USDT | Confidence details: {'trend': 10, 'momentum': 10, 'volume': 0, 'volatility': 0, 'patterns': 0, 'chart': 0}
2026-02-26 11:14:39,257 - crypto_bot - INFO - HYPE/USDT:USDT | Confidence reasons: {'trend': ['Цена выше EMA200 (+10)', 'ADX = 20.0'], 'momentum': ['RSI нейтрален (34.8) (+10)'], 'volume': ['Объём ниже среднего'], 'volatility': ['Волатильность нормальная'], 'patterns': [], 'chart': []}
2026-02-26 11:14:39,257 - crypto_bot - INFO - HYPE/USDT:USDT | Confidence 4.5 < 6, пропускаем
2026-02-26 11:14:40,470 - crypto_bot - INFO - POWER/USDT:USDT | Confidence details: {'trend': 10, 'momentum': 5, 'volume': 10, 'volatility': 0, 'patterns': 0, 'chart': 0}
2026-02-26 11:14:40,470 - crypto_bot - INFO - POWER/USDT:USDT | Confidence reasons: {'trend': ['Цена выше EMA200 (+10)', 'ADX = 20.0'], 'momentum': ['RSI перекуплен (84.3) (+5)'], 'volume': ['Объём выше среднего (+10)'], 'volatility': ['Волатильность нормальная'], 'patterns': [], 'chart': []}
2026-02-26 11:14:40,471 - crypto_bot - INFO - POWER/USDT:USDT | Confidence 5.5 < 6, пропускаем
2026-02-26 11:14:42,071 - crypto_bot - INFO - ADA/USDT:USDT | Confidence details: {'trend': 10, 'momentum': 10, 'volume': 0, 'volatility': 0, 'patterns': 0, 'chart': 0}
2026-02-26 11:14:42,071 - crypto_bot - INFO - ADA/USDT:USDT | Confidence reasons: {'trend': ['Цена выше EMA200 (+10)', 'ADX = 20.0'], 'momentum': ['RSI нейтрален (43.0) (+10)'], 'volume': ['Объём ниже среднего'], 'volatility': ['Волатильность нормальная'], 'patterns': [], 'chart': []}
2026-02-26 11:14:42,072 - crypto_bot - INFO - ADA/USDT:USDT | Confidence 4.5 < 6, пропускаем
2026-02-26 11:14:43,755 - crypto_bot - INFO - 1000PEPE/USDT:USDT | Confidence details: {'trend': 10, 'momentum': 15, 'volume': 0, 'volatility': 0, 'patterns': 0, 'chart': 0}
2026-02-26 11:14:43,755 - crypto_bot - INFO - 1000PEPE/USDT:USDT | Confidence reasons: {'trend': ['Цена выше EMA200 (+10)', 'ADX = 20.0'], 'momentum': ['RSI перепродан (16.1) (+15)'], 'volume': ['Объём ниже среднего'], 'volatility': ['Волатильность нормальная'], 'patterns': [], 'chart': []}
2026-02-26 11:14:43,755 - crypto_bot - INFO - 1000PEPE/USDT:USDT | Confidence 5.5 < 6, пропускаем
2026-02-26 11:14:45,195 - crypto_bot - INFO - ARC/USDT:USDT | Confidence details: {'trend': 0, 'momentum': 15, 'volume': 0, 'volatility': 0, 'patterns': 0, 'chart': 0}
2026-02-26 11:14:45,196 - crypto_bot - INFO - ARC/USDT:USDT | Confidence reasons: {'trend': ['Цена ниже EMA200', 'ADX = 20.0'], 'momentum': ['RSI перепродан (15.5) (+15)'], 'volume': ['Объём ниже среднего'], 'volatility': ['Волатильность нормальная'], 'patterns': [], 'chart': []}
2026-02-26 11:14:45,196 - crypto_bot - INFO - ARC/USDT:USDT | Confidence 3.0 < 6, пропускаем
2026-02-26 11:14:46,683 - crypto_bot - INFO - ESP/USDT:USDT | Confidence details: {'trend': 10, 'momentum': 15, 'volume': 0, 'volatility': 0, 'patterns': 0, 'chart': 0}
2026-02-26 11:14:46,684 - crypto_bot - INFO - ESP/USDT:USDT | Confidence reasons: {'trend': ['Цена выше EMA200 (+10)', 'ADX = 20.0'], 'momentum': ['RSI перепродан (28.9) (+15)'], 'volume': ['Объём ниже среднего'], 'volatility': ['Волатильность нормальная'], 'patterns': [], 'chart': []}
2026-02-26 11:14:46,684 - crypto_bot - INFO - ESP/USDT:USDT | Confidence 5.5 < 6, пропускаем
2026-02-26 11:14:48,076 - crypto_bot - INFO - SUI/USDT:USDT | Confidence details: {'trend': 10, 'momentum': 15, 'volume': 0, 'volatility': 0, 'patterns': 0, 'chart': 0}
2026-02-26 11:14:48,077 - crypto_bot - INFO - SUI/USDT:USDT | Confidence reasons: {'trend': ['Цена выше EMA200 (+10)', 'ADX = 20.0'], 'momentum': ['RSI перепродан (29.1) (+15)'], 'volume': ['Объём ниже среднего'], 'volatility': ['Волатильность нормальная'], 'patterns': [], 'chart': []}
2026-02-26 11:14:48,077 - crypto_bot - INFO - SUI/USDT:USDT | Confidence 5.5 < 6, пропускаем
2026-02-26 11:24:48,704 - crypto_bot - INFO - ⚡ Активных монет после фильтра: 14
2026-02-26 11:24:50,512 - crypto_bot - INFO - BTC/USDT:USDT | Confidence details: {'trend': 10, 'momentum': 10, 'volume': 0, 'volatility': 5, 'patterns': 0, 'chart': 0}
2026-02-26 11:24:50,512 - crypto_bot - INFO - BTC/USDT:USDT | Confidence reasons: {'trend': ['Цена выше EMA200 (+10)', 'ADX = 20.0'], 'momentum': ['RSI нейтрален (32.8) (+10)'], 'volume': ['Объём ниже среднего'], 'volatility': ['Волатильность нормальная', 'Узкий диапазон за 10 свечей (+5)'], 'patterns': [], 'chart': []}
2026-02-26 11:24:50,513 - crypto_bot - INFO - BTC/USDT:USDT | Confidence 5.2 < 6, пропускаем
2026-02-26 11:24:51,883 - crypto_bot - INFO - ETH/USDT:USDT | Confidence details: {'trend': 10, 'momentum': 10, 'volume': 0, 'volatility': 5, 'patterns': 5, 'chart': 0}
2026-02-26 11:24:51,883 - crypto_bot - INFO - ETH/USDT:USDT | Confidence reasons: {'trend': ['Цена выше EMA200 (+10)', 'ADX = 20.0'], 'momentum': ['RSI нейтрален (42.3) (+10)'], 'volume': ['Объём ниже среднего'], 'volatility': ['Волатильность нормальная', 'Узкий диапазон за 10 свечей (+5)'], 'patterns': ['Бычий пин-бар (+5)'], 'chart': []}
2026-02-26 11:24:51,883 - crypto_bot - INFO - ETH/USDT:USDT | Confidence 5.8 < 6, пропускаем
2026-02-26 11:24:53,671 - crypto_bot - INFO - SOL/USDT:USDT | Confidence details: {'trend': 10, 'momentum': 10, 'volume': 0, 'volatility': 5, 'patterns': 0, 'chart': 0}
2026-02-26 11:24:53,671 - crypto_bot - INFO - SOL/USDT:USDT | Confidence reasons: {'trend': ['Цена выше EMA200 (+10)', 'ADX = 20.0'], 'momentum': ['RSI нейтрален (40.9) (+10)'], 'volume': ['Объём ниже среднего'], 'volatility': ['Волатильность нормальная', 'Узкий диапазон за 10 свечей (+5)'], 'patterns': [], 'chart': []}
2026-02-26 11:24:53,671 - crypto_bot - INFO - SOL/USDT:USDT | Confidence 5.2 < 6, пропускаем
2026-02-26 11:24:55,274 - crypto_bot - INFO - XRP/USDT:USDT | Confidence details: {'trend': 10, 'momentum': 10, 'volume': 0, 'volatility': 0, 'patterns': 0, 'chart': 0}
2026-02-26 11:24:55,275 - crypto_bot - INFO - XRP/USDT:USDT | Confidence reasons: {'trend': ['Цена выше EMA200 (+10)', 'ADX = 20.0'], 'momentum': ['RSI нейтрален (39.5) (+10)'], 'volume': ['Объём ниже среднего'], 'volatility': ['Волатильность нормальная'], 'patterns': [], 'chart': []}
2026-02-26 11:24:55,275 - crypto_bot - INFO - XRP/USDT:USDT | Confidence 4.5 < 6, пропускаем
2026-02-26 11:24:56,358 - crypto_bot - INFO - DOGE/USDT:USDT | Confidence details: {'trend': 10, 'momentum': 10, 'volume': 0, 'volatility': 0, 'patterns': 0, 'chart': 0}
2026-02-26 11:24:56,359 - crypto_bot - INFO - DOGE/USDT:USDT | Confidence reasons: {'trend': ['Цена выше EMA200 (+10)', 'ADX = 20.0'], 'momentum': ['RSI нейтрален (33.4) (+10)'], 'volume': ['Объём ниже среднего'], 'volatility': ['Волатильность нормальная'], 'patterns': [], 'chart': []}
2026-02-26 11:24:56,359 - crypto_bot - INFO - DOGE/USDT:USDT | Confidence 4.5 < 6, пропускаем
2026-02-26 11:24:58,148 - crypto_bot - INFO - ENSO/USDT:USDT | Confidence details: {'trend': 0, 'momentum': 15, 'volume': 0, 'volatility': 15, 'patterns': 0, 'chart': 0}
2026-02-26 11:24:58,148 - crypto_bot - INFO - ENSO/USDT:USDT | Confidence reasons: {'trend': ['Цена ниже EMA200', 'ADX = 20.0'], 'momentum': ['RSI перепродан (28.2) (+15)'], 'volume': ['Объём ниже среднего'], 'volatility': ['ATR сжат (возможный пробой) (+15)'], 'patterns': [], 'chart': []}
2026-02-26 11:24:58,148 - crypto_bot - INFO - ENSO/USDT:USDT | Confidence 5.2 < 6, пропускаем
2026-02-26 11:24:59,342 - crypto_bot - INFO - DOT/USDT:USDT | Confidence details: {'trend': 10, 'momentum': 10, 'volume': 0, 'volatility': 0, 'patterns': 5, 'chart': 0}
2026-02-26 11:24:59,343 - crypto_bot - INFO - DOT/USDT:USDT | Confidence reasons: {'trend': ['Цена выше EMA200 (+10)', 'ADX = 20.0'], 'momentum': ['RSI нейтрален (50.7) (+10)'], 'volume': ['Объём ниже среднего'], 'volatility': ['Волатильность нормальная'], 'patterns': ['Бычий пин-бар (+5)'], 'chart': []}
2026-02-26 11:24:59,343 - crypto_bot - INFO - DOT/USDT:USDT | Confidence 5.0 < 6, пропускаем
2026-02-26 11:25:00,960 - crypto_bot - INFO - HYPE/USDT:USDT | Confidence details: {'trend': 10, 'momentum': 10, 'volume': 0, 'volatility': 0, 'patterns': 0, 'chart': 0}
2026-02-26 11:25:00,961 - crypto_bot - INFO - HYPE/USDT:USDT | Confidence reasons: {'trend': ['Цена выше EMA200 (+10)', 'ADX = 20.0'], 'momentum': ['RSI нейтрален (35.6) (+10)'], 'volume': ['Объём ниже среднего'], 'volatility': ['Волатильность нормальная'], 'patterns': [], 'chart': []}
2026-02-26 11:25:00,961 - crypto_bot - INFO - HYPE/USDT:USDT | Confidence 4.5 < 6, пропускаем
2026-02-26 11:25:02,692 - crypto_bot - INFO - POWER/USDT:USDT | Confidence details: {'trend': 10, 'momentum': 5, 'volume': 20, 'volatility': 0, 'patterns': 0, 'chart': 0}
2026-02-26 11:25:02,693 - crypto_bot - INFO - POWER/USDT:USDT | Confidence reasons: {'trend': ['Цена выше EMA200 (+10)', 'ADX = 20.0'], 'momentum': ['RSI перекуплен (90.2) (+5)'], 'volume': ['Объём выше среднего в 1.5 раз (+20)'], 'volatility': ['Волатильность нормальная'], 'patterns': [], 'chart': []}
2026-02-26 11:25:02,695 - crypto_bot - INFO - POWER/USDT:USDT | RR 0.08 < 1.5, пропускаем
2026-02-26 11:25:04,282 - crypto_bot - INFO - ADA/USDT:USDT | Confidence details: {'trend': 10, 'momentum': 10, 'volume': 0, 'volatility': 0, 'patterns': 0, 'chart': 0}
2026-02-26 11:25:04,282 - crypto_bot - INFO - ADA/USDT:USDT | Confidence reasons: {'trend': ['Цена выше EMA200 (+10)', 'ADX = 20.0'], 'momentum': ['RSI нейтрален (43.2) (+10)'], 'volume': ['Объём ниже среднего'], 'volatility': ['Волатильность нормальная'], 'patterns': [], 'chart': []}
2026-02-26 11:25:04,282 - crypto_bot - INFO - ADA/USDT:USDT | Confidence 4.5 < 6, пропускаем
2026-02-26 11:25:05,350 - crypto_bot - INFO - 1000PEPE/USDT:USDT | Confidence details: {'trend': 10, 'momentum': 15, 'volume': 0, 'volatility': 0, 'patterns': 0, 'chart': 0}
2026-02-26 11:25:05,350 - crypto_bot - INFO - 1000PEPE/USDT:USDT | Confidence reasons: {'trend': ['Цена выше EMA200 (+10)', 'ADX = 20.0'], 'momentum': ['RSI перепродан (15.9) (+15)'], 'volume': ['Объём ниже среднего'], 'volatility': ['Волатильность нормальная'], 'patterns': [], 'chart': []}
2026-02-26 11:25:05,350 - crypto_bot - INFO - 1000PEPE/USDT:USDT | Confidence 5.5 < 6, пропускаем
2026-02-26 11:25:07,181 - crypto_bot - INFO - ARC/USDT:USDT | Confidence details: {'trend': 0, 'momentum': 15, 'volume': 0, 'volatility': 0, 'patterns': 0, 'chart': 0}
2026-02-26 11:25:07,181 - crypto_bot - INFO - ARC/USDT:USDT | Confidence reasons: {'trend': ['Цена ниже EMA200', 'ADX = 20.0'], 'momentum': ['RSI перепродан (14.3) (+15)'], 'volume': ['Объём ниже среднего'], 'volatility': ['Волатильность нормальная'], 'patterns': [], 'chart': []}
2026-02-26 11:25:07,181 - crypto_bot - INFO - ARC/USDT:USDT | Confidence 3.0 < 6, пропускаем
2026-02-26 11:25:08,558 - crypto_bot - INFO - ESP/USDT:USDT | Confidence details: {'trend': 10, 'momentum': 15, 'volume': 0, 'volatility': 0, 'patterns': 0, 'chart': 0}
2026-02-26 11:25:08,558 - crypto_bot - INFO - ESP/USDT:USDT | Confidence reasons: {'trend': ['Цена выше EMA200 (+10)', 'ADX = 20.0'], 'momentum': ['RSI перепродан (29.9) (+15)'], 'volume': ['Объём ниже среднего'], 'volatility': ['Волатильность нормальная'], 'patterns': [], 'chart': []}
2026-02-26 11:25:08,558 - crypto_bot - INFO - ESP/USDT:USDT | Confidence 5.5 < 6, пропускаем
2026-02-26 11:25:10,208 - crypto_bot - INFO - SUI/USDT:USDT | Confidence details: {'trend': 10, 'momentum': 10, 'volume': 0, 'volatility': 0, 'patterns': 0, 'chart': 0}
2026-02-26 11:25:10,208 - crypto_bot - INFO - SUI/USDT:USDT | Confidence reasons: {'trend': ['Цена выше EMA200 (+10)', 'ADX = 20.0'], 'momentum': ['RSI нейтрален (30.9) (+10)'], 'volume': ['Объём ниже среднего'], 'volatility': ['Волатильность нормальная'], 'patterns': [], 'chart': []}
2026-02-26 11:25:10,209 - crypto_bot - INFO - SUI/USDT:USDT | Confidence 4.5 < 6, пропускаем
2026-02-26 11:35:10,871 - crypto_bot - INFO - ⚡ Активных монет после фильтра: 14
2026-02-26 11:35:12,531 - crypto_bot - INFO - BTC/USDT:USDT | Confidence details: {'trend': 10, 'momentum': 15, 'volume': 0, 'volatility': 5, 'patterns': 0, 'chart': 0}
2026-02-26 11:35:12,531 - crypto_bot - INFO - BTC/USDT:USDT | Confidence reasons: {'trend': ['Цена выше EMA200 (+10)', 'ADX = 20.0'], 'momentum': ['RSI перепродан (30.0) (+15)'], 'volume': ['Объём ниже среднего'], 'volatility': ['Волатильность нормальная', 'Узкий диапазон за 10 свечей (+5)'], 'patterns': [], 'chart': []}
2026-02-26 11:35:12,532 - crypto_bot - INFO - BTC/USDT:USDT | Дубль сигнала LONG, пропускаем
2026-02-26 11:35:14,324 - crypto_bot - INFO - ETH/USDT:USDT | Confidence details: {'trend': 10, 'momentum': 10, 'volume': 0, 'volatility': 5, 'patterns': 0, 'chart': 0}
2026-02-26 11:35:14,324 - crypto_bot - INFO - ETH/USDT:USDT | Confidence reasons: {'trend': ['Цена выше EMA200 (+10)', 'ADX = 20.0'], 'momentum': ['RSI нейтрален (40.1) (+10)'], 'volume': ['Объём ниже среднего'], 'volatility': ['Волатильность нормальная', 'Узкий диапазон за 10 свечей (+5)'], 'patterns': [], 'chart': []}
2026-02-26 11:35:14,324 - crypto_bot - INFO - ETH/USDT:USDT | Confidence 5.2 < 6, пропускаем
2026-02-26 11:35:15,547 - crypto_bot - INFO - SOL/USDT:USDT | Confidence details: {'trend': 10, 'momentum': 10, 'volume': 0, 'volatility': 5, 'patterns': 0, 'chart': 0}
2026-02-26 11:35:15,548 - crypto_bot - INFO - SOL/USDT:USDT | Confidence reasons: {'trend': ['Цена выше EMA200 (+10)', 'ADX = 20.0'], 'momentum': ['RSI нейтрален (38.2) (+10)'], 'volume': ['Объём ниже среднего'], 'volatility': ['Волатильность нормальная', 'Узкий диапазон за 10 свечей (+5)'], 'patterns': [], 'chart': []}
2026-02-26 11:35:15,548 - crypto_bot - INFO - SOL/USDT:USDT | Confidence 5.2 < 6, пропускаем
2026-02-26 11:35:16,989 - crypto_bot - INFO - XRP/USDT:USDT | Confidence details: {'trend': 10, 'momentum': 10, 'volume': 0, 'volatility': 0, 'patterns': 0, 'chart': 0}
2026-02-26 11:35:16,989 - crypto_bot - INFO - XRP/USDT:USDT | Confidence reasons: {'trend': ['Цена выше EMA200 (+10)', 'ADX = 20.0'], 'momentum': ['RSI нейтрален (37.5) (+10)'], 'volume': ['Объём ниже среднего'], 'volatility': ['Волатильность нормальная'], 'patterns': [], 'chart': []}
2026-02-26 11:35:16,989 - crypto_bot - INFO - XRP/USDT:USDT | Confidence 4.5 < 6, пропускаем
2026-02-26 11:35:18,871 - crypto_bot - INFO - DOGE/USDT:USDT | Confidence details: {'trend': 10, 'momentum': 10, 'volume': 0, 'volatility': 0, 'patterns': 0, 'chart': 0}
2026-02-26 11:35:18,872 - crypto_bot - INFO - DOGE/USDT:USDT | Confidence reasons: {'trend': ['Цена выше EMA200 (+10)', 'ADX = 20.0'], 'momentum': ['RSI нейтрален (31.2) (+10)'], 'volume': ['Объём ниже среднего'], 'volatility': ['Волатильность нормальная'], 'patterns': [], 'chart': []}
2026-02-26 11:35:18,873 - crypto_bot - INFO - DOGE/USDT:USDT | Confidence 4.5 < 6, пропускаем
2026-02-26 11:35:20,380 - crypto_bot - INFO - ENSO/USDT:USDT | Confidence details: {'trend': 0, 'momentum': 15, 'volume': 0, 'volatility': 15, 'patterns': 0, 'chart': 0}
2026-02-26 11:35:20,380 - crypto_bot - INFO - ENSO/USDT:USDT | Confidence reasons: {'trend': ['Цена ниже EMA200', 'ADX = 20.0'], 'momentum': ['RSI перепродан (27.8) (+15)'], 'volume': ['Объём ниже среднего'], 'volatility': ['ATR сжат (возможный пробой) (+15)'], 'patterns': [], 'chart': []}
2026-02-26 11:35:20,380 - crypto_bot - INFO - ENSO/USDT:USDT | Confidence 5.2 < 6, пропускаем
2026-02-26 11:35:21,493 - crypto_bot - INFO - DOT/USDT:USDT | Confidence details: {'trend': 10, 'momentum': 10, 'volume': 0, 'volatility': 0, 'patterns': 0, 'chart': 0}
2026-02-26 11:35:21,493 - crypto_bot - INFO - DOT/USDT:USDT | Confidence reasons: {'trend': ['Цена выше EMA200 (+10)', 'ADX = 20.0'], 'momentum': ['RSI нейтрален (50.6) (+10)'], 'volume': ['Объём ниже среднего'], 'volatility': ['Волатильность нормальная'], 'patterns': [], 'chart': []}
2026-02-26 11:35:21,493 - crypto_bot - INFO - DOT/USDT:USDT | Confidence 4.5 < 6, пропускаем
2026-02-26 11:35:23,376 - crypto_bot - INFO - HYPE/USDT:USDT | Confidence details: {'trend': 10, 'momentum': 10, 'volume': 0, 'volatility': 0, 'patterns': 0, 'chart': 0}
2026-02-26 11:35:23,377 - crypto_bot - INFO - HYPE/USDT:USDT | Confidence reasons: {'trend': ['Цена выше EMA200 (+10)', 'ADX = 20.0'], 'momentum': ['RSI нейтрален (34.3) (+10)'], 'volume': ['Объём ниже среднего'], 'volatility': ['Волатильность нормальная'], 'patterns': [], 'chart': []}
2026-02-26 11:35:23,377 - crypto_bot - INFO - HYPE/USDT:USDT | Confidence 4.5 < 6, пропускаем
2026-02-26 11:35:24,497 - crypto_bot - INFO - POWER/USDT:USDT | Confidence details: {'trend': 10, 'momentum': 5, 'volume': 20, 'volatility': 0, 'patterns': 0, 'chart': 0}
2026-02-26 11:35:24,497 - crypto_bot - INFO - POWER/USDT:USDT | Confidence reasons: {'trend': ['Цена выше EMA200 (+10)', 'ADX = 20.0'], 'momentum': ['RSI перекуплен (89.7) (+5)'], 'volume': ['Объём выше среднего в 1.5 раз (+20)'], 'volatility': ['Волатильность нормальная'], 'patterns': [], 'chart': []}
2026-02-26 11:35:24,498 - crypto_bot - INFO - POWER/USDT:USDT | Дубль сигнала LONG, пропускаем
2026-02-26 11:35:25,937 - crypto_bot - INFO - ADA/USDT:USDT | Confidence details: {'trend': 10, 'momentum': 10, 'volume': 0, 'volatility': 0, 'patterns': 0, 'chart': 0}
2026-02-26 11:35:25,937 - crypto_bot - INFO - ADA/USDT:USDT | Confidence reasons: {'trend': ['Цена выше EMA200 (+10)', 'ADX = 20.0'], 'momentum': ['RSI нейтрален (41.1) (+10)'], 'volume': ['Объём ниже среднего'], 'volatility': ['Волатильность нормальная'], 'patterns': [], 'chart': []}
2026-02-26 11:35:25,937 - crypto_bot - INFO - ADA/USDT:USDT | Confidence 4.5 < 6, пропускаем
2026-02-26 11:35:27,724 - crypto_bot - INFO - 1000PEPE/USDT:USDT | Confidence details: {'trend': 10, 'momentum': 15, 'volume': 0, 'volatility': 0, 'patterns': 0, 'chart': 0}
2026-02-26 11:35:27,724 - crypto_bot - INFO - 1000PEPE/USDT:USDT | Confidence reasons: {'trend': ['Цена выше EMA200 (+10)', 'ADX = 20.0'], 'momentum': ['RSI перепродан (15.6) (+15)'], 'volume': ['Объём ниже среднего'], 'volatility': ['Волатильность нормальная'], 'patterns': [], 'chart': []}
2026-02-26 11:35:27,725 - crypto_bot - INFO - 1000PEPE/USDT:USDT | Confidence 5.5 < 6, пропускаем
2026-02-26 11:35:29,158 - crypto_bot - INFO - ARC/USDT:USDT | Confidence details: {'trend': 0, 'momentum': 15, 'volume': 10, 'volatility': 0, 'patterns': 0, 'chart': 0}
2026-02-26 11:35:29,158 - crypto_bot - INFO - ARC/USDT:USDT | Confidence reasons: {'trend': ['Цена ниже EMA200', 'ADX = 20.0'], 'momentum': ['RSI перепродан (16.5) (+15)'], 'volume': ['Объём выше среднего (+10)'], 'volatility': ['Волатильность нормальная'], 'patterns': [], 'chart': []}
2026-02-26 11:35:29,159 - crypto_bot - INFO - ARC/USDT:USDT | Confidence 5.0 < 6, пропускаем
2026-02-26 11:35:30,661 - crypto_bot - INFO - ESP/USDT:USDT | Confidence details: {'trend': 10, 'momentum': 10, 'volume': 0, 'volatility': 0, 'patterns': 0, 'chart': 0}
2026-02-26 11:35:30,662 - crypto_bot - INFO - ESP/USDT:USDT | Confidence reasons: {'trend': ['Цена выше EMA200 (+10)', 'ADX = 20.0'], 'momentum': ['RSI нейтрален (32.5) (+10)'], 'volume': ['Объём ниже среднего'], 'volatility': ['Волатильность нормальная'], 'patterns': [], 'chart': []}
2026-02-26 11:35:30,662 - crypto_bot - INFO - ESP/USDT:USDT | Confidence 4.5 < 6, пропускаем
2026-02-26 11:35:32,250 - crypto_bot - INFO - SUI/USDT:USDT | Confidence details: {'trend': 10, 'momentum': 10, 'volume': 0, 'volatility': 0, 'patterns': 0, 'chart': 0}
2026-02-26 11:35:32,251 - crypto_bot - INFO - SUI/USDT:USDT | Confidence reasons: {'trend': ['Цена выше EMA200 (+10)', 'ADX = 20.0'], 'momentum': ['RSI нейтрален (30.8) (+10)'], 'volume': ['Объём ниже среднего'], 'volatility': ['Волатильность нормальная'], 'patterns': [], 'chart': []}
2026-02-26 11:35:32,251 - crypto_bot - INFO - SUI/USDT:USDT | Confidence 4.5 < 6, пропускаем
2026-02-26 11:45:33,103 - crypto_bot - INFO - ⚡ Активных монет после фильтра: 13
2026-02-26 11:45:34,826 - crypto_bot - INFO - BTC/USDT:USDT | Confidence details: {'trend': 10, 'momentum': 15, 'volume': 0, 'volatility': 5, 'patterns': 0, 'chart': 0}
2026-02-26 11:45:34,826 - crypto_bot - INFO - BTC/USDT:USDT | Confidence reasons: {'trend': ['Цена выше EMA200 (+10)', 'ADX = 20.0'], 'momentum': ['RSI перепродан (28.5) (+15)'], 'volume': ['Объём ниже среднего'], 'volatility': ['Волатильность нормальная', 'Узкий диапазон за 10 свечей (+5)'], 'patterns': [], 'chart': []}
2026-02-26 11:45:34,826 - crypto_bot - INFO - BTC/USDT:USDT | Дубль сигнала LONG, пропускаем
2026-02-26 11:45:36,330 - crypto_bot - INFO - ETH/USDT:USDT | Confidence details: {'trend': 10, 'momentum': 10, 'volume': 0, 'volatility': 5, 'patterns': 0, 'chart': 0}
2026-02-26 11:45:36,330 - crypto_bot - INFO - ETH/USDT:USDT | Confidence reasons: {'trend': ['Цена выше EMA200 (+10)', 'ADX = 20.0'], 'momentum': ['RSI нейтрален (40.6) (+10)'], 'volume': ['Объём ниже среднего'], 'volatility': ['Волатильность нормальная', 'Узкий диапазон за 10 свечей (+5)'], 'patterns': [], 'chart': []}
2026-02-26 11:45:36,330 - crypto_bot - INFO - ETH/USDT:USDT | Confidence 5.2 < 6, пропускаем
2026-02-26 11:45:37,991 - crypto_bot - INFO - SOL/USDT:USDT | Confidence details: {'trend': 10, 'momentum': 10, 'volume': 0, 'volatility': 5, 'patterns': 0, 'chart': 0}
2026-02-26 11:45:37,991 - crypto_bot - INFO - SOL/USDT:USDT | Confidence reasons: {'trend': ['Цена выше EMA200 (+10)', 'ADX = 20.0'], 'momentum': ['RSI нейтрален (37.7) (+10)'], 'volume': ['Объём ниже среднего'], 'volatility': ['Волатильность нормальная', 'Узкий диапазон за 10 свечей (+5)'], 'patterns': [], 'chart': []}
2026-02-26 11:45:37,991 - crypto_bot - INFO - SOL/USDT:USDT | Confidence 5.2 < 6, пропускаем
2026-02-26 11:45:39,259 - crypto_bot - INFO - XRP/USDT:USDT | Confidence details: {'trend': 10, 'momentum': 10, 'volume': 0, 'volatility': 0, 'patterns': 0, 'chart': 0}
2026-02-26 11:45:39,259 - crypto_bot - INFO - XRP/USDT:USDT | Confidence reasons: {'trend': ['Цена выше EMA200 (+10)', 'ADX = 20.0'], 'momentum': ['RSI нейтрален (38.1) (+10)'], 'volume': ['Объём ниже среднего'], 'volatility': ['Волатильность нормальная'], 'patterns': [], 'chart': []}
2026-02-26 11:45:39,259 - crypto_bot - INFO - XRP/USDT:USDT | Confidence 4.5 < 6, пропускаем
2026-02-26 11:45:40,732 - crypto_bot - INFO - DOGE/USDT:USDT | Confidence details: {'trend': 10, 'momentum': 10, 'volume': 0, 'volatility': 0, 'patterns': 0, 'chart': 0}
2026-02-26 11:45:40,732 - crypto_bot - INFO - DOGE/USDT:USDT | Confidence reasons: {'trend': ['Цена выше EMA200 (+10)', 'ADX = 20.0'], 'momentum': ['RSI нейтрален (30.4) (+10)'], 'volume': ['Объём ниже среднего'], 'volatility': ['Волатильность нормальная'], 'patterns': [], 'chart': []}
2026-02-26 11:45:40,732 - crypto_bot - INFO - DOGE/USDT:USDT | Confidence 4.5 < 6, пропускаем
2026-02-26 11:45:42,320 - crypto_bot - INFO - ENSO/USDT:USDT | Confidence details: {'trend': 0, 'momentum': 15, 'volume': 0, 'volatility': 15, 'patterns': 0, 'chart': 0}
2026-02-26 11:45:42,321 - crypto_bot - INFO - ENSO/USDT:USDT | Confidence reasons: {'trend': ['Цена ниже EMA200', 'ADX = 20.0'], 'momentum': ['RSI перепродан (28.3) (+15)'], 'volume': ['Объём ниже среднего'], 'volatility': ['ATR сжат (возможный пробой) (+15)'], 'patterns': [], 'chart': []}
2026-02-26 11:45:42,321 - crypto_bot - INFO - ENSO/USDT:USDT | Confidence 5.2 < 6, пропускаем
2026-02-26 11:45:43,609 - crypto_bot - INFO - DOT/USDT:USDT | Confidence details: {'trend': 10, 'momentum': 10, 'volume': 0, 'volatility': 0, 'patterns': 0, 'chart': 0}
2026-02-26 11:45:43,609 - crypto_bot - INFO - DOT/USDT:USDT | Confidence reasons: {'trend': ['Цена выше EMA200 (+10)', 'ADX = 20.0'], 'momentum': ['RSI нейтрален (51.2) (+10)'], 'volume': ['Объём ниже среднего'], 'volatility': ['Волатильность нормальная'], 'patterns': [], 'chart': []}
2026-02-26 11:45:43,609 - crypto_bot - INFO - DOT/USDT:USDT | Confidence 4.5 < 6, пропускаем
2026-02-26 11:45:45,319 - crypto_bot - INFO - HYPE/USDT:USDT | Confidence details: {'trend': 10, 'momentum': 10, 'volume': 0, 'volatility': 0, 'patterns': 0, 'chart': 0}
2026-02-26 11:45:45,319 - crypto_bot - INFO - HYPE/USDT:USDT | Confidence reasons: {'trend': ['Цена выше EMA200 (+10)', 'ADX = 20.0'], 'momentum': ['RSI нейтрален (33.7) (+10)'], 'volume': ['Объём ниже среднего'], 'volatility': ['Волатильность нормальная'], 'patterns': [], 'chart': []}
2026-02-26 11:45:45,319 - crypto_bot - INFO - HYPE/USDT:USDT | Confidence 4.5 < 6, пропускаем
2026-02-26 11:45:46,574 - crypto_bot - INFO - POWER/USDT:USDT | Confidence details: {'trend': 10, 'momentum': 5, 'volume': 20, 'volatility': 0, 'patterns': 0, 'chart': 0}
2026-02-26 11:45:46,574 - crypto_bot - INFO - POWER/USDT:USDT | Confidence reasons: {'trend': ['Цена выше EMA200 (+10)', 'ADX = 20.0'], 'momentum': ['RSI перекуплен (86.7) (+5)'], 'volume': ['Объём выше среднего в 1.5 раз (+20)'], 'volatility': ['Волатильность нормальная'], 'patterns': [], 'chart': []}
2026-02-26 11:45:46,575 - crypto_bot - INFO - POWER/USDT:USDT | Дубль сигнала LONG, пропускаем
2026-02-26 11:45:48,661 - crypto_bot - INFO - ADA/USDT:USDT | Confidence details: {'trend': 10, 'momentum': 10, 'volume': 0, 'volatility': 0, 'patterns': 0, 'chart': 0}
2026-02-26 11:45:48,661 - crypto_bot - INFO - ADA/USDT:USDT | Confidence reasons: {'trend': ['Цена выше EMA200 (+10)', 'ADX = 20.0'], 'momentum': ['RSI нейтрален (41.0) (+10)'], 'volume': ['Объём ниже среднего'], 'volatility': ['Волатильность нормальная'], 'patterns': [], 'chart': []}
2026-02-26 11:45:48,661 - crypto_bot - INFO - ADA/USDT:USDT | Confidence 4.5 < 6, пропускаем
2026-02-26 11:45:49,930 - crypto_bot - INFO - ARC/USDT:USDT | Confidence details: {'trend': 0, 'momentum': 15, 'volume': 20, 'volatility': 0, 'patterns': 0, 'chart': 0}
2026-02-26 11:45:49,930 - crypto_bot - INFO - ARC/USDT:USDT | Confidence reasons: {'trend': ['Цена ниже EMA200', 'ADX = 20.0'], 'momentum': ['RSI перепродан (17.0) (+15)'], 'volume': ['Объём выше среднего в 1.5 раз (+20)'], 'volatility': ['Волатильность нормальная'], 'patterns': [], 'chart': []}
2026-02-26 11:45:51,056 - crypto_bot - INFO - ESP/USDT:USDT | Confidence details: {'trend': 10, 'momentum': 15, 'volume': 0, 'volatility': 0, 'patterns': 0, 'chart': 0}
2026-02-26 11:45:51,056 - crypto_bot - INFO - ESP/USDT:USDT | Confidence reasons: {'trend': ['Цена выше EMA200 (+10)', 'ADX = 20.0'], 'momentum': ['RSI перепродан (28.2) (+15)'], 'volume': ['Объём ниже среднего'], 'volatility': ['Волатильность нормальная'], 'patterns': [], 'chart': []}
2026-02-26 11:45:51,056 - crypto_bot - INFO - ESP/USDT:USDT | Confidence 5.5 < 6, пропускаем
2026-02-26 11:45:52,590 - crypto_bot - INFO - SUI/USDT:USDT | Confidence details: {'trend': 10, 'momentum': 10, 'volume': 0, 'volatility': 0, 'patterns': 0, 'chart': 0}
2026-02-26 11:45:52,590 - crypto_bot - INFO - SUI/USDT:USDT | Confidence reasons: {'trend': ['Цена выше EMA200 (+10)', 'ADX = 20.0'], 'momentum': ['RSI нейтрален (30.6) (+10)'], 'volume': ['Объём ниже среднего'], 'volatility': ['Волатильность нормальная'], 'patterns': [], 'chart': []}
2026-02-26 11:45:52,590 - crypto_bot - INFO - SUI/USDT:USDT | Confidence 4.5 < 6, пропускаем
2026-02-26 11:53:26,271 - crypto_bot - INFO - 📊 Обновлён список топ-15 монет: ['BTC/USDT:USDT', 'ETH/USDT:USDT', 'SOL/USDT:USDT', 'XRP/USDT:USDT', 'DOGE/USDT:USDT', 'POWER/USDT:USDT', 'ENSO/USDT:USDT', 'DOT/USDT:USDT', 'HYPE/USDT:USDT', 'ADA/USDT:USDT', '1000PEPE/USDT:USDT', 'ARC/USDT:USDT', 'PIPPIN/USDT:USDT', 'XAUT/USDT:USDT', 'SUI/USDT:USDT']
2026-02-26 11:55:53,230 - crypto_bot - INFO - ⚡ Активных монет после фильтра: 13
2026-02-26 11:55:55,061 - crypto_bot - INFO - BTC/USDT:USDT | Confidence details: {'trend': 10, 'momentum': 15, 'volume': 0, 'volatility': 5, 'patterns': 0, 'chart': 0}
2026-02-26 11:55:55,061 - crypto_bot - INFO - BTC/USDT:USDT | Confidence reasons: {'trend': ['Цена выше EMA200 (+10)', 'ADX = 20.0'], 'momentum': ['RSI перепродан (29.8) (+15)'], 'volume': ['Объём ниже среднего'], 'volatility': ['Волатильность нормальная', 'Узкий диапазон за 10 свечей (+5)'], 'patterns': [], 'chart': []}
2026-02-26 11:55:55,061 - crypto_bot - INFO - BTC/USDT:USDT | Дубль сигнала LONG, пропускаем
2026-02-26 11:55:56,523 - crypto_bot - INFO - ETH/USDT:USDT | Confidence details: {'trend': 10, 'momentum': 10, 'volume': 0, 'volatility': 5, 'patterns': 5, 'chart': 0}
2026-02-26 11:55:56,523 - crypto_bot - INFO - ETH/USDT:USDT | Confidence reasons: {'trend': ['Цена выше EMA200 (+10)', 'ADX = 20.0'], 'momentum': ['RSI нейтрален (43.1) (+10)'], 'volume': ['Объём ниже среднего'], 'volatility': ['Волатильность нормальная', 'Узкий диапазон за 10 свечей (+5)'], 'patterns': ['Бычий пин-бар (+5)'], 'chart': []}
2026-02-26 11:55:56,523 - crypto_bot - INFO - ETH/USDT:USDT | Confidence 5.8 < 6, пропускаем
2026-02-26 11:55:57,870 - crypto_bot - INFO - SOL/USDT:USDT | Confidence details: {'trend': 10, 'momentum': 10, 'volume': 0, 'volatility': 5, 'patterns': 0, 'chart': 0}
2026-02-26 11:55:57,870 - crypto_bot - INFO - SOL/USDT:USDT | Confidence reasons: {'trend': ['Цена выше EMA200 (+10)', 'ADX = 20.0'], 'momentum': ['RSI нейтрален (39.5) (+10)'], 'volume': ['Объём ниже среднего'], 'volatility': ['Волатильность нормальная', 'Узкий диапазон за 10 свечей (+5)'], 'patterns': [], 'chart': []}
2026-02-26 11:55:57,870 - crypto_bot - INFO - SOL/USDT:USDT | Confidence 5.2 < 6, пропускаем
2026-02-26 11:55:59,611 - crypto_bot - INFO - XRP/USDT:USDT | Confidence details: {'trend': 10, 'momentum': 10, 'volume': 0, 'volatility': 0, 'patterns': 0, 'chart': 0}
2026-02-26 11:55:59,611 - crypto_bot - INFO - XRP/USDT:USDT | Confidence reasons: {'trend': ['Цена выше EMA200 (+10)', 'ADX = 20.0'], 'momentum': ['RSI нейтрален (39.6) (+10)'], 'volume': ['Объём ниже среднего'], 'volatility': ['Волатильность нормальная'], 'patterns': [], 'chart': []}
2026-02-26 11:55:59,612 - crypto_bot - INFO - XRP/USDT:USDT | Confidence 4.5 < 6, пропускаем
2026-02-26 11:56:01,056 - crypto_bot - INFO - DOGE/USDT:USDT | Confidence details: {'trend': 10, 'momentum': 10, 'volume': 0, 'volatility': 0, 'patterns': 0, 'chart': 0}
2026-02-26 11:56:01,056 - crypto_bot - INFO - DOGE/USDT:USDT | Confidence reasons: {'trend': ['Цена выше EMA200 (+10)', 'ADX = 20.0'], 'momentum': ['RSI нейтрален (31.9) (+10)'], 'volume': ['Объём ниже среднего'], 'volatility': ['Волатильность нормальная'], 'patterns': [], 'chart': []}
2026-02-26 11:56:01,056 - crypto_bot - INFO - DOGE/USDT:USDT | Confidence 4.5 < 6, пропускаем
2026-02-26 11:56:02,380 - crypto_bot - INFO - POWER/USDT:USDT | Confidence details: {'trend': 10, 'momentum': 5, 'volume': 20, 'volatility': 0, 'patterns': 0, 'chart': 0}
2026-02-26 11:56:02,381 - crypto_bot - INFO - POWER/USDT:USDT | Confidence reasons: {'trend': ['Цена выше EMA200 (+10)', 'ADX = 20.0'], 'momentum': ['RSI перекуплен (83.8) (+5)'], 'volume': ['Объём выше среднего в 1.5 раз (+20)'], 'volatility': ['Волатильность нормальная'], 'patterns': [], 'chart': []}
2026-02-26 11:56:02,381 - crypto_bot - INFO - POWER/USDT:USDT | Дубль сигнала LONG, пропускаем
2026-02-26 11:56:03,917 - crypto_bot - INFO - ENSO/USDT:USDT | Confidence details: {'trend': 0, 'momentum': 15, 'volume': 0, 'volatility': 15, 'patterns': 0, 'chart': 0}
2026-02-26 11:56:03,917 - crypto_bot - INFO - ENSO/USDT:USDT | Confidence reasons: {'trend': ['Цена ниже EMA200', 'ADX = 20.0'], 'momentum': ['RSI перепродан (28.8) (+15)'], 'volume': ['Объём ниже среднего'], 'volatility': ['ATR сжат (возможный пробой) (+15)'], 'patterns': [], 'chart': []}
2026-02-26 11:56:03,918 - crypto_bot - INFO - ENSO/USDT:USDT | Confidence 5.2 < 6, пропускаем
2026-02-26 11:56:05,332 - crypto_bot - INFO - DOT/USDT:USDT | Confidence details: {'trend': 10, 'momentum': 10, 'volume': 0, 'volatility': 0, 'patterns': 0, 'chart': 0}
2026-02-26 11:56:05,332 - crypto_bot - INFO - DOT/USDT:USDT | Confidence reasons: {'trend': ['Цена выше EMA200 (+10)', 'ADX = 20.0'], 'momentum': ['RSI нейтрален (53.1) (+10)'], 'volume': ['Объём ниже среднего'], 'volatility': ['Волатильность нормальная'], 'patterns': [], 'chart': []}
2026-02-26 11:56:05,333 - crypto_bot - INFO - DOT/USDT:USDT | Confidence 4.5 < 6, пропускаем
2026-02-26 11:56:06,862 - crypto_bot - INFO - HYPE/USDT:USDT | Confidence details: {'trend': 10, 'momentum': 10, 'volume': 0, 'volatility': 0, 'patterns': 0, 'chart': 0}
2026-02-26 11:56:06,862 - crypto_bot - INFO - HYPE/USDT:USDT | Confidence reasons: {'trend': ['Цена выше EMA200 (+10)', 'ADX = 20.0'], 'momentum': ['RSI нейтрален (35.8) (+10)'], 'volume': ['Объём ниже среднего'], 'volatility': ['Волатильность нормальная'], 'patterns': [], 'chart': []}
2026-02-26 11:56:06,862 - crypto_bot - INFO - HYPE/USDT:USDT | Confidence 4.5 < 6, пропускаем
2026-02-26 11:56:08,761 - crypto_bot - INFO - ADA/USDT:USDT | Confidence details: {'trend': 10, 'momentum': 10, 'volume': 0, 'volatility': 0, 'patterns': 5, 'chart': 0}
2026-02-26 11:56:08,761 - crypto_bot - INFO - ADA/USDT:USDT | Confidence reasons: {'trend': ['Цена выше EMA200 (+10)', 'ADX = 20.0'], 'momentum': ['RSI нейтрален (41.5) (+10)'], 'volume': ['Объём ниже среднего'], 'volatility': ['Волатильность нормальная'], 'patterns': ['Бычий пин-бар (+5)'], 'chart': []}
2026-02-26 11:56:08,761 - crypto_bot - INFO - ADA/USDT:USDT | Confidence 5.0 < 6, пропускаем
2026-02-26 11:56:10,257 - crypto_bot - INFO - ARC/USDT:USDT | Confidence details: {'trend': 0, 'momentum': 15, 'volume': 20, 'volatility': 0, 'patterns': 0, 'chart': 0}
2026-02-26 11:56:10,257 - crypto_bot - INFO - ARC/USDT:USDT | Confidence reasons: {'trend': ['Цена ниже EMA200', 'ADX = 20.0'], 'momentum': ['RSI перепродан (15.7) (+15)'], 'volume': ['Объём выше среднего в 1.5 раз (+20)'], 'volatility': ['Волатильность нормальная'], 'patterns': [], 'chart': []}
2026-02-26 11:56:10,257 - crypto_bot - INFO - ARC/USDT:USDT | Дубль сигнала LONG, пропускаем
2026-02-26 11:56:11,625 - crypto_bot - INFO - PIPPIN/USDT:USDT | Confidence details: {'trend': 10, 'momentum': 5, 'volume': 20, 'volatility': 0, 'patterns': 0, 'chart': 0}
2026-02-26 11:56:11,625 - crypto_bot - INFO - PIPPIN/USDT:USDT | Confidence reasons: {'trend': ['Цена выше EMA200 (+10)', 'ADX = 20.0'], 'momentum': ['RSI перекуплен (76.8) (+5)'], 'volume': ['Объём выше среднего в 1.5 раз (+20)'], 'volatility': ['Волатильность нормальная'], 'patterns': [], 'chart': []}
2026-02-26 11:56:11,627 - crypto_bot - INFO - PIPPIN/USDT:USDT | RR 0.26 < 1.5, пропускаем
2026-02-26 11:56:12,882 - crypto_bot - INFO - SUI/USDT:USDT | Confidence details: {'trend': 10, 'momentum': 10, 'volume': 0, 'volatility': 0, 'patterns': 0, 'chart': 0}
2026-02-26 11:56:12,882 - crypto_bot - INFO - SUI/USDT:USDT | Confidence reasons: {'trend': ['Цена выше EMA200 (+10)', 'ADX = 20.0'], 'momentum': ['RSI нейтрален (30.3) (+10)'], 'volume': ['Объём ниже среднего'], 'volatility': ['Волатильность нормальная'], 'patterns': [], 'chart': []}
2026-02-26 11:56:12,882 - crypto_bot - INFO - SUI/USDT:USDT | Confidence 4.5 < 6, пропускаем
2026-02-26 12:06:14,215 - crypto_bot - INFO - ⚡ Активных монет после фильтра: 13
2026-02-26 12:06:15,603 - crypto_bot - INFO - BTC/USDT:USDT | Confidence details: {'trend': 10, 'momentum': 10, 'volume': 0, 'volatility': 5, 'patterns': 0, 'chart': 0}
2026-02-26 12:06:15,603 - crypto_bot - INFO - BTC/USDT:USDT | Confidence reasons: {'trend': ['Цена выше EMA200 (+10)', 'ADX = 20.0'], 'momentum': ['RSI нейтрален (33.3) (+10)'], 'volume': ['Объём ниже среднего'], 'volatility': ['Волатильность нормальная', 'Узкий диапазон за 10 свечей (+5)'], 'patterns': [], 'chart': []}
2026-02-26 12:06:15,603 - crypto_bot - INFO - BTC/USDT:USDT | Confidence 5.2 < 6, пропускаем
2026-02-26 12:06:16,832 - crypto_bot - INFO - ETH/USDT:USDT | Confidence details: {'trend': 10, 'momentum': 10, 'volume': 0, 'volatility': 5, 'patterns': 0, 'chart': 0}
2026-02-26 12:06:16,833 - crypto_bot - INFO - ETH/USDT:USDT | Confidence reasons: {'trend': ['Цена выше EMA200 (+10)', 'ADX = 20.0'], 'momentum': ['RSI нейтрален (45.1) (+10)'], 'volume': ['Объём ниже среднего'], 'volatility': ['Волатильность нормальная', 'Узкий диапазон за 10 свечей (+5)'], 'patterns': [], 'chart': []}
2026-02-26 12:06:16,833 - crypto_bot - INFO - ETH/USDT:USDT | Confidence 5.2 < 6, пропускаем
2026-02-26 12:06:18,540 - crypto_bot - INFO - SOL/USDT:USDT | Confidence details: {'trend': 10, 'momentum': 10, 'volume': 0, 'volatility': 5, 'patterns': 0, 'chart': 0}
2026-02-26 12:06:18,540 - crypto_bot - INFO - SOL/USDT:USDT | Confidence reasons: {'trend': ['Цена выше EMA200 (+10)', 'ADX = 20.0'], 'momentum': ['RSI нейтрален (33.6) (+10)'], 'volume': ['Объём ниже среднего'], 'volatility': ['Волатильность нормальная', 'Узкий диапазон за 10 свечей (+5)'], 'patterns': [], 'chart': []}
2026-02-26 12:06:18,541 - crypto_bot - INFO - SOL/USDT:USDT | Confidence 5.2 < 6, пропускаем
2026-02-26 12:06:19,755 - crypto_bot - INFO - XRP/USDT:USDT | Confidence details: {'trend': 10, 'momentum': 10, 'volume': 0, 'volatility': 0, 'patterns': 0, 'chart': 0}
2026-02-26 12:06:19,755 - crypto_bot - INFO - XRP/USDT:USDT | Confidence reasons: {'trend': ['Цена выше EMA200 (+10)', 'ADX = 20.0'], 'momentum': ['RSI нейтрален (40.5) (+10)'], 'volume': ['Объём ниже среднего'], 'volatility': ['Волатильность нормальная'], 'patterns': [], 'chart': []}
2026-02-26 12:06:19,756 - crypto_bot - INFO - XRP/USDT:USDT | Confidence 4.5 < 6, пропускаем
2026-02-26 12:06:21,260 - crypto_bot - INFO - DOGE/USDT:USDT | Confidence details: {'trend': 10, 'momentum': 15, 'volume': 0, 'volatility': 5, 'patterns': 0, 'chart': 0}
2026-02-26 12:06:21,263 - crypto_bot - INFO - DOGE/USDT:USDT | Confidence reasons: {'trend': ['Цена выше EMA200 (+10)', 'ADX = 20.0'], 'momentum': ['RSI перепродан (27.9) (+15)'], 'volume': ['Объём ниже среднего'], 'volatility': ['Волатильность нормальная', 'Узкий диапазон за 10 свечей (+5)'], 'patterns': [], 'chart': []}
2026-02-26 12:06:22,867 - crypto_bot - INFO - POWER/USDT:USDT | Confidence details: {'trend': 10, 'momentum': 5, 'volume': 0, 'volatility': 0, 'patterns': 0, 'chart': 0}
2026-02-26 12:06:22,868 - crypto_bot - INFO - POWER/USDT:USDT | Confidence reasons: {'trend': ['Цена выше EMA200 (+10)', 'ADX = 20.0'], 'momentum': ['RSI перекуплен (86.1) (+5)'], 'volume': ['Объём ниже среднего'], 'volatility': ['Волатильность нормальная'], 'patterns': [], 'chart': []}
2026-02-26 12:06:22,869 - crypto_bot - INFO - POWER/USDT:USDT | Confidence 3.5 < 6, пропускаем
2026-02-26 12:06:24,271 - crypto_bot - INFO - ENSO/USDT:USDT | Confidence details: {'trend': 0, 'momentum': 15, 'volume': 0, 'volatility': 15, 'patterns': 0, 'chart': 0}
2026-02-26 12:06:24,271 - crypto_bot - INFO - ENSO/USDT:USDT | Confidence reasons: {'trend': ['Цена ниже EMA200', 'ADX = 20.0'], 'momentum': ['RSI перепродан (29.4) (+15)'], 'volume': ['Объём ниже среднего'], 'volatility': ['ATR сжат (возможный пробой) (+15)'], 'patterns': [], 'chart': []}
2026-02-26 12:06:24,271 - crypto_bot - INFO - ENSO/USDT:USDT | Confidence 5.2 < 6, пропускаем
2026-02-26 12:06:25,912 - crypto_bot - INFO - DOT/USDT:USDT | Confidence details: {'trend': 10, 'momentum': 10, 'volume': 0, 'volatility': 0, 'patterns': 0, 'chart': 0}
2026-02-26 12:06:25,912 - crypto_bot - INFO - DOT/USDT:USDT | Confidence reasons: {'trend': ['Цена выше EMA200 (+10)', 'ADX = 20.0'], 'momentum': ['RSI нейтрален (46.8) (+10)'], 'volume': ['Объём ниже среднего'], 'volatility': ['Волатильность нормальная'], 'patterns': [], 'chart': []}
2026-02-26 12:06:25,912 - crypto_bot - INFO - DOT/USDT:USDT | Confidence 4.5 < 6, пропускаем
2026-02-26 12:06:27,325 - crypto_bot - INFO - HYPE/USDT:USDT | Confidence details: {'trend': 10, 'momentum': 10, 'volume': 0, 'volatility': 0, 'patterns': 5, 'chart': 0}
2026-02-26 12:06:27,325 - crypto_bot - INFO - HYPE/USDT:USDT | Confidence reasons: {'trend': ['Цена выше EMA200 (+10)', 'ADX = 20.0'], 'momentum': ['RSI нейтрален (37.4) (+10)'], 'volume': ['Объём ниже среднего'], 'volatility': ['Волатильность нормальная'], 'patterns': ['Бычий пин-бар (+5)'], 'chart': []}
2026-02-26 12:06:27,326 - crypto_bot - INFO - HYPE/USDT:USDT | Confidence 5.0 < 6, пропускаем
2026-02-26 12:06:28,978 - crypto_bot - INFO - ADA/USDT:USDT | Confidence details: {'trend': 10, 'momentum': 10, 'volume': 0, 'volatility': 0, 'patterns': 5, 'chart': 0}
2026-02-26 12:06:28,978 - crypto_bot - INFO - ADA/USDT:USDT | Confidence reasons: {'trend': ['Цена выше EMA200 (+10)', 'ADX = 20.0'], 'momentum': ['RSI нейтрален (32.9) (+10)'], 'volume': ['Объём ниже среднего'], 'volatility': ['Волатильность нормальная'], 'patterns': ['Бычий пин-бар (+5)'], 'chart': []}
2026-02-26 12:06:28,978 - crypto_bot - INFO - ADA/USDT:USDT | Confidence 5.0 < 6, пропускаем
2026-02-26 12:06:30,389 - crypto_bot - INFO - ARC/USDT:USDT | Confidence details: {'trend': 0, 'momentum': 15, 'volume': 0, 'volatility': 0, 'patterns': 0, 'chart': 0}
2026-02-26 12:06:30,389 - crypto_bot - INFO - ARC/USDT:USDT | Confidence reasons: {'trend': ['Цена ниже EMA200', 'ADX = 20.0'], 'momentum': ['RSI перепродан (16.6) (+15)'], 'volume': ['Объём ниже среднего'], 'volatility': ['Волатильность нормальная'], 'patterns': [], 'chart': []}
2026-02-26 12:06:30,389 - crypto_bot - INFO - ARC/USDT:USDT | Confidence 3.0 < 6, пропускаем
2026-02-26 12:06:32,010 - crypto_bot - INFO - PIPPIN/USDT:USDT | Confidence details: {'trend': 10, 'momentum': 5, 'volume': 0, 'volatility': 0, 'patterns': 0, 'chart': 0}
2026-02-26 12:06:32,010 - crypto_bot - INFO - PIPPIN/USDT:USDT | Confidence reasons: {'trend': ['Цена выше EMA200 (+10)', 'ADX = 20.0'], 'momentum': ['RSI перекуплен (75.7) (+5)'], 'volume': ['Объём ниже среднего'], 'volatility': ['Волатильность нормальная'], 'patterns': [], 'chart': []}
2026-02-26 12:06:32,011 - crypto_bot - INFO - PIPPIN/USDT:USDT | Confidence 3.5 < 6, пропускаем
2026-02-26 12:06:33,393 - crypto_bot - INFO - SUI/USDT:USDT | Confidence details: {'trend': 10, 'momentum': 15, 'volume': 0, 'volatility': 5, 'patterns': 0, 'chart': 0}
2026-02-26 12:06:33,394 - crypto_bot - INFO - SUI/USDT:USDT | Confidence reasons: {'trend': ['Цена выше EMA200 (+10)', 'ADX = 20.0'], 'momentum': ['RSI перепродан (27.4) (+15)'], 'volume': ['Объём ниже среднего'], 'volatility': ['Волатильность нормальная', 'Узкий диапазон за 10 свечей (+5)'], 'patterns': [], 'chart': []}
2026-02-26 12:41:27,059 - crypto_bot - INFO - ENV PATH: C:\Users\user\Desktop\crypto_bot\.env
2026-02-26 12:41:27,059 - crypto_bot - INFO - TOKEN FROM ENV: 8754768915:AAENY_esFdhvfJpl7xUX2Ig35e6TKXAdut0
2026-02-26 12:43:11,836 - crypto_bot - INFO - ENV PATH: C:\Users\user\Desktop\crypto_bot\.env
2026-02-26 12:43:11,836 - crypto_bot - INFO - TOKEN FROM ENV: 8754768915:AAENY_esFdhvfJpl7xUX2Ig35e6TKXAdut0
2026-02-26 12:43:12,689 - crypto_bot - INFO - 🚀 Trading Engine запущен (структурные уровни)
2026-02-26 12:43:16,033 - crypto_bot - INFO - 📊 Обновлён список топ-15 монет: ['BTC/USDT:USDT', 'ETH/USDT:USDT', 'SOL/USDT:USDT', 'XRP/USDT:USDT', 'POWER/USDT:USDT', 'DOGE/USDT:USDT', 'ENSO/USDT:USDT', 'DOT/USDT:USDT', 'HYPE/USDT:USDT', 'ADA/USDT:USDT', '1000PEPE/USDT:USDT', 'ARC/USDT:USDT', 'PIPPIN/USDT:USDT', 'XAUT/USDT:USDT', 'SUI/USDT:USDT']
2026-02-26 12:43:32,845 - crypto_bot - INFO - ⚡ Активных монет после фильтра: 13
2026-02-26 12:43:33,413 - crypto_bot - INFO - ✅ Бот @Crypro000_bot успешно запущен!
2026-02-26 12:43:34,867 - crypto_bot - INFO - BTC/USDT:USDT ❌ Объём ниже среднего
2026-02-26 12:43:36,772 - crypto_bot - INFO - ETH/USDT:USDT ❌ Объём ниже среднего
2026-02-26 12:43:38,180 - crypto_bot - INFO - SOL/USDT:USDT ❌ Объём ниже среднего
2026-02-26 12:43:39,735 - crypto_bot - INFO - XRP/USDT:USDT ❌ Объём ниже среднего
2026-02-26 12:43:40,832 - crypto_bot - INFO - POWER/USDT:USDT | Confidence details: {'trend': 25, 'momentum': 5, 'volume': 10, 'volatility': 0, 'patterns': 0, 'chart': 0}
2026-02-26 12:43:40,833 - crypto_bot - INFO - POWER/USDT:USDT | Confidence reasons: {'trend': ['Цена выше EMA200 (+10)', 'ADX > 25 (+15)'], 'momentum': ['RSI перекуплен (86.9) (+5)'], 'volume': ['Объём выше среднего (+10)'], 'volatility': ['Волатильность нормальная'], 'patterns': [], 'chart': []}
2026-02-26 12:43:40,834 - crypto_bot - INFO - POWER/USDT:USDT | RR 0.12 < 1.5, пропускаем
2026-02-26 12:43:42,659 - crypto_bot - INFO - DOGE/USDT:USDT ❌ Объём ниже среднего
2026-02-26 12:43:44,127 - crypto_bot - INFO - ENSO/USDT:USDT ❌ Объём ниже среднего
2026-02-26 12:43:45,652 - crypto_bot - INFO - DOT/USDT:USDT ❌ Объём ниже среднего
2026-02-26 12:43:47,163 - crypto_bot - INFO - HYPE/USDT:USDT | Confidence details: {'trend': 25, 'momentum': 10, 'volume': 10, 'volatility': 0, 'patterns': 0, 'chart': 0}
2026-02-26 12:43:47,163 - crypto_bot - INFO - HYPE/USDT:USDT | Confidence reasons: {'trend': ['Цена выше EMA200 (+10)', 'ADX > 25 (+15)'], 'momentum': ['RSI нейтрален (58.6) (+10)'], 'volume': ['Объём выше среднего (+10)'], 'volatility': ['Волатильность нормальная'], 'patterns': [], 'chart': []}
2026-02-26 12:43:47,164 - crypto_bot - INFO - HYPE/USDT:USDT | RR 0.86 < 1.5, пропускаем
2026-02-26 12:43:48,480 - crypto_bot - INFO - ADA/USDT:USDT ❌ Объём ниже среднего
2026-02-26 12:43:50,260 - crypto_bot - INFO - ARC/USDT:USDT ❌ Объём ниже среднего
2026-02-26 12:43:51,529 - crypto_bot - INFO - PIPPIN/USDT:USDT ❌ ADX слабый (19.2)
2026-02-26 12:43:52,980 - crypto_bot - INFO - SUI/USDT:USDT ❌ Объём ниже среднего
2026-02-26 12:53:53,690 - crypto_bot - INFO - ⚡ Активных монет после фильтра: 13
2026-02-26 12:53:55,344 - crypto_bot - INFO - BTC/USDT:USDT ❌ Объём ниже среднего
2026-02-26 12:53:56,727 - crypto_bot - INFO - ETH/USDT:USDT ❌ Объём ниже среднего
2026-02-26 12:53:58,311 - crypto_bot - INFO - SOL/USDT:USDT ❌ Объём ниже среднего
2026-02-26 12:54:00,104 - crypto_bot - INFO - XRP/USDT:USDT ❌ Объём ниже среднего
2026-02-26 12:54:01,284 - crypto_bot - INFO - POWER/USDT:USDT | Confidence details: {'trend': 25, 'momentum': 5, 'volume': 10, 'volatility': 0, 'patterns': 0, 'chart': 0}
2026-02-26 12:54:01,284 - crypto_bot - INFO - POWER/USDT:USDT | Confidence reasons: {'trend': ['Цена выше EMA200 (+10)', 'ADX > 25 (+15)'], 'momentum': ['RSI перекуплен (88.1) (+5)'], 'volume': ['Объём выше среднего (+10)'], 'volatility': ['Волатильность нормальная'], 'patterns': [], 'chart': []}
2026-02-26 12:54:01,285 - crypto_bot - INFO - POWER/USDT:USDT | Дубль сигнала LONG, пропускаем
2026-02-26 12:54:02,934 - crypto_bot - INFO - DOGE/USDT:USDT ❌ Объём ниже среднего
2026-02-26 12:54:04,651 - crypto_bot - INFO - ENSO/USDT:USDT ❌ Объём ниже среднего
2026-02-26 12:54:06,077 - crypto_bot - INFO - DOT/USDT:USDT ❌ Объём ниже среднего
2026-02-26 12:54:07,291 - crypto_bot - INFO - HYPE/USDT:USDT | Confidence details: {'trend': 25, 'momentum': 10, 'volume': 20, 'volatility': 0, 'patterns': 0, 'chart': 0}
2026-02-26 12:54:07,291 - crypto_bot - INFO - HYPE/USDT:USDT | Confidence reasons: {'trend': ['Цена выше EMA200 (+10)', 'ADX > 25 (+15)'], 'momentum': ['RSI нейтрален (55.2) (+10)'], 'volume': ['Объём выше среднего в 1.5 раз (+20)'], 'volatility': ['Волатильность нормальная'], 'patterns': [], 'chart': []}
2026-02-26 12:54:07,291 - crypto_bot - INFO - HYPE/USDT:USDT | Дубль сигнала LONG, пропускаем
2026-02-26 12:54:08,831 - crypto_bot - INFO - ADA/USDT:USDT ❌ Объём ниже среднего
2026-02-26 12:54:10,219 - crypto_bot - INFO - ARC/USDT:USDT ❌ Объём ниже среднего
2026-02-26 12:54:12,195 - crypto_bot - INFO - PIPPIN/USDT:USDT ❌ ADX слабый (19.2)
2026-02-26 12:54:13,345 - crypto_bot - INFO - SUI/USDT:USDT ❌ Объём ниже среднего
2026-02-26 12:55:28,142 - crypto_bot - INFO - ENV PATH: C:\Users\user\Desktop\crypto_bot\.env
2026-02-26 12:55:28,142 - crypto_bot - INFO - TOKEN FROM ENV: 8754768915:AAENY_esFdhvfJpl7xUX2Ig35e6TKXAdut0
2026-02-26 12:55:28,987 - crypto_bot - INFO - 🚀 Trading Engine запущен (структурные уровни)
2026-02-26 12:55:34,481 - crypto_bot - INFO - 📊 Обновлён список топ-25 монет: ['BTC/USDT:USDT', 'ETH/USDT:USDT', 'SOL/USDT:USDT', 'XRP/USDT:USDT', 'POWER/USDT:USDT', 'DOGE/USDT:USDT', 'ENSO/USDT:USDT', 'DOT/USDT:USDT', 'HYPE/USDT:USDT', 'ADA/USDT:USDT', '1000PEPE/USDT:USDT', 'ARC/USDT:USDT', 'PIPPIN/USDT:USDT', 'XAUT/USDT:USDT', 'SUI/USDT:USDT', 'ESP/USDT:USDT', 'LINK/USDT:USDT', 'FARTCOIN/USDT:USDT', 'AVAX/USDT:USDT', 'NEAR/USDT:USDT', 'RIVER/USDT:USDT', 'BARD/USDT:USDT', 'ZEC/USDT:USDT', 'BNB/USDT:USDT', 'LTC/USDT:USDT']
2026-02-26 12:55:51,326 - crypto_bot - INFO - ⚡ Активных монет после фильтра: 23
2026-02-26 12:55:51,553 - crypto_bot - INFO - ✅ Бот @Crypro000_bot успешно запущен!
2026-02-26 12:55:53,610 - crypto_bot - INFO - BTC/USDT:USDT ❌ Объём ниже среднего
2026-02-26 12:55:54,993 - crypto_bot - INFO - ETH/USDT:USDT ❌ Объём ниже среднего
2026-02-26 12:55:56,534 - crypto_bot - INFO - SOL/USDT:USDT ❌ Объём ниже среднего
2026-02-26 12:55:57,944 - crypto_bot - INFO - XRP/USDT:USDT ❌ Объём ниже среднего
2026-02-26 12:55:59,437 - crypto_bot - INFO - POWER/USDT:USDT | Confidence details: {'trend': 25, 'momentum': 5, 'volume': 20, 'volatility': 0, 'patterns': 0, 'chart': 0}
2026-02-26 12:55:59,437 - crypto_bot - INFO - POWER/USDT:USDT | Confidence reasons: {'trend': ['Цена выше EMA200 (+10)', 'ADX > 25 (+15)'], 'momentum': ['RSI перекуплен (88.2) (+5)'], 'volume': ['Объём выше среднего в 1.5 раз (+20)'], 'volatility': ['Волатильность нормальная'], 'patterns': [], 'chart': []}
2026-02-26 12:55:59,439 - crypto_bot - INFO - POWER/USDT:USDT | RR 0.11 < 1.5, пропускаем
2026-02-26 12:56:00,770 - crypto_bot - INFO - DOGE/USDT:USDT ❌ Объём ниже среднего
2026-02-26 12:56:02,485 - crypto_bot - INFO - ENSO/USDT:USDT ❌ Объём ниже среднего
2026-02-26 12:56:04,105 - crypto_bot - INFO - DOT/USDT:USDT ❌ Объём ниже среднего
2026-02-26 12:56:05,476 - crypto_bot - INFO - HYPE/USDT:USDT | Confidence details: {'trend': 25, 'momentum': 10, 'volume': 20, 'volatility': 0, 'patterns': 0, 'chart': 0}
2026-02-26 12:56:05,476 - crypto_bot - INFO - HYPE/USDT:USDT | Confidence reasons: {'trend': ['Цена выше EMA200 (+10)', 'ADX > 25 (+15)'], 'momentum': ['RSI нейтрален (56.8) (+10)'], 'volume': ['Объём выше среднего в 1.5 раз (+20)'], 'volatility': ['Волатильность нормальная'], 'patterns': [], 'chart': []}
2026-02-26 12:56:05,477 - crypto_bot - INFO - HYPE/USDT:USDT | RR 0.92 < 1.5, пропускаем
2026-02-26 12:56:06,849 - crypto_bot - INFO - ADA/USDT:USDT ❌ Объём ниже среднего
2026-02-26 12:56:08,471 - crypto_bot - INFO - ARC/USDT:USDT ❌ Объём ниже среднего
2026-02-26 12:56:09,873 - crypto_bot - INFO - PIPPIN/USDT:USDT ❌ ADX слабый (19.2)
2026-02-26 12:56:11,381 - crypto_bot - INFO - SUI/USDT:USDT ❌ Объём ниже среднего
2026-02-26 12:56:13,046 - crypto_bot - INFO - ESP/USDT:USDT ❌ ADX слабый (18.2)
2026-02-26 12:56:14,616 - crypto_bot - INFO - LINK/USDT:USDT ❌ Объём ниже среднего
2026-02-26 12:56:15,892 - crypto_bot - INFO - FARTCOIN/USDT:USDT ❌ Объём ниже среднего
2026-02-26 12:56:17,425 - crypto_bot - INFO - AVAX/USDT:USDT ❌ Объём ниже среднего
2026-02-26 12:56:18,917 - crypto_bot - INFO - NEAR/USDT:USDT ❌ Объём ниже среднего
2026-02-26 12:56:20,570 - crypto_bot - INFO - RIVER/USDT:USDT ❌ Объём ниже среднего
2026-02-26 12:56:22,174 - crypto_bot - INFO - BARD/USDT:USDT ❌ Объём ниже среднего
2026-02-26 12:56:23,450 - crypto_bot - INFO - ZEC/USDT:USDT ❌ Объём ниже среднего
2026-02-26 12:56:24,784 - crypto_bot - INFO - BNB/USDT:USDT | ATR/price = 0.0088 < 0.009, пропускаем
2026-02-26 12:56:26,722 - crypto_bot - INFO - LTC/USDT:USDT ❌ Объём ниже среднего
2026-02-26 13:06:27,352 - crypto_bot - INFO - ⚡ Активных монет после фильтра: 23
2026-02-26 13:06:29,016 - crypto_bot - INFO - BTC/USDT:USDT ❌ Объём ниже среднего
2026-02-26 13:06:30,958 - crypto_bot - INFO - ETH/USDT:USDT ❌ Объём ниже среднего
2026-02-26 13:06:32,363 - crypto_bot - INFO - SOL/USDT:USDT ❌ Объём ниже среднего
2026-02-26 13:06:33,750 - crypto_bot - INFO - XRP/USDT:USDT ❌ Объём ниже среднего
2026-02-26 13:06:35,334 - crypto_bot - INFO - POWER/USDT:USDT ❌ Объём ниже среднего
2026-02-26 13:06:36,673 - crypto_bot - INFO - DOGE/USDT:USDT ❌ Объём ниже среднего
2026-02-26 13:06:38,123 - crypto_bot - INFO - ENSO/USDT:USDT ❌ Объём ниже среднего
2026-02-26 13:06:39,581 - crypto_bot - INFO - DOT/USDT:USDT ❌ Объём ниже среднего
2026-02-26 13:06:41,297 - crypto_bot - INFO - HYPE/USDT:USDT ❌ Объём ниже среднего
2026-02-26 13:06:42,690 - crypto_bot - INFO - ADA/USDT:USDT ❌ Объём ниже среднего
2026-02-26 13:06:44,011 - crypto_bot - INFO - ARC/USDT:USDT ❌ Объём ниже среднего
2026-02-26 13:06:45,756 - crypto_bot - INFO - PIPPIN/USDT:USDT ❌ Объём ниже среднего
2026-02-26 13:06:47,119 - crypto_bot - INFO - SUI/USDT:USDT ❌ Объём ниже среднего
2026-02-26 13:06:48,786 - crypto_bot - INFO - ESP/USDT:USDT ❌ ADX слабый (19.8)
2026-02-26 13:06:50,052 - crypto_bot - INFO - LINK/USDT:USDT ❌ Объём ниже среднего
2026-02-26 13:06:51,860 - crypto_bot - INFO - FARTCOIN/USDT:USDT ❌ Объём ниже среднего
2026-02-26 13:06:53,405 - crypto_bot - INFO - AVAX/USDT:USDT ❌ Объём ниже среднего
2026-02-26 13:06:54,720 - crypto_bot - INFO - NEAR/USDT:USDT ❌ Объём ниже среднего
2026-02-26 13:06:56,336 - crypto_bot - INFO - RIVER/USDT:USDT ❌ Объём ниже среднего
2026-02-26 13:06:57,640 - crypto_bot - INFO - BARD/USDT:USDT ❌ Объём ниже среднего
2026-02-26 13:06:59,247 - crypto_bot - INFO - ZEC/USDT:USDT ❌ Объём ниже среднего
2026-02-26 13:07:00,820 - crypto_bot - INFO - BNB/USDT:USDT | ATR/price = 0.0086 < 0.009, пропускаем
2026-02-26 13:07:02,454 - crypto_bot - INFO - LTC/USDT:USDT ❌ Объём ниже среднего
2026-02-26 13:17:03,265 - crypto_bot - INFO - ⚡ Активных монет после фильтра: 23
2026-02-26 13:17:04,803 - crypto_bot - INFO - BTC/USDT:USDT ❌ Объём ниже среднего
2026-02-26 13:17:06,496 - crypto_bot - INFO - ETH/USDT:USDT ❌ Объём ниже среднего
2026-02-26 13:17:08,055 - crypto_bot - INFO - SOL/USDT:USDT ❌ Объём ниже среднего
2026-02-26 13:17:09,467 - crypto_bot - INFO - XRP/USDT:USDT ❌ Объём ниже среднего
2026-02-26 13:17:10,887 - crypto_bot - INFO - POWER/USDT:USDT ❌ Объём ниже среднего
2026-02-26 13:17:12,294 - crypto_bot - INFO - DOGE/USDT:USDT ❌ Объём ниже среднего
2026-02-26 13:17:13,959 - crypto_bot - INFO - ENSO/USDT:USDT ❌ Объём ниже среднего
2026-02-26 13:17:15,580 - crypto_bot - INFO - DOT/USDT:USDT ❌ Объём ниже среднего
2026-02-26 13:17:16,715 - crypto_bot - INFO - HYPE/USDT:USDT ❌ Объём ниже среднего
2026-02-26 13:17:18,292 - crypto_bot - INFO - ADA/USDT:USDT ❌ Объём ниже среднего
2026-02-26 13:17:20,115 - crypto_bot - INFO - ARC/USDT:USDT ❌ Объём ниже среднего
2026-02-26 13:17:21,262 - crypto_bot - INFO - PIPPIN/USDT:USDT ❌ Объём ниже среднего
2026-02-26 13:17:23,176 - crypto_bot - INFO - SUI/USDT:USDT ❌ Объём ниже среднего
2026-02-26 13:17:24,626 - crypto_bot - INFO - ESP/USDT:USDT ❌ ADX слабый (19.8)
2026-02-26 13:17:25,711 - crypto_bot - INFO - LINK/USDT:USDT ❌ Объём ниже среднего
2026-02-26 13:17:27,367 - crypto_bot - INFO - FARTCOIN/USDT:USDT ❌ Объём ниже среднего
2026-02-26 13:17:28,784 - crypto_bot - INFO - AVAX/USDT:USDT ❌ Объём ниже среднего
2026-02-26 13:17:30,291 - crypto_bot - INFO - NEAR/USDT:USDT ❌ Объём ниже среднего
2026-02-26 13:17:32,047 - crypto_bot - INFO - RIVER/USDT:USDT ❌ Объём ниже среднего
2026-02-26 13:17:33,319 - crypto_bot - INFO - BARD/USDT:USDT ❌ Объём ниже среднего
2026-02-26 13:17:34,749 - crypto_bot - INFO - ZEC/USDT:USDT ❌ Объём ниже среднего
2026-02-26 13:17:36,525 - crypto_bot - INFO - BNB/USDT:USDT | ATR/price = 0.0087 < 0.009, пропускаем
2026-02-26 13:17:37,910 - crypto_bot - INFO - LTC/USDT:USDT ❌ Объём ниже среднего
2026-02-26 13:27:38,557 - crypto_bot - INFO - ⚡ Активных монет после фильтра: 23
2026-02-26 13:27:40,549 - crypto_bot - INFO - BTC/USDT:USDT ❌ Объём ниже среднего
2026-02-26 13:27:42,327 - crypto_bot - INFO - ETH/USDT:USDT ❌ Объём ниже среднего
2026-02-26 13:27:43,429 - crypto_bot - INFO - SOL/USDT:USDT ❌ Объём ниже среднего
2026-02-26 13:27:44,672 - crypto_bot - INFO - XRP/USDT:USDT ❌ Объём ниже среднего
2026-02-26 13:27:46,253 - crypto_bot - INFO - POWER/USDT:USDT ❌ Объём ниже среднего
2026-02-26 13:27:48,101 - crypto_bot - INFO - DOGE/USDT:USDT ❌ Объём ниже среднего
2026-02-26 13:27:49,312 - crypto_bot - INFO - ENSO/USDT:USDT ❌ Объём ниже среднего
2026-02-26 13:27:51,014 - crypto_bot - INFO - DOT/USDT:USDT ❌ Объём ниже среднего
2026-02-26 13:27:52,205 - crypto_bot - INFO - HYPE/USDT:USDT ❌ Объём ниже среднего
2026-02-26 13:27:53,708 - crypto_bot - INFO - ADA/USDT:USDT ❌ Объём ниже среднего
2026-02-26 13:27:55,152 - crypto_bot - INFO - ARC/USDT:USDT ❌ Объём ниже среднего
2026-02-26 13:27:56,777 - crypto_bot - INFO - PIPPIN/USDT:USDT ❌ Объём ниже среднего
2026-02-26 13:27:58,344 - crypto_bot - INFO - SUI/USDT:USDT ❌ Объём ниже среднего
2026-02-26 13:28:00,065 - crypto_bot - INFO - ESP/USDT:USDT ❌ ADX слабый (19.8)
2026-02-26 13:28:01,364 - crypto_bot - INFO - LINK/USDT:USDT ❌ Объём ниже среднего
2026-02-26 13:28:02,669 - crypto_bot - INFO - FARTCOIN/USDT:USDT ❌ Объём ниже среднего
2026-02-26 13:28:04,486 - crypto_bot - INFO - AVAX/USDT:USDT ❌ Объём ниже среднего
2026-02-26 13:28:06,068 - crypto_bot - INFO - NEAR/USDT:USDT ❌ Объём ниже среднего
2026-02-26 13:28:07,621 - crypto_bot - INFO - RIVER/USDT:USDT ❌ Объём ниже среднего
2026-02-26 13:28:09,004 - crypto_bot - INFO - BARD/USDT:USDT ❌ Объём ниже среднего
2026-02-26 13:28:10,208 - crypto_bot - INFO - ZEC/USDT:USDT ❌ Объём ниже среднего
2026-02-26 13:28:11,899 - crypto_bot - INFO - BNB/USDT:USDT | ATR/price = 0.0088 < 0.009, пропускаем
2026-02-26 13:28:13,862 - crypto_bot - INFO - LTC/USDT:USDT ❌ Объём ниже среднего
2026-02-26 13:38:15,347 - crypto_bot - INFO - ⚡ Активных монет после фильтра: 22
2026-02-26 13:38:16,600 - crypto_bot - INFO - BTC/USDT:USDT ❌ Объём ниже среднего
2026-02-26 13:38:17,605 - crypto_bot - INFO - ETH/USDT:USDT ❌ Объём ниже среднего
2026-02-26 13:38:19,379 - crypto_bot - INFO - SOL/USDT:USDT ❌ Объём ниже среднего
2026-02-26 13:38:21,017 - crypto_bot - INFO - XRP/USDT:USDT ❌ Объём ниже среднего
2026-02-26 13:38:22,274 - crypto_bot - INFO - POWER/USDT:USDT ❌ Объём ниже среднего
2026-02-26 13:38:23,900 - crypto_bot - INFO - DOGE/USDT:USDT ❌ Объём ниже среднего
2026-02-26 13:38:25,404 - crypto_bot - INFO - ENSO/USDT:USDT ❌ Объём ниже среднего
2026-02-26 13:38:27,075 - crypto_bot - INFO - DOT/USDT:USDT ❌ Объём ниже среднего
2026-02-26 13:38:28,538 - crypto_bot - INFO - HYPE/USDT:USDT ❌ Объём ниже среднего
2026-02-26 13:38:30,065 - crypto_bot - INFO - ADA/USDT:USDT ❌ Объём ниже среднего
2026-02-26 13:38:31,213 - crypto_bot - INFO - ARC/USDT:USDT ❌ Объём ниже среднего
2026-02-26 13:38:32,909 - crypto_bot - INFO - PIPPIN/USDT:USDT ❌ Объём ниже среднего
2026-02-26 13:38:34,488 - crypto_bot - INFO - SUI/USDT:USDT ❌ Объём ниже среднего
2026-02-26 13:38:35,633 - crypto_bot - INFO - ESP/USDT:USDT ❌ ADX слабый (19.8)
2026-02-26 13:38:37,340 - crypto_bot - INFO - LINK/USDT:USDT ❌ Объём ниже среднего
2026-02-26 13:38:38,739 - crypto_bot - INFO - FARTCOIN/USDT:USDT ❌ Объём ниже среднего
2026-02-26 13:38:40,439 - crypto_bot - INFO - AVAX/USDT:USDT ❌ Объём ниже среднего
2026-02-26 13:38:41,743 - crypto_bot - INFO - NEAR/USDT:USDT ❌ Объём ниже среднего
2026-02-26 13:38:43,366 - crypto_bot - INFO - RIVER/USDT:USDT ❌ Объём ниже среднего
2026-02-26 13:38:45,079 - crypto_bot - INFO - BARD/USDT:USDT ❌ Объём ниже среднего
2026-02-26 13:38:46,321 - crypto_bot - INFO - BNB/USDT:USDT | ATR/price = 0.0089 < 0.009, пропускаем
2026-02-26 13:38:48,088 - crypto_bot - INFO - LTC/USDT:USDT ❌ Объём ниже среднего
2026-03-15 16:49:07,310 - crypto_bot - INFO - ✅ Telegram бот инициализирован
2026-03-15 16:49:12,399 - crypto_bot - ERROR - Критическая ошибка Telegram-потока: Timed out
Traceback (most recent call last):
  File "C:\Users\user\Desktop\crypto_botV2\venv\Lib\site-packages\httpx\_transports\default.py", line 66, in map_httpcore_exceptions
    yield
  File "C:\Users\user\Desktop\crypto_botV2\venv\Lib\site-packages\httpx\_transports\default.py", line 366, in handle_async_request
    resp = await self._pool.handle_async_request(req)
           ^^^^^^^^^^^^^^^^^^^^^^^^^^^^^^^^^^^^^^^^^^
  File "C:\Users\user\Desktop\crypto_botV2\venv\Lib\site-packages\httpcore\_async\connection_pool.py", line 256, in handle_async_request
    raise exc from None
  File "C:\Users\user\Desktop\crypto_botV2\venv\Lib\site-packages\httpcore\_async\connection_pool.py", line 236, in handle_async_request
    response = await connection.handle_async_request(
               ^^^^^^^^^^^^^^^^^^^^^^^^^^^^^^^^^^^^^^
  File "C:\Users\user\Desktop\crypto_botV2\venv\Lib\site-packages\httpcore\_async\connection.py", line 101, in handle_async_request
    raise exc
  File "C:\Users\user\Desktop\crypto_botV2\venv\Lib\site-packages\httpcore\_async\connection.py", line 78, in handle_async_request
    stream = await self._connect(request)
             ^^^^^^^^^^^^^^^^^^^^^^^^^^^^
  File "C:\Users\user\Desktop\crypto_botV2\venv\Lib\site-packages\httpcore\_async\connection.py", line 156, in _connect
    stream = await stream.start_tls(**kwargs)
             ^^^^^^^^^^^^^^^^^^^^^^^^^^^^^^^^
  File "C:\Users\user\Desktop\crypto_botV2\venv\Lib\site-packages\httpcore\_backends\anyio.py", line 67, in start_tls
    with map_exceptions(exc_map):
  File "D:\Python 3.11\Lib\contextlib.py", line 158, in __exit__
    self.gen.throw(typ, value, traceback)
  File "C:\Users\user\Desktop\crypto_botV2\venv\Lib\site-packages\httpcore\_exceptions.py", line 14, in map_exceptions
    raise to_exc(exc) from exc
httpcore.ConnectTimeout

The above exception was the direct cause of the following exception:

Traceback (most recent call last):
  File "C:\Users\user\Desktop\crypto_botV2\venv\Lib\site-packages\telegram\request\_httpxrequest.py", line 268, in do_request
    res = await self._client.request(
          ^^^^^^^^^^^^^^^^^^^^^^^^^^^
  File "C:\Users\user\Desktop\crypto_botV2\venv\Lib\site-packages\httpx\_client.py", line 1530, in request
    return await self.send(request, auth=auth, follow_redirects=follow_redirects)
           ^^^^^^^^^^^^^^^^^^^^^^^^^^^^^^^^^^^^^^^^^^^^^^^^^^^^^^^^^^^^^^^^^^^^^^
  File "C:\Users\user\Desktop\crypto_botV2\venv\Lib\site-packages\httpx\_client.py", line 1617, in send
    response = await self._send_handling_auth(
               ^^^^^^^^^^^^^^^^^^^^^^^^^^^^^^^
  File "C:\Users\user\Desktop\crypto_botV2\venv\Lib\site-packages\httpx\_client.py", line 1645, in _send_handling_auth
    response = await self._send_handling_redirects(
               ^^^^^^^^^^^^^^^^^^^^^^^^^^^^^^^^^^^^
  File "C:\Users\user\Desktop\crypto_botV2\venv\Lib\site-packages\httpx\_client.py", line 1682, in _send_handling_redirects
    response = await self._send_single_request(request)
               ^^^^^^^^^^^^^^^^^^^^^^^^^^^^^^^^^^^^^^^^
  File "C:\Users\user\Desktop\crypto_botV2\venv\Lib\site-packages\httpx\_client.py", line 1719, in _send_single_request
    response = await transport.handle_async_request(request)
               ^^^^^^^^^^^^^^^^^^^^^^^^^^^^^^^^^^^^^^^^^^^^^
  File "C:\Users\user\Desktop\crypto_botV2\venv\Lib\site-packages\httpx\_transports\default.py", line 365, in handle_async_request
    with map_httpcore_exceptions():
  File "D:\Python 3.11\Lib\contextlib.py", line 158, in __exit__
    self.gen.throw(typ, value, traceback)
  File "C:\Users\user\Desktop\crypto_botV2\venv\Lib\site-packages\httpx\_transports\default.py", line 83, in map_httpcore_exceptions
    raise mapped_exc(message) from exc
httpx.ConnectTimeout

The above exception was the direct cause of the following exception:

Traceback (most recent call last):
  File "C:\Users\user\Desktop\crypto_botV2\main.py", line 17, in _run_bot_thread
    asyncio.run(bot.run_polling())
  File "D:\Python 3.11\Lib\asyncio\runners.py", line 190, in run
    return runner.run(main)
           ^^^^^^^^^^^^^^^^
  File "D:\Python 3.11\Lib\asyncio\runners.py", line 118, in run
    return self._loop.run_until_complete(task)
           ^^^^^^^^^^^^^^^^^^^^^^^^^^^^^^^^^^^
  File "D:\Python 3.11\Lib\asyncio\base_events.py", line 654, in run_until_complete
    return future.result()
           ^^^^^^^^^^^^^^^
  File "C:\Users\user\Desktop\crypto_botV2\tg_bot\bot.py", line 102, in run_polling
    await self.application.initialize()
  File "C:\Users\user\Desktop\crypto_botV2\venv\Lib\site-packages\telegram\ext\_application.py", line 477, in initialize
    await self.bot.initialize()
  File "C:\Users\user\Desktop\crypto_botV2\venv\Lib\site-packages\telegram\ext\_extbot.py", line 286, in initialize
    await super().initialize()
  File "C:\Users\user\Desktop\crypto_botV2\venv\Lib\site-packages\telegram\_bot.py", line 735, in initialize
    await self.get_me()
  File "C:\Users\user\Desktop\crypto_botV2\venv\Lib\site-packages\telegram\ext\_extbot.py", line 1697, in get_me
    return await super().get_me(
           ^^^^^^^^^^^^^^^^^^^^^
  File "C:\Users\user\Desktop\crypto_botV2\venv\Lib\site-packages\telegram\_bot.py", line 525, in decorator
    result = await func(self, *args, **kwargs)  # skipcq: PYL-E1102
             ^^^^^^^^^^^^^^^^^^^^^^^^^^^^^^^^^
  File "C:\Users\user\Desktop\crypto_botV2\venv\Lib\site-packages\telegram\_bot.py", line 775, in get_me
    result = await self._post(
             ^^^^^^^^^^^^^^^^^
  File "C:\Users\user\Desktop\crypto_botV2\venv\Lib\site-packages\telegram\_bot.py", line 613, in _post
    return await self._do_post(
           ^^^^^^^^^^^^^^^^^^^^
  File "C:\Users\user\Desktop\crypto_botV2\venv\Lib\site-packages\telegram\ext\_extbot.py", line 340, in _do_post
    return await super()._do_post(
           ^^^^^^^^^^^^^^^^^^^^^^^
  File "C:\Users\user\Desktop\crypto_botV2\venv\Lib\site-packages\telegram\_bot.py", line 641, in _do_post
    return await request.post(
           ^^^^^^^^^^^^^^^^^^^
  File "C:\Users\user\Desktop\crypto_botV2\venv\Lib\site-packages\telegram\request\_baserequest.py", line 200, in post
    result = await self._request_wrapper(
             ^^^^^^^^^^^^^^^^^^^^^^^^^^^^
  File "C:\Users\user\Desktop\crypto_botV2\venv\Lib\site-packages\telegram\request\_baserequest.py", line 340, in _request_wrapper
    raise exc
  File "C:\Users\user\Desktop\crypto_botV2\venv\Lib\site-packages\telegram\request\_baserequest.py", line 330, in _request_wrapper
    code, payload = await self.do_request(
                    ^^^^^^^^^^^^^^^^^^^^^^
  File "C:\Users\user\Desktop\crypto_botV2\venv\Lib\site-packages\telegram\request\_httpxrequest.py", line 285, in do_request
    raise TimedOut from err
telegram.error.TimedOut: Timed out
2026-03-15 16:49:23,812 - crypto_bot - INFO - Остановка по KeyboardInterrupt
2026-03-15 16:51:58,893 - crypto_bot - INFO - ✅ Telegram бот инициализирован
2026-03-15 16:52:03,978 - crypto_bot - ERROR - Критическая ошибка Telegram-потока: Timed out
Traceback (most recent call last):
  File "C:\Users\user\Desktop\crypto_botV2\venv\Lib\site-packages\httpx\_transports\default.py", line 66, in map_httpcore_exceptions
    yield
  File "C:\Users\user\Desktop\crypto_botV2\venv\Lib\site-packages\httpx\_transports\default.py", line 366, in handle_async_request
    resp = await self._pool.handle_async_request(req)
           ^^^^^^^^^^^^^^^^^^^^^^^^^^^^^^^^^^^^^^^^^^
  File "C:\Users\user\Desktop\crypto_botV2\venv\Lib\site-packages\httpcore\_async\connection_pool.py", line 256, in handle_async_request
    raise exc from None
  File "C:\Users\user\Desktop\crypto_botV2\venv\Lib\site-packages\httpcore\_async\connection_pool.py", line 236, in handle_async_request
    response = await connection.handle_async_request(
               ^^^^^^^^^^^^^^^^^^^^^^^^^^^^^^^^^^^^^^
  File "C:\Users\user\Desktop\crypto_botV2\venv\Lib\site-packages\httpcore\_async\connection.py", line 101, in handle_async_request
    raise exc
  File "C:\Users\user\Desktop\crypto_botV2\venv\Lib\site-packages\httpcore\_async\connection.py", line 78, in handle_async_request
    stream = await self._connect(request)
             ^^^^^^^^^^^^^^^^^^^^^^^^^^^^
  File "C:\Users\user\Desktop\crypto_botV2\venv\Lib\site-packages\httpcore\_async\connection.py", line 156, in _connect
    stream = await stream.start_tls(**kwargs)
             ^^^^^^^^^^^^^^^^^^^^^^^^^^^^^^^^
  File "C:\Users\user\Desktop\crypto_botV2\venv\Lib\site-packages\httpcore\_backends\anyio.py", line 67, in start_tls
    with map_exceptions(exc_map):
  File "D:\Python 3.11\Lib\contextlib.py", line 158, in __exit__
    self.gen.throw(typ, value, traceback)
  File "C:\Users\user\Desktop\crypto_botV2\venv\Lib\site-packages\httpcore\_exceptions.py", line 14, in map_exceptions
    raise to_exc(exc) from exc
httpcore.ConnectTimeout

The above exception was the direct cause of the following exception:

Traceback (most recent call last):
  File "C:\Users\user\Desktop\crypto_botV2\venv\Lib\site-packages\telegram\request\_httpxrequest.py", line 268, in do_request
    res = await self._client.request(
          ^^^^^^^^^^^^^^^^^^^^^^^^^^^
  File "C:\Users\user\Desktop\crypto_botV2\venv\Lib\site-packages\httpx\_client.py", line 1530, in request
    return await self.send(request, auth=auth, follow_redirects=follow_redirects)
           ^^^^^^^^^^^^^^^^^^^^^^^^^^^^^^^^^^^^^^^^^^^^^^^^^^^^^^^^^^^^^^^^^^^^^^
  File "C:\Users\user\Desktop\crypto_botV2\venv\Lib\site-packages\httpx\_client.py", line 1617, in send
    response = await self._send_handling_auth(
               ^^^^^^^^^^^^^^^^^^^^^^^^^^^^^^^
  File "C:\Users\user\Desktop\crypto_botV2\venv\Lib\site-packages\httpx\_client.py", line 1645, in _send_handling_auth
    response = await self._send_handling_redirects(
               ^^^^^^^^^^^^^^^^^^^^^^^^^^^^^^^^^^^^
  File "C:\Users\user\Desktop\crypto_botV2\venv\Lib\site-packages\httpx\_client.py", line 1682, in _send_handling_redirects
    response = await self._send_single_request(request)
               ^^^^^^^^^^^^^^^^^^^^^^^^^^^^^^^^^^^^^^^^
  File "C:\Users\user\Desktop\crypto_botV2\venv\Lib\site-packages\httpx\_client.py", line 1719, in _send_single_request
    response = await transport.handle_async_request(request)
               ^^^^^^^^^^^^^^^^^^^^^^^^^^^^^^^^^^^^^^^^^^^^^
  File "C:\Users\user\Desktop\crypto_botV2\venv\Lib\site-packages\httpx\_transports\default.py", line 365, in handle_async_request
    with map_httpcore_exceptions():
  File "D:\Python 3.11\Lib\contextlib.py", line 158, in __exit__
    self.gen.throw(typ, value, traceback)
  File "C:\Users\user\Desktop\crypto_botV2\venv\Lib\site-packages\httpx\_transports\default.py", line 83, in map_httpcore_exceptions
    raise mapped_exc(message) from exc
httpx.ConnectTimeout

The above exception was the direct cause of the following exception:

Traceback (most recent call last):
  File "C:\Users\user\Desktop\crypto_botV2\main.py", line 17, in _run_bot_thread
    asyncio.run(bot.run_polling())
  File "D:\Python 3.11\Lib\asyncio\runners.py", line 190, in run
    return runner.run(main)
           ^^^^^^^^^^^^^^^^
  File "D:\Python 3.11\Lib\asyncio\runners.py", line 118, in run
    return self._loop.run_until_complete(task)
           ^^^^^^^^^^^^^^^^^^^^^^^^^^^^^^^^^^^
  File "D:\Python 3.11\Lib\asyncio\base_events.py", line 654, in run_until_complete
    return future.result()
           ^^^^^^^^^^^^^^^
  File "C:\Users\user\Desktop\crypto_botV2\tg_bot\bot.py", line 112, in run_polling
    await self.application.initialize()
  File "C:\Users\user\Desktop\crypto_botV2\venv\Lib\site-packages\telegram\ext\_application.py", line 477, in initialize
    await self.bot.initialize()
  File "C:\Users\user\Desktop\crypto_botV2\venv\Lib\site-packages\telegram\ext\_extbot.py", line 286, in initialize
    await super().initialize()
  File "C:\Users\user\Desktop\crypto_botV2\venv\Lib\site-packages\telegram\_bot.py", line 735, in initialize
    await self.get_me()
  File "C:\Users\user\Desktop\crypto_botV2\venv\Lib\site-packages\telegram\ext\_extbot.py", line 1697, in get_me
    return await super().get_me(
           ^^^^^^^^^^^^^^^^^^^^^
  File "C:\Users\user\Desktop\crypto_botV2\venv\Lib\site-packages\telegram\_bot.py", line 525, in decorator
    result = await func(self, *args, **kwargs)  # skipcq: PYL-E1102
             ^^^^^^^^^^^^^^^^^^^^^^^^^^^^^^^^^
  File "C:\Users\user\Desktop\crypto_botV2\venv\Lib\site-packages\telegram\_bot.py", line 775, in get_me
    result = await self._post(
             ^^^^^^^^^^^^^^^^^
  File "C:\Users\user\Desktop\crypto_botV2\venv\Lib\site-packages\telegram\_bot.py", line 613, in _post
    return await self._do_post(
           ^^^^^^^^^^^^^^^^^^^^
  File "C:\Users\user\Desktop\crypto_botV2\venv\Lib\site-packages\telegram\ext\_extbot.py", line 340, in _do_post
    return await super()._do_post(
           ^^^^^^^^^^^^^^^^^^^^^^^
  File "C:\Users\user\Desktop\crypto_botV2\venv\Lib\site-packages\telegram\_bot.py", line 641, in _do_post
    return await request.post(
           ^^^^^^^^^^^^^^^^^^^
  File "C:\Users\user\Desktop\crypto_botV2\venv\Lib\site-packages\telegram\request\_baserequest.py", line 200, in post
    result = await self._request_wrapper(
             ^^^^^^^^^^^^^^^^^^^^^^^^^^^^
  File "C:\Users\user\Desktop\crypto_botV2\venv\Lib\site-packages\telegram\request\_baserequest.py", line 340, in _request_wrapper
    raise exc
  File "C:\Users\user\Desktop\crypto_botV2\venv\Lib\site-packages\telegram\request\_baserequest.py", line 330, in _request_wrapper
    code, payload = await self.do_request(
                    ^^^^^^^^^^^^^^^^^^^^^^
  File "C:\Users\user\Desktop\crypto_botV2\venv\Lib\site-packages\telegram\request\_httpxrequest.py", line 285, in do_request
    raise TimedOut from err
telegram.error.TimedOut: Timed out
2026-03-15 16:52:18,088 - crypto_bot - ERROR - Ошибка scan_loop: Timed out
Traceback (most recent call last):
  File "C:\Users\user\Desktop\crypto_botV2\venv\Lib\site-packages\httpx\_transports\default.py", line 66, in map_httpcore_exceptions
    yield
  File "C:\Users\user\Desktop\crypto_botV2\venv\Lib\site-packages\httpx\_transports\default.py", line 366, in handle_async_request
    resp = await self._pool.handle_async_request(req)
           ^^^^^^^^^^^^^^^^^^^^^^^^^^^^^^^^^^^^^^^^^^
  File "C:\Users\user\Desktop\crypto_botV2\venv\Lib\site-packages\httpcore\_async\connection_pool.py", line 256, in handle_async_request
    raise exc from None
  File "C:\Users\user\Desktop\crypto_botV2\venv\Lib\site-packages\httpcore\_async\connection_pool.py", line 236, in handle_async_request
    response = await connection.handle_async_request(
               ^^^^^^^^^^^^^^^^^^^^^^^^^^^^^^^^^^^^^^
  File "C:\Users\user\Desktop\crypto_botV2\venv\Lib\site-packages\httpcore\_async\connection.py", line 101, in handle_async_request
    raise exc
  File "C:\Users\user\Desktop\crypto_botV2\venv\Lib\site-packages\httpcore\_async\connection.py", line 78, in handle_async_request
    stream = await self._connect(request)
             ^^^^^^^^^^^^^^^^^^^^^^^^^^^^
  File "C:\Users\user\Desktop\crypto_botV2\venv\Lib\site-packages\httpcore\_async\connection.py", line 156, in _connect
    stream = await stream.start_tls(**kwargs)
             ^^^^^^^^^^^^^^^^^^^^^^^^^^^^^^^^
  File "C:\Users\user\Desktop\crypto_botV2\venv\Lib\site-packages\httpcore\_backends\anyio.py", line 67, in start_tls
    with map_exceptions(exc_map):
  File "D:\Python 3.11\Lib\contextlib.py", line 158, in __exit__
    self.gen.throw(typ, value, traceback)
  File "C:\Users\user\Desktop\crypto_botV2\venv\Lib\site-packages\httpcore\_exceptions.py", line 14, in map_exceptions
    raise to_exc(exc) from exc
httpcore.ConnectTimeout

The above exception was the direct cause of the following exception:

Traceback (most recent call last):
  File "C:\Users\user\Desktop\crypto_botV2\venv\Lib\site-packages\telegram\request\_httpxrequest.py", line 268, in do_request
    res = await self._client.request(
          ^^^^^^^^^^^^^^^^^^^^^^^^^^^
  File "C:\Users\user\Desktop\crypto_botV2\venv\Lib\site-packages\httpx\_client.py", line 1530, in request
    return await self.send(request, auth=auth, follow_redirects=follow_redirects)
           ^^^^^^^^^^^^^^^^^^^^^^^^^^^^^^^^^^^^^^^^^^^^^^^^^^^^^^^^^^^^^^^^^^^^^^
  File "C:\Users\user\Desktop\crypto_botV2\venv\Lib\site-packages\httpx\_client.py", line 1617, in send
    response = await self._send_handling_auth(
               ^^^^^^^^^^^^^^^^^^^^^^^^^^^^^^^
  File "C:\Users\user\Desktop\crypto_botV2\venv\Lib\site-packages\httpx\_client.py", line 1645, in _send_handling_auth
    response = await self._send_handling_redirects(
               ^^^^^^^^^^^^^^^^^^^^^^^^^^^^^^^^^^^^
  File "C:\Users\user\Desktop\crypto_botV2\venv\Lib\site-packages\httpx\_client.py", line 1682, in _send_handling_redirects
    response = await self._send_single_request(request)
               ^^^^^^^^^^^^^^^^^^^^^^^^^^^^^^^^^^^^^^^^
  File "C:\Users\user\Desktop\crypto_botV2\venv\Lib\site-packages\httpx\_client.py", line 1719, in _send_single_request
    response = await transport.handle_async_request(request)
               ^^^^^^^^^^^^^^^^^^^^^^^^^^^^^^^^^^^^^^^^^^^^^
  File "C:\Users\user\Desktop\crypto_botV2\venv\Lib\site-packages\httpx\_transports\default.py", line 365, in handle_async_request
    with map_httpcore_exceptions():
  File "D:\Python 3.11\Lib\contextlib.py", line 158, in __exit__
    self.gen.throw(typ, value, traceback)
  File "C:\Users\user\Desktop\crypto_botV2\venv\Lib\site-packages\httpx\_transports\default.py", line 83, in map_httpcore_exceptions
    raise mapped_exc(message) from exc
httpx.ConnectTimeout

The above exception was the direct cause of the following exception:

Traceback (most recent call last):
  File "C:\Users\user\Desktop\crypto_botV2\tg_bot\bot.py", line 103, in scan_loop
    await self.broadcast_if_needed(signal)
  File "C:\Users\user\Desktop\crypto_botV2\tg_bot\bot.py", line 96, in broadcast_if_needed
    await broadcast_signal(self.application.bot, unique_users, signal)
  File "C:\Users\user\Desktop\crypto_botV2\tg_bot\handlers\signals.py", line 9, in broadcast_signal
    await bot.send_message(chat_id=chat_id, text=text, parse_mode="HTML")
  File "C:\Users\user\Desktop\crypto_botV2\venv\Lib\site-packages\telegram\ext\_extbot.py", line 2624, in send_message
    return await super().send_message(
           ^^^^^^^^^^^^^^^^^^^^^^^^^^^
  File "C:\Users\user\Desktop\crypto_botV2\venv\Lib\site-packages\telegram\_bot.py", line 525, in decorator
    result = await func(self, *args, **kwargs)  # skipcq: PYL-E1102
             ^^^^^^^^^^^^^^^^^^^^^^^^^^^^^^^^^
  File "C:\Users\user\Desktop\crypto_botV2\venv\Lib\site-packages\telegram\_bot.py", line 846, in send_message
    return await self._send_message(
           ^^^^^^^^^^^^^^^^^^^^^^^^^
  File "C:\Users\user\Desktop\crypto_botV2\venv\Lib\site-packages\telegram\ext\_extbot.py", line 522, in _send_message
    result = await super()._send_message(
             ^^^^^^^^^^^^^^^^^^^^^^^^^^^^
  File "C:\Users\user\Desktop\crypto_botV2\venv\Lib\site-packages\telegram\_bot.py", line 703, in _send_message
    result = await self._post(
             ^^^^^^^^^^^^^^^^^
  File "C:\Users\user\Desktop\crypto_botV2\venv\Lib\site-packages\telegram\_bot.py", line 613, in _post
    return await self._do_post(
           ^^^^^^^^^^^^^^^^^^^^
  File "C:\Users\user\Desktop\crypto_botV2\venv\Lib\site-packages\telegram\ext\_extbot.py", line 340, in _do_post
    return await super()._do_post(
           ^^^^^^^^^^^^^^^^^^^^^^^
  File "C:\Users\user\Desktop\crypto_botV2\venv\Lib\site-packages\telegram\_bot.py", line 641, in _do_post
    return await request.post(
           ^^^^^^^^^^^^^^^^^^^
  File "C:\Users\user\Desktop\crypto_botV2\venv\Lib\site-packages\telegram\request\_baserequest.py", line 200, in post
    result = await self._request_wrapper(
             ^^^^^^^^^^^^^^^^^^^^^^^^^^^^
  File "C:\Users\user\Desktop\crypto_botV2\venv\Lib\site-packages\telegram\request\_baserequest.py", line 340, in _request_wrapper
    raise exc
  File "C:\Users\user\Desktop\crypto_botV2\venv\Lib\site-packages\telegram\request\_baserequest.py", line 330, in _request_wrapper
    code, payload = await self.do_request(
                    ^^^^^^^^^^^^^^^^^^^^^^
  File "C:\Users\user\Desktop\crypto_botV2\venv\Lib\site-packages\telegram\request\_httpxrequest.py", line 285, in do_request
    raise TimedOut from err
telegram.error.TimedOut: Timed out
2026-03-15 16:52:50,065 - crypto_bot - INFO - Остановка по KeyboardInterrupt
2026-03-15 16:52:55,230 - crypto_bot - INFO - ✅ Telegram бот инициализирован
2026-03-15 16:53:25,304 - crypto_bot - ERROR - Критическая ошибка Telegram-потока: Timed out
Traceback (most recent call last):
  File "C:\Users\user\Desktop\crypto_botV2\venv\Lib\site-packages\httpx\_transports\default.py", line 66, in map_httpcore_exceptions
    yield
  File "C:\Users\user\Desktop\crypto_botV2\venv\Lib\site-packages\httpx\_transports\default.py", line 366, in handle_async_request
    resp = await self._pool.handle_async_request(req)
           ^^^^^^^^^^^^^^^^^^^^^^^^^^^^^^^^^^^^^^^^^^
  File "C:\Users\user\Desktop\crypto_botV2\venv\Lib\site-packages\httpcore\_async\connection_pool.py", line 256, in handle_async_request
    raise exc from None
  File "C:\Users\user\Desktop\crypto_botV2\venv\Lib\site-packages\httpcore\_async\connection_pool.py", line 236, in handle_async_request
    response = await connection.handle_async_request(
               ^^^^^^^^^^^^^^^^^^^^^^^^^^^^^^^^^^^^^^
  File "C:\Users\user\Desktop\crypto_botV2\venv\Lib\site-packages\httpcore\_async\connection.py", line 101, in handle_async_request
    raise exc
  File "C:\Users\user\Desktop\crypto_botV2\venv\Lib\site-packages\httpcore\_async\connection.py", line 78, in handle_async_request
    stream = await self._connect(request)
             ^^^^^^^^^^^^^^^^^^^^^^^^^^^^
  File "C:\Users\user\Desktop\crypto_botV2\venv\Lib\site-packages\httpcore\_async\connection.py", line 156, in _connect
    stream = await stream.start_tls(**kwargs)
             ^^^^^^^^^^^^^^^^^^^^^^^^^^^^^^^^
  File "C:\Users\user\Desktop\crypto_botV2\venv\Lib\site-packages\httpcore\_backends\anyio.py", line 67, in start_tls
    with map_exceptions(exc_map):
  File "D:\Python 3.11\Lib\contextlib.py", line 158, in __exit__
    self.gen.throw(typ, value, traceback)
  File "C:\Users\user\Desktop\crypto_botV2\venv\Lib\site-packages\httpcore\_exceptions.py", line 14, in map_exceptions
    raise to_exc(exc) from exc
httpcore.ConnectTimeout

The above exception was the direct cause of the following exception:

Traceback (most recent call last):
  File "C:\Users\user\Desktop\crypto_botV2\venv\Lib\site-packages\telegram\request\_httpxrequest.py", line 268, in do_request
    res = await self._client.request(
          ^^^^^^^^^^^^^^^^^^^^^^^^^^^
  File "C:\Users\user\Desktop\crypto_botV2\venv\Lib\site-packages\httpx\_client.py", line 1530, in request
    return await self.send(request, auth=auth, follow_redirects=follow_redirects)
           ^^^^^^^^^^^^^^^^^^^^^^^^^^^^^^^^^^^^^^^^^^^^^^^^^^^^^^^^^^^^^^^^^^^^^^
  File "C:\Users\user\Desktop\crypto_botV2\venv\Lib\site-packages\httpx\_client.py", line 1617, in send
    response = await self._send_handling_auth(
               ^^^^^^^^^^^^^^^^^^^^^^^^^^^^^^^
  File "C:\Users\user\Desktop\crypto_botV2\venv\Lib\site-packages\httpx\_client.py", line 1645, in _send_handling_auth
    response = await self._send_handling_redirects(
               ^^^^^^^^^^^^^^^^^^^^^^^^^^^^^^^^^^^^
  File "C:\Users\user\Desktop\crypto_botV2\venv\Lib\site-packages\httpx\_client.py", line 1682, in _send_handling_redirects
    response = await self._send_single_request(request)
               ^^^^^^^^^^^^^^^^^^^^^^^^^^^^^^^^^^^^^^^^
  File "C:\Users\user\Desktop\crypto_botV2\venv\Lib\site-packages\httpx\_client.py", line 1719, in _send_single_request
    response = await transport.handle_async_request(request)
               ^^^^^^^^^^^^^^^^^^^^^^^^^^^^^^^^^^^^^^^^^^^^^
  File "C:\Users\user\Desktop\crypto_botV2\venv\Lib\site-packages\httpx\_transports\default.py", line 365, in handle_async_request
    with map_httpcore_exceptions():
  File "D:\Python 3.11\Lib\contextlib.py", line 158, in __exit__
    self.gen.throw(typ, value, traceback)
  File "C:\Users\user\Desktop\crypto_botV2\venv\Lib\site-packages\httpx\_transports\default.py", line 83, in map_httpcore_exceptions
    raise mapped_exc(message) from exc
httpx.ConnectTimeout

The above exception was the direct cause of the following exception:

Traceback (most recent call last):
  File "C:\Users\user\Desktop\crypto_botV2\main.py", line 17, in _run_bot_thread
    asyncio.run(bot.run_polling())
  File "D:\Python 3.11\Lib\asyncio\runners.py", line 190, in run
    return runner.run(main)
           ^^^^^^^^^^^^^^^^
  File "D:\Python 3.11\Lib\asyncio\runners.py", line 118, in run
    return self._loop.run_until_complete(task)
           ^^^^^^^^^^^^^^^^^^^^^^^^^^^^^^^^^^^
  File "D:\Python 3.11\Lib\asyncio\base_events.py", line 654, in run_until_complete
    return future.result()
           ^^^^^^^^^^^^^^^
  File "C:\Users\user\Desktop\crypto_botV2\tg_bot\bot.py", line 115, in run_polling
    await self.application.initialize()
  File "C:\Users\user\Desktop\crypto_botV2\venv\Lib\site-packages\telegram\ext\_application.py", line 477, in initialize
    await self.bot.initialize()
  File "C:\Users\user\Desktop\crypto_botV2\venv\Lib\site-packages\telegram\ext\_extbot.py", line 286, in initialize
    await super().initialize()
  File "C:\Users\user\Desktop\crypto_botV2\venv\Lib\site-packages\telegram\_bot.py", line 735, in initialize
    await self.get_me()
  File "C:\Users\user\Desktop\crypto_botV2\venv\Lib\site-packages\telegram\ext\_extbot.py", line 1697, in get_me
    return await super().get_me(
           ^^^^^^^^^^^^^^^^^^^^^
  File "C:\Users\user\Desktop\crypto_botV2\venv\Lib\site-packages\telegram\_bot.py", line 525, in decorator
    result = await func(self, *args, **kwargs)  # skipcq: PYL-E1102
             ^^^^^^^^^^^^^^^^^^^^^^^^^^^^^^^^^
  File "C:\Users\user\Desktop\crypto_botV2\venv\Lib\site-packages\telegram\_bot.py", line 775, in get_me
    result = await self._post(
             ^^^^^^^^^^^^^^^^^
  File "C:\Users\user\Desktop\crypto_botV2\venv\Lib\site-packages\telegram\_bot.py", line 613, in _post
    return await self._do_post(
           ^^^^^^^^^^^^^^^^^^^^
  File "C:\Users\user\Desktop\crypto_botV2\venv\Lib\site-packages\telegram\ext\_extbot.py", line 340, in _do_post
    return await super()._do_post(
           ^^^^^^^^^^^^^^^^^^^^^^^
  File "C:\Users\user\Desktop\crypto_botV2\venv\Lib\site-packages\telegram\_bot.py", line 641, in _do_post
    return await request.post(
           ^^^^^^^^^^^^^^^^^^^
  File "C:\Users\user\Desktop\crypto_botV2\venv\Lib\site-packages\telegram\request\_baserequest.py", line 200, in post
    result = await self._request_wrapper(
             ^^^^^^^^^^^^^^^^^^^^^^^^^^^^
  File "C:\Users\user\Desktop\crypto_botV2\venv\Lib\site-packages\telegram\request\_baserequest.py", line 340, in _request_wrapper
    raise exc
  File "C:\Users\user\Desktop\crypto_botV2\venv\Lib\site-packages\telegram\request\_baserequest.py", line 330, in _request_wrapper
    code, payload = await self.do_request(
                    ^^^^^^^^^^^^^^^^^^^^^^
  File "C:\Users\user\Desktop\crypto_botV2\venv\Lib\site-packages\telegram\request\_httpxrequest.py", line 285, in do_request
    raise TimedOut from err
telegram.error.TimedOut: Timed out
2026-03-15 16:53:27,258 - crypto_bot - INFO - Остановка по KeyboardInterrupt
2026-03-15 16:59:50,336 - crypto_bot - INFO - ✅ Telegram бот инициализирован
2026-03-15 17:02:12,110 - crypto_bot - ERROR - Ошибка scan_loop: Timed out
Traceback (most recent call last):
  File "C:\Users\user\Desktop\crypto_botV2\venv\Lib\site-packages\httpx\_transports\default.py", line 66, in map_httpcore_exceptions
    yield
  File "C:\Users\user\Desktop\crypto_botV2\venv\Lib\site-packages\httpx\_transports\default.py", line 366, in handle_async_request
    resp = await self._pool.handle_async_request(req)
           ^^^^^^^^^^^^^^^^^^^^^^^^^^^^^^^^^^^^^^^^^^
  File "C:\Users\user\Desktop\crypto_botV2\venv\Lib\site-packages\httpcore\_async\connection_pool.py", line 256, in handle_async_request
    raise exc from None
  File "C:\Users\user\Desktop\crypto_botV2\venv\Lib\site-packages\httpcore\_async\connection_pool.py", line 236, in handle_async_request
    response = await connection.handle_async_request(
               ^^^^^^^^^^^^^^^^^^^^^^^^^^^^^^^^^^^^^^
  File "C:\Users\user\Desktop\crypto_botV2\venv\Lib\site-packages\httpcore\_async\connection.py", line 101, in handle_async_request
    raise exc
  File "C:\Users\user\Desktop\crypto_botV2\venv\Lib\site-packages\httpcore\_async\connection.py", line 78, in handle_async_request
    stream = await self._connect(request)
             ^^^^^^^^^^^^^^^^^^^^^^^^^^^^
  File "C:\Users\user\Desktop\crypto_botV2\venv\Lib\site-packages\httpcore\_async\connection.py", line 156, in _connect
    stream = await stream.start_tls(**kwargs)
             ^^^^^^^^^^^^^^^^^^^^^^^^^^^^^^^^
  File "C:\Users\user\Desktop\crypto_botV2\venv\Lib\site-packages\httpcore\_backends\anyio.py", line 67, in start_tls
    with map_exceptions(exc_map):
  File "D:\Python 3.11\Lib\contextlib.py", line 158, in __exit__
    self.gen.throw(typ, value, traceback)
  File "C:\Users\user\Desktop\crypto_botV2\venv\Lib\site-packages\httpcore\_exceptions.py", line 14, in map_exceptions
    raise to_exc(exc) from exc
httpcore.ConnectTimeout

The above exception was the direct cause of the following exception:

Traceback (most recent call last):
  File "C:\Users\user\Desktop\crypto_botV2\venv\Lib\site-packages\telegram\request\_httpxrequest.py", line 268, in do_request
    res = await self._client.request(
          ^^^^^^^^^^^^^^^^^^^^^^^^^^^
  File "C:\Users\user\Desktop\crypto_botV2\venv\Lib\site-packages\httpx\_client.py", line 1530, in request
    return await self.send(request, auth=auth, follow_redirects=follow_redirects)
           ^^^^^^^^^^^^^^^^^^^^^^^^^^^^^^^^^^^^^^^^^^^^^^^^^^^^^^^^^^^^^^^^^^^^^^
  File "C:\Users\user\Desktop\crypto_botV2\venv\Lib\site-packages\httpx\_client.py", line 1617, in send
    response = await self._send_handling_auth(
               ^^^^^^^^^^^^^^^^^^^^^^^^^^^^^^^
  File "C:\Users\user\Desktop\crypto_botV2\venv\Lib\site-packages\httpx\_client.py", line 1645, in _send_handling_auth
    response = await self._send_handling_redirects(
               ^^^^^^^^^^^^^^^^^^^^^^^^^^^^^^^^^^^^
  File "C:\Users\user\Desktop\crypto_botV2\venv\Lib\site-packages\httpx\_client.py", line 1682, in _send_handling_redirects
    response = await self._send_single_request(request)
               ^^^^^^^^^^^^^^^^^^^^^^^^^^^^^^^^^^^^^^^^
  File "C:\Users\user\Desktop\crypto_botV2\venv\Lib\site-packages\httpx\_client.py", line 1719, in _send_single_request
    response = await transport.handle_async_request(request)
               ^^^^^^^^^^^^^^^^^^^^^^^^^^^^^^^^^^^^^^^^^^^^^
  File "C:\Users\user\Desktop\crypto_botV2\venv\Lib\site-packages\httpx\_transports\default.py", line 365, in handle_async_request
    with map_httpcore_exceptions():
  File "D:\Python 3.11\Lib\contextlib.py", line 158, in __exit__
    self.gen.throw(typ, value, traceback)
  File "C:\Users\user\Desktop\crypto_botV2\venv\Lib\site-packages\httpx\_transports\default.py", line 83, in map_httpcore_exceptions
    raise mapped_exc(message) from exc
httpx.ConnectTimeout

The above exception was the direct cause of the following exception:

Traceback (most recent call last):
  File "C:\Users\user\Desktop\crypto_botV2\tg_bot\bot.py", line 103, in scan_loop
    await self.broadcast_if_needed(signal)
  File "C:\Users\user\Desktop\crypto_botV2\tg_bot\bot.py", line 96, in broadcast_if_needed
    await broadcast_signal(self.application.bot, unique_users, signal)
  File "C:\Users\user\Desktop\crypto_botV2\tg_bot\handlers\signals.py", line 9, in broadcast_signal
    await bot.send_message(chat_id=chat_id, text=text, parse_mode="HTML")
  File "C:\Users\user\Desktop\crypto_botV2\venv\Lib\site-packages\telegram\ext\_extbot.py", line 2624, in send_message
    return await super().send_message(
           ^^^^^^^^^^^^^^^^^^^^^^^^^^^
  File "C:\Users\user\Desktop\crypto_botV2\venv\Lib\site-packages\telegram\_bot.py", line 525, in decorator
    result = await func(self, *args, **kwargs)  # skipcq: PYL-E1102
             ^^^^^^^^^^^^^^^^^^^^^^^^^^^^^^^^^
  File "C:\Users\user\Desktop\crypto_botV2\venv\Lib\site-packages\telegram\_bot.py", line 846, in send_message
    return await self._send_message(
           ^^^^^^^^^^^^^^^^^^^^^^^^^
  File "C:\Users\user\Desktop\crypto_botV2\venv\Lib\site-packages\telegram\ext\_extbot.py", line 522, in _send_message
    result = await super()._send_message(
             ^^^^^^^^^^^^^^^^^^^^^^^^^^^^
  File "C:\Users\user\Desktop\crypto_botV2\venv\Lib\site-packages\telegram\_bot.py", line 703, in _send_message
    result = await self._post(
             ^^^^^^^^^^^^^^^^^
  File "C:\Users\user\Desktop\crypto_botV2\venv\Lib\site-packages\telegram\_bot.py", line 613, in _post
    return await self._do_post(
           ^^^^^^^^^^^^^^^^^^^^
  File "C:\Users\user\Desktop\crypto_botV2\venv\Lib\site-packages\telegram\ext\_extbot.py", line 340, in _do_post
    return await super()._do_post(
           ^^^^^^^^^^^^^^^^^^^^^^^
  File "C:\Users\user\Desktop\crypto_botV2\venv\Lib\site-packages\telegram\_bot.py", line 641, in _do_post
    return await request.post(
           ^^^^^^^^^^^^^^^^^^^
  File "C:\Users\user\Desktop\crypto_botV2\venv\Lib\site-packages\telegram\request\_baserequest.py", line 200, in post
    result = await self._request_wrapper(
             ^^^^^^^^^^^^^^^^^^^^^^^^^^^^
  File "C:\Users\user\Desktop\crypto_botV2\venv\Lib\site-packages\telegram\request\_baserequest.py", line 340, in _request_wrapper
    raise exc
  File "C:\Users\user\Desktop\crypto_botV2\venv\Lib\site-packages\telegram\request\_baserequest.py", line 330, in _request_wrapper
    code, payload = await self.do_request(
                    ^^^^^^^^^^^^^^^^^^^^^^
  File "C:\Users\user\Desktop\crypto_botV2\venv\Lib\site-packages\telegram\request\_httpxrequest.py", line 285, in do_request
    raise TimedOut from err
telegram.error.TimedOut: Timed out
2026-03-15 17:05:21,177 - crypto_bot - INFO - Остановка по KeyboardInterrupt
2026-03-15 21:56:25,993 - crypto_bot - INFO - ✅ Telegram бот инициализирован
2026-03-15 21:57:00,400 - crypto_bot - ERROR - Ошибка scan_loop: Unknown error in HTTP implementation: RuntimeError('<asyncio.locks.Event object at 0x0000019859B58690 [unset]> is bound to a different event loop')
Traceback (most recent call last):
  File "C:\Users\user\Desktop\crypto_botV2\venv\Lib\site-packages\telegram\request\_baserequest.py", line 330, in _request_wrapper
    code, payload = await self.do_request(
                    ^^^^^^^^^^^^^^^^^^^^^^
  File "C:\Users\user\Desktop\crypto_botV2\venv\Lib\site-packages\telegram\request\_httpxrequest.py", line 268, in do_request
    res = await self._client.request(
          ^^^^^^^^^^^^^^^^^^^^^^^^^^^
  File "C:\Users\user\Desktop\crypto_botV2\venv\Lib\site-packages\httpx\_client.py", line 1530, in request
    return await self.send(request, auth=auth, follow_redirects=follow_redirects)
           ^^^^^^^^^^^^^^^^^^^^^^^^^^^^^^^^^^^^^^^^^^^^^^^^^^^^^^^^^^^^^^^^^^^^^^
  File "C:\Users\user\Desktop\crypto_botV2\venv\Lib\site-packages\httpx\_client.py", line 1617, in send
    response = await self._send_handling_auth(
               ^^^^^^^^^^^^^^^^^^^^^^^^^^^^^^^
  File "C:\Users\user\Desktop\crypto_botV2\venv\Lib\site-packages\httpx\_client.py", line 1645, in _send_handling_auth
    response = await self._send_handling_redirects(
               ^^^^^^^^^^^^^^^^^^^^^^^^^^^^^^^^^^^^
  File "C:\Users\user\Desktop\crypto_botV2\venv\Lib\site-packages\httpx\_client.py", line 1682, in _send_handling_redirects
    response = await self._send_single_request(request)
               ^^^^^^^^^^^^^^^^^^^^^^^^^^^^^^^^^^^^^^^^
  File "C:\Users\user\Desktop\crypto_botV2\venv\Lib\site-packages\httpx\_client.py", line 1719, in _send_single_request
    response = await transport.handle_async_request(request)
               ^^^^^^^^^^^^^^^^^^^^^^^^^^^^^^^^^^^^^^^^^^^^^
  File "C:\Users\user\Desktop\crypto_botV2\venv\Lib\site-packages\httpx\_transports\default.py", line 366, in handle_async_request
    resp = await self._pool.handle_async_request(req)
           ^^^^^^^^^^^^^^^^^^^^^^^^^^^^^^^^^^^^^^^^^^
  File "C:\Users\user\Desktop\crypto_botV2\venv\Lib\site-packages\httpcore\_async\connection_pool.py", line 256, in handle_async_request
    raise exc from None
  File "C:\Users\user\Desktop\crypto_botV2\venv\Lib\site-packages\httpcore\_async\connection_pool.py", line 236, in handle_async_request
    response = await connection.handle_async_request(
               ^^^^^^^^^^^^^^^^^^^^^^^^^^^^^^^^^^^^^^
  File "C:\Users\user\Desktop\crypto_botV2\venv\Lib\site-packages\httpcore\_async\connection.py", line 103, in handle_async_request
    return await self._connection.handle_async_request(request)
           ^^^^^^^^^^^^^^^^^^^^^^^^^^^^^^^^^^^^^^^^^^^^^^^^^^^^
  File "C:\Users\user\Desktop\crypto_botV2\venv\Lib\site-packages\httpcore\_async\http11.py", line 136, in handle_async_request
    raise exc
  File "C:\Users\user\Desktop\crypto_botV2\venv\Lib\site-packages\httpcore\_async\http11.py", line 106, in handle_async_request
    ) = await self._receive_response_headers(**kwargs)
        ^^^^^^^^^^^^^^^^^^^^^^^^^^^^^^^^^^^^^^^^^^^^^^
  File "C:\Users\user\Desktop\crypto_botV2\venv\Lib\site-packages\httpcore\_async\http11.py", line 177, in _receive_response_headers
    event = await self._receive_event(timeout=timeout)
            ^^^^^^^^^^^^^^^^^^^^^^^^^^^^^^^^^^^^^^^^^^
  File "C:\Users\user\Desktop\crypto_botV2\venv\Lib\site-packages\httpcore\_async\http11.py", line 217, in _receive_event
    data = await self._network_stream.read(
           ^^^^^^^^^^^^^^^^^^^^^^^^^^^^^^^^
  File "C:\Users\user\Desktop\crypto_botV2\venv\Lib\site-packages\httpcore\_backends\anyio.py", line 35, in read
    return await self._stream.receive(max_bytes=max_bytes)
           ^^^^^^^^^^^^^^^^^^^^^^^^^^^^^^^^^^^^^^^^^^^^^^^
  File "C:\Users\user\Desktop\crypto_botV2\venv\Lib\site-packages\anyio\streams\tls.py", line 244, in receive
    data = await self._call_sslobject_method(self._ssl_object.read, max_bytes)
           ^^^^^^^^^^^^^^^^^^^^^^^^^^^^^^^^^^^^^^^^^^^^^^^^^^^^^^^^^^^^^^^^^^^
  File "C:\Users\user\Desktop\crypto_botV2\venv\Lib\site-packages\anyio\streams\tls.py", line 187, in _call_sslobject_method
    data = await self.transport_stream.receive()
           ^^^^^^^^^^^^^^^^^^^^^^^^^^^^^^^^^^^^^
  File "C:\Users\user\Desktop\crypto_botV2\venv\Lib\site-packages\anyio\_backends\_asyncio.py", line 1269, in receive
    await self._protocol.read_event.wait()
  File "D:\Python 3.11\Lib\asyncio\locks.py", line 210, in wait
    fut = self._get_loop().create_future()
          ^^^^^^^^^^^^^^^^
  File "D:\Python 3.11\Lib\asyncio\mixins.py", line 20, in _get_loop
    raise RuntimeError(f'{self!r} is bound to a different event loop')
RuntimeError: <asyncio.locks.Event object at 0x0000019859B58690 [unset]> is bound to a different event loop

The above exception was the direct cause of the following exception:

Traceback (most recent call last):
  File "C:\Users\user\Desktop\crypto_botV2\tg_bot\bot.py", line 103, in scan_loop
    await self.broadcast_if_needed(signal)
  File "C:\Users\user\Desktop\crypto_botV2\tg_bot\bot.py", line 96, in broadcast_if_needed
    await broadcast_signal(self.application.bot, unique_users, signal)
  File "C:\Users\user\Desktop\crypto_botV2\tg_bot\handlers\signals.py", line 9, in broadcast_signal
    await bot.send_message(chat_id=chat_id, text=text, parse_mode="HTML")
  File "C:\Users\user\Desktop\crypto_botV2\venv\Lib\site-packages\telegram\ext\_extbot.py", line 2624, in send_message
    return await super().send_message(
           ^^^^^^^^^^^^^^^^^^^^^^^^^^^
  File "C:\Users\user\Desktop\crypto_botV2\venv\Lib\site-packages\telegram\_bot.py", line 525, in decorator
    result = await func(self, *args, **kwargs)  # skipcq: PYL-E1102
             ^^^^^^^^^^^^^^^^^^^^^^^^^^^^^^^^^
  File "C:\Users\user\Desktop\crypto_botV2\venv\Lib\site-packages\telegram\_bot.py", line 846, in send_message
    return await self._send_message(
           ^^^^^^^^^^^^^^^^^^^^^^^^^
  File "C:\Users\user\Desktop\crypto_botV2\venv\Lib\site-packages\telegram\ext\_extbot.py", line 522, in _send_message
    result = await super()._send_message(
             ^^^^^^^^^^^^^^^^^^^^^^^^^^^^
  File "C:\Users\user\Desktop\crypto_botV2\venv\Lib\site-packages\telegram\_bot.py", line 703, in _send_message
    result = await self._post(
             ^^^^^^^^^^^^^^^^^
  File "C:\Users\user\Desktop\crypto_botV2\venv\Lib\site-packages\telegram\_bot.py", line 613, in _post
    return await self._do_post(
           ^^^^^^^^^^^^^^^^^^^^
  File "C:\Users\user\Desktop\crypto_botV2\venv\Lib\site-packages\telegram\ext\_extbot.py", line 340, in _do_post
    return await super()._do_post(
           ^^^^^^^^^^^^^^^^^^^^^^^
  File "C:\Users\user\Desktop\crypto_botV2\venv\Lib\site-packages\telegram\_bot.py", line 641, in _do_post
    return await request.post(
           ^^^^^^^^^^^^^^^^^^^
  File "C:\Users\user\Desktop\crypto_botV2\venv\Lib\site-packages\telegram\request\_baserequest.py", line 200, in post
    result = await self._request_wrapper(
             ^^^^^^^^^^^^^^^^^^^^^^^^^^^^
  File "C:\Users\user\Desktop\crypto_botV2\venv\Lib\site-packages\telegram\request\_baserequest.py", line 342, in _request_wrapper
    raise NetworkError(f"Unknown error in HTTP implementation: {exc!r}") from exc
telegram.error.NetworkError: Unknown error in HTTP implementation: RuntimeError('<asyncio.locks.Event object at 0x0000019859B58690 [unset]> is bound to a different event loop')
2026-03-15 21:57:42,126 - crypto_bot - INFO - Остановка по KeyboardInterrupt
2026-03-15 22:21:56,968 - crypto_bot - INFO - ✅ Telegram бот инициализирован
2026-03-15 22:22:35,856 - crypto_bot - ERROR - Критическая ошибка основного цикла: This Updater is not running!
Traceback (most recent call last):
  File "C:\Users\user\Desktop\crypto_botV2\venv\Lib\site-packages\httpx\_transports\default.py", line 66, in map_httpcore_exceptions
    yield
  File "C:\Users\user\Desktop\crypto_botV2\venv\Lib\site-packages\httpx\_transports\default.py", line 366, in handle_async_request
    resp = await self._pool.handle_async_request(req)
           ^^^^^^^^^^^^^^^^^^^^^^^^^^^^^^^^^^^^^^^^^^
  File "C:\Users\user\Desktop\crypto_botV2\venv\Lib\site-packages\httpcore\_async\connection_pool.py", line 256, in handle_async_request
    raise exc from None
  File "C:\Users\user\Desktop\crypto_botV2\venv\Lib\site-packages\httpcore\_async\connection_pool.py", line 236, in handle_async_request
    response = await connection.handle_async_request(
               ^^^^^^^^^^^^^^^^^^^^^^^^^^^^^^^^^^^^^^
  File "C:\Users\user\Desktop\crypto_botV2\venv\Lib\site-packages\httpcore\_async\connection.py", line 101, in handle_async_request
    raise exc
  File "C:\Users\user\Desktop\crypto_botV2\venv\Lib\site-packages\httpcore\_async\connection.py", line 78, in handle_async_request
    stream = await self._connect(request)
             ^^^^^^^^^^^^^^^^^^^^^^^^^^^^
  File "C:\Users\user\Desktop\crypto_botV2\venv\Lib\site-packages\httpcore\_async\connection.py", line 156, in _connect
    stream = await stream.start_tls(**kwargs)
             ^^^^^^^^^^^^^^^^^^^^^^^^^^^^^^^^
  File "C:\Users\user\Desktop\crypto_botV2\venv\Lib\site-packages\httpcore\_backends\anyio.py", line 67, in start_tls
    with map_exceptions(exc_map):
  File "D:\Python 3.11\Lib\contextlib.py", line 158, in __exit__
    self.gen.throw(typ, value, traceback)
  File "C:\Users\user\Desktop\crypto_botV2\venv\Lib\site-packages\httpcore\_exceptions.py", line 14, in map_exceptions
    raise to_exc(exc) from exc
httpcore.ConnectTimeout

The above exception was the direct cause of the following exception:

Traceback (most recent call last):
  File "C:\Users\user\Desktop\crypto_botV2\venv\Lib\site-packages\telegram\request\_httpxrequest.py", line 268, in do_request
    res = await self._client.request(
          ^^^^^^^^^^^^^^^^^^^^^^^^^^^
  File "C:\Users\user\Desktop\crypto_botV2\venv\Lib\site-packages\httpx\_client.py", line 1530, in request
    return await self.send(request, auth=auth, follow_redirects=follow_redirects)
           ^^^^^^^^^^^^^^^^^^^^^^^^^^^^^^^^^^^^^^^^^^^^^^^^^^^^^^^^^^^^^^^^^^^^^^
  File "C:\Users\user\Desktop\crypto_botV2\venv\Lib\site-packages\httpx\_client.py", line 1617, in send
    response = await self._send_handling_auth(
               ^^^^^^^^^^^^^^^^^^^^^^^^^^^^^^^
  File "C:\Users\user\Desktop\crypto_botV2\venv\Lib\site-packages\httpx\_client.py", line 1645, in _send_handling_auth
    response = await self._send_handling_redirects(
               ^^^^^^^^^^^^^^^^^^^^^^^^^^^^^^^^^^^^
  File "C:\Users\user\Desktop\crypto_botV2\venv\Lib\site-packages\httpx\_client.py", line 1682, in _send_handling_redirects
    response = await self._send_single_request(request)
               ^^^^^^^^^^^^^^^^^^^^^^^^^^^^^^^^^^^^^^^^
  File "C:\Users\user\Desktop\crypto_botV2\venv\Lib\site-packages\httpx\_client.py", line 1719, in _send_single_request
    response = await transport.handle_async_request(request)
               ^^^^^^^^^^^^^^^^^^^^^^^^^^^^^^^^^^^^^^^^^^^^^
  File "C:\Users\user\Desktop\crypto_botV2\venv\Lib\site-packages\httpx\_transports\default.py", line 365, in handle_async_request
    with map_httpcore_exceptions():
  File "D:\Python 3.11\Lib\contextlib.py", line 158, in __exit__
    self.gen.throw(typ, value, traceback)
  File "C:\Users\user\Desktop\crypto_botV2\venv\Lib\site-packages\httpx\_transports\default.py", line 83, in map_httpcore_exceptions
    raise mapped_exc(message) from exc
httpx.ConnectTimeout

The above exception was the direct cause of the following exception:

Traceback (most recent call last):
  File "C:\Users\user\Desktop\crypto_botV2\main.py", line 18, in run_app
    await bot.run_polling()
  File "C:\Users\user\Desktop\crypto_botV2\tg_bot\bot.py", line 121, in run_polling
    await self.application.initialize()
  File "C:\Users\user\Desktop\crypto_botV2\venv\Lib\site-packages\telegram\ext\_application.py", line 477, in initialize
    await self.bot.initialize()
  File "C:\Users\user\Desktop\crypto_botV2\venv\Lib\site-packages\telegram\ext\_extbot.py", line 286, in initialize
    await super().initialize()
  File "C:\Users\user\Desktop\crypto_botV2\venv\Lib\site-packages\telegram\_bot.py", line 735, in initialize
    await self.get_me()
  File "C:\Users\user\Desktop\crypto_botV2\venv\Lib\site-packages\telegram\ext\_extbot.py", line 1697, in get_me
    return await super().get_me(
           ^^^^^^^^^^^^^^^^^^^^^
  File "C:\Users\user\Desktop\crypto_botV2\venv\Lib\site-packages\telegram\_bot.py", line 525, in decorator
    result = await func(self, *args, **kwargs)  # skipcq: PYL-E1102
             ^^^^^^^^^^^^^^^^^^^^^^^^^^^^^^^^^
  File "C:\Users\user\Desktop\crypto_botV2\venv\Lib\site-packages\telegram\_bot.py", line 775, in get_me
    result = await self._post(
             ^^^^^^^^^^^^^^^^^
  File "C:\Users\user\Desktop\crypto_botV2\venv\Lib\site-packages\telegram\_bot.py", line 613, in _post
    return await self._do_post(
           ^^^^^^^^^^^^^^^^^^^^
  File "C:\Users\user\Desktop\crypto_botV2\venv\Lib\site-packages\telegram\ext\_extbot.py", line 340, in _do_post
    return await super()._do_post(
           ^^^^^^^^^^^^^^^^^^^^^^^
  File "C:\Users\user\Desktop\crypto_botV2\venv\Lib\site-packages\telegram\_bot.py", line 641, in _do_post
    return await request.post(
           ^^^^^^^^^^^^^^^^^^^
  File "C:\Users\user\Desktop\crypto_botV2\venv\Lib\site-packages\telegram\request\_baserequest.py", line 200, in post
    result = await self._request_wrapper(
             ^^^^^^^^^^^^^^^^^^^^^^^^^^^^
  File "C:\Users\user\Desktop\crypto_botV2\venv\Lib\site-packages\telegram\request\_baserequest.py", line 340, in _request_wrapper
    raise exc
  File "C:\Users\user\Desktop\crypto_botV2\venv\Lib\site-packages\telegram\request\_baserequest.py", line 330, in _request_wrapper
    code, payload = await self.do_request(
                    ^^^^^^^^^^^^^^^^^^^^^^
  File "C:\Users\user\Desktop\crypto_botV2\venv\Lib\site-packages\telegram\request\_httpxrequest.py", line 285, in do_request
    raise TimedOut from err
telegram.error.TimedOut: Timed out

During handling of the above exception, another exception occurred:

Traceback (most recent call last):
  File "C:\Users\user\Desktop\crypto_botV2\main.py", line 26, in main
    asyncio.run(run_app())
  File "D:\Python 3.11\Lib\asyncio\runners.py", line 190, in run
    return runner.run(main)
           ^^^^^^^^^^^^^^^^
  File "D:\Python 3.11\Lib\asyncio\runners.py", line 118, in run
    return self._loop.run_until_complete(task)
           ^^^^^^^^^^^^^^^^^^^^^^^^^^^^^^^^^^^
  File "D:\Python 3.11\Lib\asyncio\base_events.py", line 654, in run_until_complete
    return future.result()
           ^^^^^^^^^^^^^^^
  File "C:\Users\user\Desktop\crypto_botV2\main.py", line 22, in run_app
    await bot.stop()
  File "C:\Users\user\Desktop\crypto_botV2\tg_bot\bot.py", line 128, in stop
    await self.application.updater.stop()
  File "C:\Users\user\Desktop\crypto_botV2\venv\Lib\site-packages\telegram\ext\_updater.py", line 805, in stop
    raise RuntimeError("This Updater is not running!")
RuntimeError: This Updater is not running!
2026-03-15 22:54:10,888 - crypto_bot - INFO - ✅ Telegram бот инициализирован
2026-03-15 22:54:24,720 - crypto_bot - ERROR - Критическая ошибка основного цикла: Cannot close a running event loop
Traceback (most recent call last):
  File "C:\Users\user\Desktop\crypto_botV2\venv\Lib\site-packages\telegram\ext\_application.py", line 1006, in __run
    raise exc
  File "C:\Users\user\Desktop\crypto_botV2\venv\Lib\site-packages\telegram\ext\_application.py", line 995, in __run
    loop.run_until_complete(self.initialize())
  File "D:\Python 3.11\Lib\asyncio\base_events.py", line 630, in run_until_complete
    self._check_running()
  File "D:\Python 3.11\Lib\asyncio\base_events.py", line 589, in _check_running
    raise RuntimeError('This event loop is already running')
RuntimeError: This event loop is already running

During handling of the above exception, another exception occurred:

Traceback (most recent call last):
  File "C:\Users\user\Desktop\crypto_botV2\venv\Lib\site-packages\telegram\ext\_application.py", line 1017, in __run
    loop.run_until_complete(self.shutdown())
  File "D:\Python 3.11\Lib\asyncio\base_events.py", line 630, in run_until_complete
    self._check_running()
  File "D:\Python 3.11\Lib\asyncio\base_events.py", line 589, in _check_running
    raise RuntimeError('This event loop is already running')
RuntimeError: This event loop is already running

During handling of the above exception, another exception occurred:

Traceback (most recent call last):
  File "C:\Users\user\Desktop\crypto_botV2\main.py", line 22, in <module>
    asyncio.run(main())
  File "D:\Python 3.11\Lib\asyncio\runners.py", line 190, in run
    return runner.run(main)
           ^^^^^^^^^^^^^^^^
  File "D:\Python 3.11\Lib\asyncio\runners.py", line 118, in run
    return self._loop.run_until_complete(task)
           ^^^^^^^^^^^^^^^^^^^^^^^^^^^^^^^^^^^
  File "D:\Python 3.11\Lib\asyncio\base_events.py", line 654, in run_until_complete
    return future.result()
           ^^^^^^^^^^^^^^^
  File "C:\Users\user\Desktop\crypto_botV2\main.py", line 18, in main
    await bot.application.run_polling(drop_pending_updates=True)
          ^^^^^^^^^^^^^^^^^^^^^^^^^^^^^^^^^^^^^^^^^^^^^^^^^^^^^^
  File "C:\Users\user\Desktop\crypto_botV2\venv\Lib\site-packages\telegram\ext\_application.py", line 818, in run_polling
    return self.__run(
           ^^^^^^^^^^^
  File "C:\Users\user\Desktop\crypto_botV2\venv\Lib\site-packages\telegram\ext\_application.py", line 1022, in __run
    loop.close()
  File "D:\Python 3.11\Lib\asyncio\proactor_events.py", line 686, in close
    raise RuntimeError("Cannot close a running event loop")
RuntimeError: Cannot close a running event loop
2026-03-16 00:17:56,519 - crypto_bot - INFO - ✅ Telegram бот инициализирован
2026-03-16 00:21:26,357 - crypto_bot - INFO - 🐍 Запуск скрипта main.py
2026-03-16 00:21:26,358 - crypto_bot - INFO - 🔥 Вход в основную функцию main()
2026-03-16 00:21:26,358 - crypto_bot - INFO - ============================================================
2026-03-16 00:21:26,358 - crypto_bot - INFO - 🚀 ЗАПУСК БОТА
2026-03-16 00:21:26,359 - crypto_bot - INFO - ============================================================
2026-03-16 00:21:26,359 - crypto_bot - INFO - 📁 Рабочая директория: C:\Users\user\Desktop\crypto_botV2
2026-03-16 00:21:26,359 - crypto_bot - INFO - 🐍 Python версия: 3.11.9 (tags/v3.11.9:de54cf5, Apr  2 2024, 10:12:12) [MSC v.1938 64 bit (AMD64)]
2026-03-16 00:21:26,360 - crypto_bot - INFO - 🧵 Активных потоков: 1
2026-03-16 00:21:26,360 - crypto_bot - INFO - ✅ python-telegram-bot версия: 20.7
2026-03-16 00:21:26,360 - crypto_bot - INFO - ✅ CCXT версия: 4.5.42
2026-03-16 00:21:26,361 - crypto_bot - INFO - 📂 Проверка структуры проекта:
2026-03-16 00:21:26,361 - crypto_bot - INFO -   ✅ Папка database/ найдена
2026-03-16 00:21:26,361 - crypto_bot - INFO -   ✅ Папка tg_bot/ найдена
2026-03-16 00:21:26,362 - crypto_bot - INFO -   ✅ Папка utils/ найдена
2026-03-16 00:21:26,362 - crypto_bot - INFO -   ✅ Файл .env найден
2026-03-16 00:21:26,369 - crypto_bot - INFO - 🔄 Инициализация базы данных...
2026-03-16 00:21:26,370 - crypto_bot - INFO - ✅ База данных инициализирована успешно
2026-03-16 00:21:26,370 - crypto_bot - INFO - 🔄 Создание экземпляра бота...
2026-03-16 00:21:26,557 - crypto_bot - INFO - ✅ Экземпляр бота создан успешно
2026-03-16 00:21:26,557 - crypto_bot - INFO - 🔄 Инициализация бота (загрузка токена, настройка)...
2026-03-16 00:21:26,725 - crypto_bot - INFO - ✅ Telegram бот инициализирован
2026-03-16 00:21:26,725 - crypto_bot - INFO - ✅ Бот инициализирован успешно
2026-03-16 00:21:26,726 - crypto_bot - INFO - 🎯 Бот готов к работе, запускаем polling...
2026-03-16 00:21:26,726 - crypto_bot - INFO - ⏳ Если бот зависнет, следующая строка (✅ Polling завершён) НЕ появится
2026-03-16 00:21:26,726 - crypto_bot - INFO - 🔄 Запуск Telegram polling...
2026-03-16 00:21:26,726 - crypto_bot - INFO - 📡 Бот начинает прослушивание обновлений (ожидание команд)...
2026-03-16 00:21:56,792 - crypto_bot - ERROR - ❌ Ошибка в polling: Timed out
Traceback (most recent call last):
  File "C:\Users\user\Desktop\crypto_botV2\venv\Lib\site-packages\httpx\_transports\default.py", line 66, in map_httpcore_exceptions
    yield
  File "C:\Users\user\Desktop\crypto_botV2\venv\Lib\site-packages\httpx\_transports\default.py", line 366, in handle_async_request
    resp = await self._pool.handle_async_request(req)
           ^^^^^^^^^^^^^^^^^^^^^^^^^^^^^^^^^^^^^^^^^^
  File "C:\Users\user\Desktop\crypto_botV2\venv\Lib\site-packages\httpcore\_async\connection_pool.py", line 256, in handle_async_request
    raise exc from None
  File "C:\Users\user\Desktop\crypto_botV2\venv\Lib\site-packages\httpcore\_async\connection_pool.py", line 236, in handle_async_request
    response = await connection.handle_async_request(
               ^^^^^^^^^^^^^^^^^^^^^^^^^^^^^^^^^^^^^^
  File "C:\Users\user\Desktop\crypto_botV2\venv\Lib\site-packages\httpcore\_async\connection.py", line 101, in handle_async_request
    raise exc
  File "C:\Users\user\Desktop\crypto_botV2\venv\Lib\site-packages\httpcore\_async\connection.py", line 78, in handle_async_request
    stream = await self._connect(request)
             ^^^^^^^^^^^^^^^^^^^^^^^^^^^^
  File "C:\Users\user\Desktop\crypto_botV2\venv\Lib\site-packages\httpcore\_async\connection.py", line 156, in _connect
    stream = await stream.start_tls(**kwargs)
             ^^^^^^^^^^^^^^^^^^^^^^^^^^^^^^^^
  File "C:\Users\user\Desktop\crypto_botV2\venv\Lib\site-packages\httpcore\_backends\anyio.py", line 67, in start_tls
    with map_exceptions(exc_map):
  File "D:\Python 3.11\Lib\contextlib.py", line 158, in __exit__
    self.gen.throw(typ, value, traceback)
  File "C:\Users\user\Desktop\crypto_botV2\venv\Lib\site-packages\httpcore\_exceptions.py", line 14, in map_exceptions
    raise to_exc(exc) from exc
httpcore.ConnectTimeout

The above exception was the direct cause of the following exception:

Traceback (most recent call last):
  File "C:\Users\user\Desktop\crypto_botV2\venv\Lib\site-packages\telegram\request\_httpxrequest.py", line 268, in do_request
    res = await self._client.request(
          ^^^^^^^^^^^^^^^^^^^^^^^^^^^
  File "C:\Users\user\Desktop\crypto_botV2\venv\Lib\site-packages\httpx\_client.py", line 1530, in request
    return await self.send(request, auth=auth, follow_redirects=follow_redirects)
           ^^^^^^^^^^^^^^^^^^^^^^^^^^^^^^^^^^^^^^^^^^^^^^^^^^^^^^^^^^^^^^^^^^^^^^
  File "C:\Users\user\Desktop\crypto_botV2\venv\Lib\site-packages\httpx\_client.py", line 1617, in send
    response = await self._send_handling_auth(
               ^^^^^^^^^^^^^^^^^^^^^^^^^^^^^^^
  File "C:\Users\user\Desktop\crypto_botV2\venv\Lib\site-packages\httpx\_client.py", line 1645, in _send_handling_auth
    response = await self._send_handling_redirects(
               ^^^^^^^^^^^^^^^^^^^^^^^^^^^^^^^^^^^^
  File "C:\Users\user\Desktop\crypto_botV2\venv\Lib\site-packages\httpx\_client.py", line 1682, in _send_handling_redirects
    response = await self._send_single_request(request)
               ^^^^^^^^^^^^^^^^^^^^^^^^^^^^^^^^^^^^^^^^
  File "C:\Users\user\Desktop\crypto_botV2\venv\Lib\site-packages\httpx\_client.py", line 1719, in _send_single_request
    response = await transport.handle_async_request(request)
               ^^^^^^^^^^^^^^^^^^^^^^^^^^^^^^^^^^^^^^^^^^^^^
  File "C:\Users\user\Desktop\crypto_botV2\venv\Lib\site-packages\httpx\_transports\default.py", line 365, in handle_async_request
    with map_httpcore_exceptions():
  File "D:\Python 3.11\Lib\contextlib.py", line 158, in __exit__
    self.gen.throw(typ, value, traceback)
  File "C:\Users\user\Desktop\crypto_botV2\venv\Lib\site-packages\httpx\_transports\default.py", line 83, in map_httpcore_exceptions
    raise mapped_exc(message) from exc
httpx.ConnectTimeout

The above exception was the direct cause of the following exception:

Traceback (most recent call last):
  File "C:\Users\user\Desktop\crypto_botV2\main.py", line 100, in run_polling_with_logging
    bot.run_polling()
  File "C:\Users\user\Desktop\crypto_botV2\tg_bot\bot.py", line 137, in run_polling
    self.application.run_polling(drop_pending_updates=True)
  File "C:\Users\user\Desktop\crypto_botV2\venv\Lib\site-packages\telegram\ext\_application.py", line 818, in run_polling
    return self.__run(
           ^^^^^^^^^^^
  File "C:\Users\user\Desktop\crypto_botV2\venv\Lib\site-packages\telegram\ext\_application.py", line 1006, in __run
    raise exc
  File "C:\Users\user\Desktop\crypto_botV2\venv\Lib\site-packages\telegram\ext\_application.py", line 995, in __run
    loop.run_until_complete(self.initialize())
  File "D:\Python 3.11\Lib\asyncio\base_events.py", line 654, in run_until_complete
    return future.result()
           ^^^^^^^^^^^^^^^
  File "C:\Users\user\Desktop\crypto_botV2\venv\Lib\site-packages\telegram\ext\_application.py", line 477, in initialize
    await self.bot.initialize()
  File "C:\Users\user\Desktop\crypto_botV2\venv\Lib\site-packages\telegram\ext\_extbot.py", line 286, in initialize
    await super().initialize()
  File "C:\Users\user\Desktop\crypto_botV2\venv\Lib\site-packages\telegram\_bot.py", line 735, in initialize
    await self.get_me()
  File "C:\Users\user\Desktop\crypto_botV2\venv\Lib\site-packages\telegram\ext\_extbot.py", line 1697, in get_me
    return await super().get_me(
           ^^^^^^^^^^^^^^^^^^^^^
  File "C:\Users\user\Desktop\crypto_botV2\venv\Lib\site-packages\telegram\_bot.py", line 525, in decorator
    result = await func(self, *args, **kwargs)  # skipcq: PYL-E1102
             ^^^^^^^^^^^^^^^^^^^^^^^^^^^^^^^^^
  File "C:\Users\user\Desktop\crypto_botV2\venv\Lib\site-packages\telegram\_bot.py", line 775, in get_me
    result = await self._post(
             ^^^^^^^^^^^^^^^^^
  File "C:\Users\user\Desktop\crypto_botV2\venv\Lib\site-packages\telegram\_bot.py", line 613, in _post
    return await self._do_post(
           ^^^^^^^^^^^^^^^^^^^^
  File "C:\Users\user\Desktop\crypto_botV2\venv\Lib\site-packages\telegram\ext\_extbot.py", line 340, in _do_post
    return await super()._do_post(
           ^^^^^^^^^^^^^^^^^^^^^^^
  File "C:\Users\user\Desktop\crypto_botV2\venv\Lib\site-packages\telegram\_bot.py", line 641, in _do_post
    return await request.post(
           ^^^^^^^^^^^^^^^^^^^
  File "C:\Users\user\Desktop\crypto_botV2\venv\Lib\site-packages\telegram\request\_baserequest.py", line 200, in post
    result = await self._request_wrapper(
             ^^^^^^^^^^^^^^^^^^^^^^^^^^^^
  File "C:\Users\user\Desktop\crypto_botV2\venv\Lib\site-packages\telegram\request\_baserequest.py", line 340, in _request_wrapper
    raise exc
  File "C:\Users\user\Desktop\crypto_botV2\venv\Lib\site-packages\telegram\request\_baserequest.py", line 330, in _request_wrapper
    code, payload = await self.do_request(
                    ^^^^^^^^^^^^^^^^^^^^^^
  File "C:\Users\user\Desktop\crypto_botV2\venv\Lib\site-packages\telegram\request\_httpxrequest.py", line 285, in do_request
    raise TimedOut from err
telegram.error.TimedOut: Timed out
2026-03-16 00:21:56,799 - crypto_bot - ERROR - 💥 КРИТИЧЕСКАЯ ОШИБКА основного цикла: Timed out
Traceback (most recent call last):
  File "C:\Users\user\Desktop\crypto_botV2\venv\Lib\site-packages\httpx\_transports\default.py", line 66, in map_httpcore_exceptions
    yield
  File "C:\Users\user\Desktop\crypto_botV2\venv\Lib\site-packages\httpx\_transports\default.py", line 366, in handle_async_request
    resp = await self._pool.handle_async_request(req)
           ^^^^^^^^^^^^^^^^^^^^^^^^^^^^^^^^^^^^^^^^^^
  File "C:\Users\user\Desktop\crypto_botV2\venv\Lib\site-packages\httpcore\_async\connection_pool.py", line 256, in handle_async_request
    raise exc from None
  File "C:\Users\user\Desktop\crypto_botV2\venv\Lib\site-packages\httpcore\_async\connection_pool.py", line 236, in handle_async_request
    response = await connection.handle_async_request(
               ^^^^^^^^^^^^^^^^^^^^^^^^^^^^^^^^^^^^^^
  File "C:\Users\user\Desktop\crypto_botV2\venv\Lib\site-packages\httpcore\_async\connection.py", line 101, in handle_async_request
    raise exc
  File "C:\Users\user\Desktop\crypto_botV2\venv\Lib\site-packages\httpcore\_async\connection.py", line 78, in handle_async_request
    stream = await self._connect(request)
             ^^^^^^^^^^^^^^^^^^^^^^^^^^^^
  File "C:\Users\user\Desktop\crypto_botV2\venv\Lib\site-packages\httpcore\_async\connection.py", line 156, in _connect
    stream = await stream.start_tls(**kwargs)
             ^^^^^^^^^^^^^^^^^^^^^^^^^^^^^^^^
  File "C:\Users\user\Desktop\crypto_botV2\venv\Lib\site-packages\httpcore\_backends\anyio.py", line 67, in start_tls
    with map_exceptions(exc_map):
  File "D:\Python 3.11\Lib\contextlib.py", line 158, in __exit__
    self.gen.throw(typ, value, traceback)
  File "C:\Users\user\Desktop\crypto_botV2\venv\Lib\site-packages\httpcore\_exceptions.py", line 14, in map_exceptions
    raise to_exc(exc) from exc
httpcore.ConnectTimeout

The above exception was the direct cause of the following exception:

Traceback (most recent call last):
  File "C:\Users\user\Desktop\crypto_botV2\venv\Lib\site-packages\telegram\request\_httpxrequest.py", line 268, in do_request
    res = await self._client.request(
          ^^^^^^^^^^^^^^^^^^^^^^^^^^^
  File "C:\Users\user\Desktop\crypto_botV2\venv\Lib\site-packages\httpx\_client.py", line 1530, in request
    return await self.send(request, auth=auth, follow_redirects=follow_redirects)
           ^^^^^^^^^^^^^^^^^^^^^^^^^^^^^^^^^^^^^^^^^^^^^^^^^^^^^^^^^^^^^^^^^^^^^^
  File "C:\Users\user\Desktop\crypto_botV2\venv\Lib\site-packages\httpx\_client.py", line 1617, in send
    response = await self._send_handling_auth(
               ^^^^^^^^^^^^^^^^^^^^^^^^^^^^^^^
  File "C:\Users\user\Desktop\crypto_botV2\venv\Lib\site-packages\httpx\_client.py", line 1645, in _send_handling_auth
    response = await self._send_handling_redirects(
               ^^^^^^^^^^^^^^^^^^^^^^^^^^^^^^^^^^^^
  File "C:\Users\user\Desktop\crypto_botV2\venv\Lib\site-packages\httpx\_client.py", line 1682, in _send_handling_redirects
    response = await self._send_single_request(request)
               ^^^^^^^^^^^^^^^^^^^^^^^^^^^^^^^^^^^^^^^^
  File "C:\Users\user\Desktop\crypto_botV2\venv\Lib\site-packages\httpx\_client.py", line 1719, in _send_single_request
    response = await transport.handle_async_request(request)
               ^^^^^^^^^^^^^^^^^^^^^^^^^^^^^^^^^^^^^^^^^^^^^
  File "C:\Users\user\Desktop\crypto_botV2\venv\Lib\site-packages\httpx\_transports\default.py", line 365, in handle_async_request
    with map_httpcore_exceptions():
  File "D:\Python 3.11\Lib\contextlib.py", line 158, in __exit__
    self.gen.throw(typ, value, traceback)
  File "C:\Users\user\Desktop\crypto_botV2\venv\Lib\site-packages\httpx\_transports\default.py", line 83, in map_httpcore_exceptions
    raise mapped_exc(message) from exc
httpx.ConnectTimeout

The above exception was the direct cause of the following exception:

Traceback (most recent call last):
  File "C:\Users\user\Desktop\crypto_botV2\main.py", line 132, in <module>
    main()
  File "C:\Users\user\Desktop\crypto_botV2\main.py", line 124, in main
    run_polling_with_logging(bot)
  File "C:\Users\user\Desktop\crypto_botV2\main.py", line 100, in run_polling_with_logging
    bot.run_polling()
  File "C:\Users\user\Desktop\crypto_botV2\tg_bot\bot.py", line 137, in run_polling
    self.application.run_polling(drop_pending_updates=True)
  File "C:\Users\user\Desktop\crypto_botV2\venv\Lib\site-packages\telegram\ext\_application.py", line 818, in run_polling
    return self.__run(
           ^^^^^^^^^^^
  File "C:\Users\user\Desktop\crypto_botV2\venv\Lib\site-packages\telegram\ext\_application.py", line 1006, in __run
    raise exc
  File "C:\Users\user\Desktop\crypto_botV2\venv\Lib\site-packages\telegram\ext\_application.py", line 995, in __run
    loop.run_until_complete(self.initialize())
  File "D:\Python 3.11\Lib\asyncio\base_events.py", line 654, in run_until_complete
    return future.result()
           ^^^^^^^^^^^^^^^
  File "C:\Users\user\Desktop\crypto_botV2\venv\Lib\site-packages\telegram\ext\_application.py", line 477, in initialize
    await self.bot.initialize()
  File "C:\Users\user\Desktop\crypto_botV2\venv\Lib\site-packages\telegram\ext\_extbot.py", line 286, in initialize
    await super().initialize()
  File "C:\Users\user\Desktop\crypto_botV2\venv\Lib\site-packages\telegram\_bot.py", line 735, in initialize
    await self.get_me()
  File "C:\Users\user\Desktop\crypto_botV2\venv\Lib\site-packages\telegram\ext\_extbot.py", line 1697, in get_me
    return await super().get_me(
           ^^^^^^^^^^^^^^^^^^^^^
  File "C:\Users\user\Desktop\crypto_botV2\venv\Lib\site-packages\telegram\_bot.py", line 525, in decorator
    result = await func(self, *args, **kwargs)  # skipcq: PYL-E1102
             ^^^^^^^^^^^^^^^^^^^^^^^^^^^^^^^^^
  File "C:\Users\user\Desktop\crypto_botV2\venv\Lib\site-packages\telegram\_bot.py", line 775, in get_me
    result = await self._post(
             ^^^^^^^^^^^^^^^^^
  File "C:\Users\user\Desktop\crypto_botV2\venv\Lib\site-packages\telegram\_bot.py", line 613, in _post
    return await self._do_post(
           ^^^^^^^^^^^^^^^^^^^^
  File "C:\Users\user\Desktop\crypto_botV2\venv\Lib\site-packages\telegram\ext\_extbot.py", line 340, in _do_post
    return await super()._do_post(
           ^^^^^^^^^^^^^^^^^^^^^^^
  File "C:\Users\user\Desktop\crypto_botV2\venv\Lib\site-packages\telegram\_bot.py", line 641, in _do_post
    return await request.post(
           ^^^^^^^^^^^^^^^^^^^
  File "C:\Users\user\Desktop\crypto_botV2\venv\Lib\site-packages\telegram\request\_baserequest.py", line 200, in post
    result = await self._request_wrapper(
             ^^^^^^^^^^^^^^^^^^^^^^^^^^^^
  File "C:\Users\user\Desktop\crypto_botV2\venv\Lib\site-packages\telegram\request\_baserequest.py", line 340, in _request_wrapper
    raise exc
  File "C:\Users\user\Desktop\crypto_botV2\venv\Lib\site-packages\telegram\request\_baserequest.py", line 330, in _request_wrapper
    code, payload = await self.do_request(
                    ^^^^^^^^^^^^^^^^^^^^^^
  File "C:\Users\user\Desktop\crypto_botV2\venv\Lib\site-packages\telegram\request\_httpxrequest.py", line 285, in do_request
    raise TimedOut from err
telegram.error.TimedOut: Timed out
2026-03-16 00:21:56,801 - crypto_bot - ERROR - ❌ Бот аварийно завершил работу
2026-03-16 00:21:56,802 - crypto_bot - INFO - 🏁 Завершение работы main.py
2026-03-16 00:21:56,802 - crypto_bot - INFO - ⏰ Время остановки: 2026-03-16 00:21:56
2026-03-16 00:23:12,819 - crypto_bot - INFO - 🐍 Запуск скрипта main.py
2026-03-16 00:23:12,819 - crypto_bot - INFO - ==================================================
2026-03-16 00:23:12,819 - crypto_bot - INFO - 🚀 ЗАПУСК БОТА
2026-03-16 00:23:12,820 - crypto_bot - INFO - ==================================================
2026-03-16 00:23:12,820 - crypto_bot - INFO - 📁 Рабочая директория: C:\Users\user\Desktop\crypto_botV2
2026-03-16 00:23:12,820 - crypto_bot - INFO - 🔄 Инициализация базы данных...
2026-03-16 00:23:12,821 - crypto_bot - INFO - ✅ База данных инициализирована
2026-03-16 00:23:12,822 - crypto_bot - INFO - 🔄 Создание экземпляра бота...
2026-03-16 00:23:13,000 - crypto_bot - INFO - ✅ Экземпляр бота создан
2026-03-16 00:23:13,001 - crypto_bot - INFO - 🔄 Инициализация бота...
2026-03-16 00:23:13,171 - crypto_bot - INFO - ✅ Telegram бот инициализирован
2026-03-16 00:23:13,172 - crypto_bot - INFO - ✅ Бот инициализирован
2026-03-16 00:23:13,172 - crypto_bot - INFO - 📡 Запуск Telegram polling...
2026-03-16 00:23:13,172 - crypto_bot - INFO - ⏳ Ожидание команд... (если бот зависнет, следующая строка не появится)
2026-03-16 00:23:43,284 - crypto_bot - ERROR - 💥 Критическая ошибка: Timed out
Traceback (most recent call last):
  File "C:\Users\user\Desktop\crypto_botV2\venv\Lib\site-packages\httpx\_transports\default.py", line 66, in map_httpcore_exceptions
    yield
  File "C:\Users\user\Desktop\crypto_botV2\venv\Lib\site-packages\httpx\_transports\default.py", line 366, in handle_async_request
    resp = await self._pool.handle_async_request(req)
           ^^^^^^^^^^^^^^^^^^^^^^^^^^^^^^^^^^^^^^^^^^
  File "C:\Users\user\Desktop\crypto_botV2\venv\Lib\site-packages\httpcore\_async\connection_pool.py", line 256, in handle_async_request
    raise exc from None
  File "C:\Users\user\Desktop\crypto_botV2\venv\Lib\site-packages\httpcore\_async\connection_pool.py", line 236, in handle_async_request
    response = await connection.handle_async_request(
               ^^^^^^^^^^^^^^^^^^^^^^^^^^^^^^^^^^^^^^
  File "C:\Users\user\Desktop\crypto_botV2\venv\Lib\site-packages\httpcore\_async\connection.py", line 101, in handle_async_request
    raise exc
  File "C:\Users\user\Desktop\crypto_botV2\venv\Lib\site-packages\httpcore\_async\connection.py", line 78, in handle_async_request
    stream = await self._connect(request)
             ^^^^^^^^^^^^^^^^^^^^^^^^^^^^
  File "C:\Users\user\Desktop\crypto_botV2\venv\Lib\site-packages\httpcore\_async\connection.py", line 156, in _connect
    stream = await stream.start_tls(**kwargs)
             ^^^^^^^^^^^^^^^^^^^^^^^^^^^^^^^^
  File "C:\Users\user\Desktop\crypto_botV2\venv\Lib\site-packages\httpcore\_backends\anyio.py", line 67, in start_tls
    with map_exceptions(exc_map):
  File "D:\Python 3.11\Lib\contextlib.py", line 158, in __exit__
    self.gen.throw(typ, value, traceback)
  File "C:\Users\user\Desktop\crypto_botV2\venv\Lib\site-packages\httpcore\_exceptions.py", line 14, in map_exceptions
    raise to_exc(exc) from exc
httpcore.ConnectTimeout

The above exception was the direct cause of the following exception:

Traceback (most recent call last):
  File "C:\Users\user\Desktop\crypto_botV2\venv\Lib\site-packages\telegram\request\_httpxrequest.py", line 268, in do_request
    res = await self._client.request(
          ^^^^^^^^^^^^^^^^^^^^^^^^^^^
  File "C:\Users\user\Desktop\crypto_botV2\venv\Lib\site-packages\httpx\_client.py", line 1530, in request
    return await self.send(request, auth=auth, follow_redirects=follow_redirects)
           ^^^^^^^^^^^^^^^^^^^^^^^^^^^^^^^^^^^^^^^^^^^^^^^^^^^^^^^^^^^^^^^^^^^^^^
  File "C:\Users\user\Desktop\crypto_botV2\venv\Lib\site-packages\httpx\_client.py", line 1617, in send
    response = await self._send_handling_auth(
               ^^^^^^^^^^^^^^^^^^^^^^^^^^^^^^^
  File "C:\Users\user\Desktop\crypto_botV2\venv\Lib\site-packages\httpx\_client.py", line 1645, in _send_handling_auth
    response = await self._send_handling_redirects(
               ^^^^^^^^^^^^^^^^^^^^^^^^^^^^^^^^^^^^
  File "C:\Users\user\Desktop\crypto_botV2\venv\Lib\site-packages\httpx\_client.py", line 1682, in _send_handling_redirects
    response = await self._send_single_request(request)
               ^^^^^^^^^^^^^^^^^^^^^^^^^^^^^^^^^^^^^^^^
  File "C:\Users\user\Desktop\crypto_botV2\venv\Lib\site-packages\httpx\_client.py", line 1719, in _send_single_request
    response = await transport.handle_async_request(request)
               ^^^^^^^^^^^^^^^^^^^^^^^^^^^^^^^^^^^^^^^^^^^^^
  File "C:\Users\user\Desktop\crypto_botV2\venv\Lib\site-packages\httpx\_transports\default.py", line 365, in handle_async_request
    with map_httpcore_exceptions():
  File "D:\Python 3.11\Lib\contextlib.py", line 158, in __exit__
    self.gen.throw(typ, value, traceback)
  File "C:\Users\user\Desktop\crypto_botV2\venv\Lib\site-packages\httpx\_transports\default.py", line 83, in map_httpcore_exceptions
    raise mapped_exc(message) from exc
httpx.ConnectTimeout

The above exception was the direct cause of the following exception:

Traceback (most recent call last):
  File "C:\Users\user\Desktop\crypto_botV2\main.py", line 60, in <module>
    main()
  File "C:\Users\user\Desktop\crypto_botV2\main.py", line 51, in main
    bot.run_polling()
  File "C:\Users\user\Desktop\crypto_botV2\tg_bot\bot.py", line 137, in run_polling
    self.application.run_polling(drop_pending_updates=True)
  File "C:\Users\user\Desktop\crypto_botV2\venv\Lib\site-packages\telegram\ext\_application.py", line 818, in run_polling
    return self.__run(
           ^^^^^^^^^^^
  File "C:\Users\user\Desktop\crypto_botV2\venv\Lib\site-packages\telegram\ext\_application.py", line 1006, in __run
    raise exc
  File "C:\Users\user\Desktop\crypto_botV2\venv\Lib\site-packages\telegram\ext\_application.py", line 995, in __run
    loop.run_until_complete(self.initialize())
  File "D:\Python 3.11\Lib\asyncio\base_events.py", line 654, in run_until_complete
    return future.result()
           ^^^^^^^^^^^^^^^
  File "C:\Users\user\Desktop\crypto_botV2\venv\Lib\site-packages\telegram\ext\_application.py", line 477, in initialize
    await self.bot.initialize()
  File "C:\Users\user\Desktop\crypto_botV2\venv\Lib\site-packages\telegram\ext\_extbot.py", line 286, in initialize
    await super().initialize()
  File "C:\Users\user\Desktop\crypto_botV2\venv\Lib\site-packages\telegram\_bot.py", line 735, in initialize
    await self.get_me()
  File "C:\Users\user\Desktop\crypto_botV2\venv\Lib\site-packages\telegram\ext\_extbot.py", line 1697, in get_me
    return await super().get_me(
           ^^^^^^^^^^^^^^^^^^^^^
  File "C:\Users\user\Desktop\crypto_botV2\venv\Lib\site-packages\telegram\_bot.py", line 525, in decorator
    result = await func(self, *args, **kwargs)  # skipcq: PYL-E1102
             ^^^^^^^^^^^^^^^^^^^^^^^^^^^^^^^^^
  File "C:\Users\user\Desktop\crypto_botV2\venv\Lib\site-packages\telegram\_bot.py", line 775, in get_me
    result = await self._post(
             ^^^^^^^^^^^^^^^^^
  File "C:\Users\user\Desktop\crypto_botV2\venv\Lib\site-packages\telegram\_bot.py", line 613, in _post
    return await self._do_post(
           ^^^^^^^^^^^^^^^^^^^^
  File "C:\Users\user\Desktop\crypto_botV2\venv\Lib\site-packages\telegram\ext\_extbot.py", line 340, in _do_post
    return await super()._do_post(
           ^^^^^^^^^^^^^^^^^^^^^^^
  File "C:\Users\user\Desktop\crypto_botV2\venv\Lib\site-packages\telegram\_bot.py", line 641, in _do_post
    return await request.post(
           ^^^^^^^^^^^^^^^^^^^
  File "C:\Users\user\Desktop\crypto_botV2\venv\Lib\site-packages\telegram\request\_baserequest.py", line 200, in post
    result = await self._request_wrapper(
             ^^^^^^^^^^^^^^^^^^^^^^^^^^^^
  File "C:\Users\user\Desktop\crypto_botV2\venv\Lib\site-packages\telegram\request\_baserequest.py", line 340, in _request_wrapper
    raise exc
  File "C:\Users\user\Desktop\crypto_botV2\venv\Lib\site-packages\telegram\request\_baserequest.py", line 330, in _request_wrapper
    code, payload = await self.do_request(
                    ^^^^^^^^^^^^^^^^^^^^^^
  File "C:\Users\user\Desktop\crypto_botV2\venv\Lib\site-packages\telegram\request\_httpxrequest.py", line 285, in do_request
    raise TimedOut from err
telegram.error.TimedOut: Timed out
2026-03-16 00:23:43,291 - crypto_bot - INFO - 🏁 Завершение работы
2026-03-16 00:27:43,086 - crypto_bot - INFO - 🐍 Запуск скрипта main.py
2026-03-16 00:27:43,087 - crypto_bot - INFO - ==================================================
2026-03-16 00:27:43,087 - crypto_bot - INFO - 🚀 ЗАПУСК БОТА
2026-03-16 00:27:43,087 - crypto_bot - INFO - ==================================================
2026-03-16 00:27:43,087 - crypto_bot - INFO - 📁 Рабочая директория: C:\Users\user\Desktop\crypto_botV2
2026-03-16 00:27:43,088 - crypto_bot - INFO - 🔄 Инициализация базы данных...
2026-03-16 00:27:43,088 - crypto_bot - INFO - ✅ База данных инициализирована
2026-03-16 00:27:43,089 - crypto_bot - INFO - 🔄 Создание экземпляра бота...
2026-03-16 00:27:43,269 - crypto_bot - INFO - 🔄 MarketScanner инициализирован
2026-03-16 00:27:43,269 - crypto_bot - INFO - ✅ Экземпляр бота создан
2026-03-16 00:27:43,270 - crypto_bot - INFO - 🔄 Инициализация бота...
2026-03-16 00:27:43,439 - crypto_bot - INFO - ✅ Telegram бот инициализирован
2026-03-16 00:27:43,439 - crypto_bot - INFO - ✅ Бот инициализирован
2026-03-16 00:27:43,440 - crypto_bot - INFO - 📡 Запуск Telegram polling...
2026-03-16 00:27:43,440 - crypto_bot - INFO - ⏳ Ожидание команд... (если бот зависнет, следующая строка не появится)
2026-03-16 00:28:12,002 - crypto_bot - INFO - ✅ Polling завершён (бот остановлен)
2026-03-16 00:28:12,002 - crypto_bot - INFO - 🏁 Завершение работы
2026-03-16 00:28:16,197 - crypto_bot - INFO - 🔄 MarketScanner инициализирован
2026-03-16 00:28:16,368 - crypto_bot - INFO - ✅ Telegram бот инициализирован
2026-03-16 00:28:46,468 - crypto_bot - ERROR - Критическая ошибка основного цикла: Timed out
Traceback (most recent call last):
  File "C:\Users\user\Desktop\crypto_botV2\venv\Lib\site-packages\httpx\_transports\default.py", line 66, in map_httpcore_exceptions
    yield
  File "C:\Users\user\Desktop\crypto_botV2\venv\Lib\site-packages\httpx\_transports\default.py", line 366, in handle_async_request
    resp = await self._pool.handle_async_request(req)
           ^^^^^^^^^^^^^^^^^^^^^^^^^^^^^^^^^^^^^^^^^^
  File "C:\Users\user\Desktop\crypto_botV2\venv\Lib\site-packages\httpcore\_async\connection_pool.py", line 256, in handle_async_request
    raise exc from None
  File "C:\Users\user\Desktop\crypto_botV2\venv\Lib\site-packages\httpcore\_async\connection_pool.py", line 236, in handle_async_request
    response = await connection.handle_async_request(
               ^^^^^^^^^^^^^^^^^^^^^^^^^^^^^^^^^^^^^^
  File "C:\Users\user\Desktop\crypto_botV2\venv\Lib\site-packages\httpcore\_async\connection.py", line 101, in handle_async_request
    raise exc
  File "C:\Users\user\Desktop\crypto_botV2\venv\Lib\site-packages\httpcore\_async\connection.py", line 78, in handle_async_request
    stream = await self._connect(request)
             ^^^^^^^^^^^^^^^^^^^^^^^^^^^^
  File "C:\Users\user\Desktop\crypto_botV2\venv\Lib\site-packages\httpcore\_async\connection.py", line 156, in _connect
    stream = await stream.start_tls(**kwargs)
             ^^^^^^^^^^^^^^^^^^^^^^^^^^^^^^^^
  File "C:\Users\user\Desktop\crypto_botV2\venv\Lib\site-packages\httpcore\_backends\anyio.py", line 67, in start_tls
    with map_exceptions(exc_map):
  File "D:\Python 3.11\Lib\contextlib.py", line 158, in __exit__
    self.gen.throw(typ, value, traceback)
  File "C:\Users\user\Desktop\crypto_botV2\venv\Lib\site-packages\httpcore\_exceptions.py", line 14, in map_exceptions
    raise to_exc(exc) from exc
httpcore.ConnectTimeout

The above exception was the direct cause of the following exception:

Traceback (most recent call last):
  File "C:\Users\user\Desktop\crypto_botV2\venv\Lib\site-packages\telegram\request\_httpxrequest.py", line 268, in do_request
    res = await self._client.request(
          ^^^^^^^^^^^^^^^^^^^^^^^^^^^
  File "C:\Users\user\Desktop\crypto_botV2\venv\Lib\site-packages\httpx\_client.py", line 1530, in request
    return await self.send(request, auth=auth, follow_redirects=follow_redirects)
           ^^^^^^^^^^^^^^^^^^^^^^^^^^^^^^^^^^^^^^^^^^^^^^^^^^^^^^^^^^^^^^^^^^^^^^
  File "C:\Users\user\Desktop\crypto_botV2\venv\Lib\site-packages\httpx\_client.py", line 1617, in send
    response = await self._send_handling_auth(
               ^^^^^^^^^^^^^^^^^^^^^^^^^^^^^^^
  File "C:\Users\user\Desktop\crypto_botV2\venv\Lib\site-packages\httpx\_client.py", line 1645, in _send_handling_auth
    response = await self._send_handling_redirects(
               ^^^^^^^^^^^^^^^^^^^^^^^^^^^^^^^^^^^^
  File "C:\Users\user\Desktop\crypto_botV2\venv\Lib\site-packages\httpx\_client.py", line 1682, in _send_handling_redirects
    response = await self._send_single_request(request)
               ^^^^^^^^^^^^^^^^^^^^^^^^^^^^^^^^^^^^^^^^
  File "C:\Users\user\Desktop\crypto_botV2\venv\Lib\site-packages\httpx\_client.py", line 1719, in _send_single_request
    response = await transport.handle_async_request(request)
               ^^^^^^^^^^^^^^^^^^^^^^^^^^^^^^^^^^^^^^^^^^^^^
  File "C:\Users\user\Desktop\crypto_botV2\venv\Lib\site-packages\httpx\_transports\default.py", line 365, in handle_async_request
    with map_httpcore_exceptions():
  File "D:\Python 3.11\Lib\contextlib.py", line 158, in __exit__
    self.gen.throw(typ, value, traceback)
  File "C:\Users\user\Desktop\crypto_botV2\venv\Lib\site-packages\httpx\_transports\default.py", line 83, in map_httpcore_exceptions
    raise mapped_exc(message) from exc
httpx.ConnectTimeout

The above exception was the direct cause of the following exception:

Traceback (most recent call last):
  File "C:\Users\user\Desktop\crypto_botV2\main.py", line 18, in <module>
    main()
  File "C:\Users\user\Desktop\crypto_botV2\main.py", line 14, in main
    bot.run_polling()
  File "C:\Users\user\Desktop\crypto_botV2\tg_bot\bot.py", line 137, in run_polling
    self.application.run_polling(drop_pending_updates=True)
  File "C:\Users\user\Desktop\crypto_botV2\venv\Lib\site-packages\telegram\ext\_application.py", line 818, in run_polling
    return self.__run(
           ^^^^^^^^^^^
  File "C:\Users\user\Desktop\crypto_botV2\venv\Lib\site-packages\telegram\ext\_application.py", line 1006, in __run
    raise exc
  File "C:\Users\user\Desktop\crypto_botV2\venv\Lib\site-packages\telegram\ext\_application.py", line 995, in __run
    loop.run_until_complete(self.initialize())
  File "D:\Python 3.11\Lib\asyncio\base_events.py", line 654, in run_until_complete
    return future.result()
           ^^^^^^^^^^^^^^^
  File "C:\Users\user\Desktop\crypto_botV2\venv\Lib\site-packages\telegram\ext\_application.py", line 477, in initialize
    await self.bot.initialize()
  File "C:\Users\user\Desktop\crypto_botV2\venv\Lib\site-packages\telegram\ext\_extbot.py", line 286, in initialize
    await super().initialize()
  File "C:\Users\user\Desktop\crypto_botV2\venv\Lib\site-packages\telegram\_bot.py", line 735, in initialize
    await self.get_me()
  File "C:\Users\user\Desktop\crypto_botV2\venv\Lib\site-packages\telegram\ext\_extbot.py", line 1697, in get_me
    return await super().get_me(
           ^^^^^^^^^^^^^^^^^^^^^
  File "C:\Users\user\Desktop\crypto_botV2\venv\Lib\site-packages\telegram\_bot.py", line 525, in decorator
    result = await func(self, *args, **kwargs)  # skipcq: PYL-E1102
             ^^^^^^^^^^^^^^^^^^^^^^^^^^^^^^^^^
  File "C:\Users\user\Desktop\crypto_botV2\venv\Lib\site-packages\telegram\_bot.py", line 775, in get_me
    result = await self._post(
             ^^^^^^^^^^^^^^^^^
  File "C:\Users\user\Desktop\crypto_botV2\venv\Lib\site-packages\telegram\_bot.py", line 613, in _post
    return await self._do_post(
           ^^^^^^^^^^^^^^^^^^^^
  File "C:\Users\user\Desktop\crypto_botV2\venv\Lib\site-packages\telegram\ext\_extbot.py", line 340, in _do_post
    return await super()._do_post(
           ^^^^^^^^^^^^^^^^^^^^^^^
  File "C:\Users\user\Desktop\crypto_botV2\venv\Lib\site-packages\telegram\_bot.py", line 641, in _do_post
    return await request.post(
           ^^^^^^^^^^^^^^^^^^^
  File "C:\Users\user\Desktop\crypto_botV2\venv\Lib\site-packages\telegram\request\_baserequest.py", line 200, in post
    result = await self._request_wrapper(
             ^^^^^^^^^^^^^^^^^^^^^^^^^^^^
  File "C:\Users\user\Desktop\crypto_botV2\venv\Lib\site-packages\telegram\request\_baserequest.py", line 340, in _request_wrapper
    raise exc
  File "C:\Users\user\Desktop\crypto_botV2\venv\Lib\site-packages\telegram\request\_baserequest.py", line 330, in _request_wrapper
    code, payload = await self.do_request(
                    ^^^^^^^^^^^^^^^^^^^^^^
  File "C:\Users\user\Desktop\crypto_botV2\venv\Lib\site-packages\telegram\request\_httpxrequest.py", line 285, in do_request
    raise TimedOut from err
telegram.error.TimedOut: Timed out
2026-03-16 17:30:49,168 - crypto_bot - INFO - ✅ Telegram бот инициализирован
2026-03-17 01:33:09,988 - crypto_bot - INFO - ✅ Telegram бот инициализирован
2026-03-17 01:33:40,064 - crypto_bot - ERROR - Критическая ошибка основного цикла: Timed out
Traceback (most recent call last):
  File "C:\Users\user\Desktop\crypto_botV2\venv\Lib\site-packages\httpx\_transports\default.py", line 66, in map_httpcore_exceptions
    yield
  File "C:\Users\user\Desktop\crypto_botV2\venv\Lib\site-packages\httpx\_transports\default.py", line 366, in handle_async_request
    resp = await self._pool.handle_async_request(req)
           ^^^^^^^^^^^^^^^^^^^^^^^^^^^^^^^^^^^^^^^^^^
  File "C:\Users\user\Desktop\crypto_botV2\venv\Lib\site-packages\httpcore\_async\connection_pool.py", line 256, in handle_async_request
    raise exc from None
  File "C:\Users\user\Desktop\crypto_botV2\venv\Lib\site-packages\httpcore\_async\connection_pool.py", line 236, in handle_async_request
    response = await connection.handle_async_request(
               ^^^^^^^^^^^^^^^^^^^^^^^^^^^^^^^^^^^^^^
  File "C:\Users\user\Desktop\crypto_botV2\venv\Lib\site-packages\httpcore\_async\connection.py", line 101, in handle_async_request
    raise exc
  File "C:\Users\user\Desktop\crypto_botV2\venv\Lib\site-packages\httpcore\_async\connection.py", line 78, in handle_async_request
    stream = await self._connect(request)
             ^^^^^^^^^^^^^^^^^^^^^^^^^^^^
  File "C:\Users\user\Desktop\crypto_botV2\venv\Lib\site-packages\httpcore\_async\connection.py", line 156, in _connect
    stream = await stream.start_tls(**kwargs)
             ^^^^^^^^^^^^^^^^^^^^^^^^^^^^^^^^
  File "C:\Users\user\Desktop\crypto_botV2\venv\Lib\site-packages\httpcore\_backends\anyio.py", line 67, in start_tls
    with map_exceptions(exc_map):
  File "D:\Python 3.11\Lib\contextlib.py", line 158, in __exit__
    self.gen.throw(typ, value, traceback)
  File "C:\Users\user\Desktop\crypto_botV2\venv\Lib\site-packages\httpcore\_exceptions.py", line 14, in map_exceptions
    raise to_exc(exc) from exc
httpcore.ConnectTimeout

The above exception was the direct cause of the following exception:

Traceback (most recent call last):
  File "C:\Users\user\Desktop\crypto_botV2\venv\Lib\site-packages\telegram\request\_httpxrequest.py", line 268, in do_request
    res = await self._client.request(
          ^^^^^^^^^^^^^^^^^^^^^^^^^^^
  File "C:\Users\user\Desktop\crypto_botV2\venv\Lib\site-packages\httpx\_client.py", line 1530, in request
    return await self.send(request, auth=auth, follow_redirects=follow_redirects)
           ^^^^^^^^^^^^^^^^^^^^^^^^^^^^^^^^^^^^^^^^^^^^^^^^^^^^^^^^^^^^^^^^^^^^^^
  File "C:\Users\user\Desktop\crypto_botV2\venv\Lib\site-packages\httpx\_client.py", line 1617, in send
    response = await self._send_handling_auth(
               ^^^^^^^^^^^^^^^^^^^^^^^^^^^^^^^
  File "C:\Users\user\Desktop\crypto_botV2\venv\Lib\site-packages\httpx\_client.py", line 1645, in _send_handling_auth
    response = await self._send_handling_redirects(
               ^^^^^^^^^^^^^^^^^^^^^^^^^^^^^^^^^^^^
  File "C:\Users\user\Desktop\crypto_botV2\venv\Lib\site-packages\httpx\_client.py", line 1682, in _send_handling_redirects
    response = await self._send_single_request(request)
               ^^^^^^^^^^^^^^^^^^^^^^^^^^^^^^^^^^^^^^^^
  File "C:\Users\user\Desktop\crypto_botV2\venv\Lib\site-packages\httpx\_client.py", line 1719, in _send_single_request
    response = await transport.handle_async_request(request)
               ^^^^^^^^^^^^^^^^^^^^^^^^^^^^^^^^^^^^^^^^^^^^^
  File "C:\Users\user\Desktop\crypto_botV2\venv\Lib\site-packages\httpx\_transports\default.py", line 365, in handle_async_request
    with map_httpcore_exceptions():
  File "D:\Python 3.11\Lib\contextlib.py", line 158, in __exit__
    self.gen.throw(typ, value, traceback)
  File "C:\Users\user\Desktop\crypto_botV2\venv\Lib\site-packages\httpx\_transports\default.py", line 83, in map_httpcore_exceptions
    raise mapped_exc(message) from exc
httpx.ConnectTimeout

The above exception was the direct cause of the following exception:

Traceback (most recent call last):
  File "C:\Users\user\Desktop\crypto_botV2\main.py", line 18, in <module>
    main()
  File "C:\Users\user\Desktop\crypto_botV2\main.py", line 14, in main
    bot.run_polling()
  File "C:\Users\user\Desktop\crypto_botV2\telegram_bot\bot.py", line 137, in run_polling
    self.application.run_polling(drop_pending_updates=True)
  File "C:\Users\user\Desktop\crypto_botV2\venv\Lib\site-packages\telegram\ext\_application.py", line 818, in run_polling
    return self.__run(
           ^^^^^^^^^^^
  File "C:\Users\user\Desktop\crypto_botV2\venv\Lib\site-packages\telegram\ext\_application.py", line 1006, in __run
    raise exc
  File "C:\Users\user\Desktop\crypto_botV2\venv\Lib\site-packages\telegram\ext\_application.py", line 995, in __run
    loop.run_until_complete(self.initialize())
  File "D:\Python 3.11\Lib\asyncio\base_events.py", line 654, in run_until_complete
    return future.result()
           ^^^^^^^^^^^^^^^
  File "C:\Users\user\Desktop\crypto_botV2\venv\Lib\site-packages\telegram\ext\_application.py", line 477, in initialize
    await self.bot.initialize()
  File "C:\Users\user\Desktop\crypto_botV2\venv\Lib\site-packages\telegram\ext\_extbot.py", line 286, in initialize
    await super().initialize()
  File "C:\Users\user\Desktop\crypto_botV2\venv\Lib\site-packages\telegram\_bot.py", line 735, in initialize
    await self.get_me()
  File "C:\Users\user\Desktop\crypto_botV2\venv\Lib\site-packages\telegram\ext\_extbot.py", line 1697, in get_me
    return await super().get_me(
           ^^^^^^^^^^^^^^^^^^^^^
  File "C:\Users\user\Desktop\crypto_botV2\venv\Lib\site-packages\telegram\_bot.py", line 525, in decorator
    result = await func(self, *args, **kwargs)  # skipcq: PYL-E1102
             ^^^^^^^^^^^^^^^^^^^^^^^^^^^^^^^^^
  File "C:\Users\user\Desktop\crypto_botV2\venv\Lib\site-packages\telegram\_bot.py", line 775, in get_me
    result = await self._post(
             ^^^^^^^^^^^^^^^^^
  File "C:\Users\user\Desktop\crypto_botV2\venv\Lib\site-packages\telegram\_bot.py", line 613, in _post
    return await self._do_post(
           ^^^^^^^^^^^^^^^^^^^^
  File "C:\Users\user\Desktop\crypto_botV2\venv\Lib\site-packages\telegram\ext\_extbot.py", line 340, in _do_post
    return await super()._do_post(
           ^^^^^^^^^^^^^^^^^^^^^^^
  File "C:\Users\user\Desktop\crypto_botV2\venv\Lib\site-packages\telegram\_bot.py", line 641, in _do_post
    return await request.post(
           ^^^^^^^^^^^^^^^^^^^
  File "C:\Users\user\Desktop\crypto_botV2\venv\Lib\site-packages\telegram\request\_baserequest.py", line 200, in post
    result = await self._request_wrapper(
             ^^^^^^^^^^^^^^^^^^^^^^^^^^^^
  File "C:\Users\user\Desktop\crypto_botV2\venv\Lib\site-packages\telegram\request\_baserequest.py", line 340, in _request_wrapper
    raise exc
  File "C:\Users\user\Desktop\crypto_botV2\venv\Lib\site-packages\telegram\request\_baserequest.py", line 330, in _request_wrapper
    code, payload = await self.do_request(
                    ^^^^^^^^^^^^^^^^^^^^^^
  File "C:\Users\user\Desktop\crypto_botV2\venv\Lib\site-packages\telegram\request\_httpxrequest.py", line 285, in do_request
    raise TimedOut from err
telegram.error.TimedOut: Timed out
2026-03-17 01:34:03,454 - crypto_bot - INFO - ✅ Telegram бот инициализирован
2026-03-17 01:38:43,426 - crypto_bot - INFO - ✅ Telegram бот инициализирован
2026-03-18 20:30:16,395 - crypto_bot - INFO - ✅ Telegram бот инициализирован
2026-03-18 20:30:46,491 - crypto_bot - ERROR - Критическая ошибка основного цикла: Timed out
Traceback (most recent call last):
  File "C:\Users\user\Desktop\crypto_botV2\venv\Lib\site-packages\httpx\_transports\default.py", line 66, in map_httpcore_exceptions
    yield
  File "C:\Users\user\Desktop\crypto_botV2\venv\Lib\site-packages\httpx\_transports\default.py", line 366, in handle_async_request
    resp = await self._pool.handle_async_request(req)
           ^^^^^^^^^^^^^^^^^^^^^^^^^^^^^^^^^^^^^^^^^^
  File "C:\Users\user\Desktop\crypto_botV2\venv\Lib\site-packages\httpcore\_async\connection_pool.py", line 256, in handle_async_request
    raise exc from None
  File "C:\Users\user\Desktop\crypto_botV2\venv\Lib\site-packages\httpcore\_async\connection_pool.py", line 236, in handle_async_request
    response = await connection.handle_async_request(
               ^^^^^^^^^^^^^^^^^^^^^^^^^^^^^^^^^^^^^^
  File "C:\Users\user\Desktop\crypto_botV2\venv\Lib\site-packages\httpcore\_async\connection.py", line 101, in handle_async_request
    raise exc
  File "C:\Users\user\Desktop\crypto_botV2\venv\Lib\site-packages\httpcore\_async\connection.py", line 78, in handle_async_request
    stream = await self._connect(request)
             ^^^^^^^^^^^^^^^^^^^^^^^^^^^^
  File "C:\Users\user\Desktop\crypto_botV2\venv\Lib\site-packages\httpcore\_async\connection.py", line 156, in _connect
    stream = await stream.start_tls(**kwargs)
             ^^^^^^^^^^^^^^^^^^^^^^^^^^^^^^^^
  File "C:\Users\user\Desktop\crypto_botV2\venv\Lib\site-packages\httpcore\_backends\anyio.py", line 67, in start_tls
    with map_exceptions(exc_map):
  File "D:\Python 3.11\Lib\contextlib.py", line 158, in __exit__
    self.gen.throw(typ, value, traceback)
  File "C:\Users\user\Desktop\crypto_botV2\venv\Lib\site-packages\httpcore\_exceptions.py", line 14, in map_exceptions
    raise to_exc(exc) from exc
httpcore.ConnectTimeout

The above exception was the direct cause of the following exception:

Traceback (most recent call last):
  File "C:\Users\user\Desktop\crypto_botV2\venv\Lib\site-packages\telegram\request\_httpxrequest.py", line 268, in do_request
    res = await self._client.request(
          ^^^^^^^^^^^^^^^^^^^^^^^^^^^
  File "C:\Users\user\Desktop\crypto_botV2\venv\Lib\site-packages\httpx\_client.py", line 1530, in request
    return await self.send(request, auth=auth, follow_redirects=follow_redirects)
           ^^^^^^^^^^^^^^^^^^^^^^^^^^^^^^^^^^^^^^^^^^^^^^^^^^^^^^^^^^^^^^^^^^^^^^
  File "C:\Users\user\Desktop\crypto_botV2\venv\Lib\site-packages\httpx\_client.py", line 1617, in send
    response = await self._send_handling_auth(
               ^^^^^^^^^^^^^^^^^^^^^^^^^^^^^^^
  File "C:\Users\user\Desktop\crypto_botV2\venv\Lib\site-packages\httpx\_client.py", line 1645, in _send_handling_auth
    response = await self._send_handling_redirects(
               ^^^^^^^^^^^^^^^^^^^^^^^^^^^^^^^^^^^^
  File "C:\Users\user\Desktop\crypto_botV2\venv\Lib\site-packages\httpx\_client.py", line 1682, in _send_handling_redirects
    response = await self._send_single_request(request)
               ^^^^^^^^^^^^^^^^^^^^^^^^^^^^^^^^^^^^^^^^
  File "C:\Users\user\Desktop\crypto_botV2\venv\Lib\site-packages\httpx\_client.py", line 1719, in _send_single_request
    response = await transport.handle_async_request(request)
               ^^^^^^^^^^^^^^^^^^^^^^^^^^^^^^^^^^^^^^^^^^^^^
  File "C:\Users\user\Desktop\crypto_botV2\venv\Lib\site-packages\httpx\_transports\default.py", line 365, in handle_async_request
    with map_httpcore_exceptions():
  File "D:\Python 3.11\Lib\contextlib.py", line 158, in __exit__
    self.gen.throw(typ, value, traceback)
  File "C:\Users\user\Desktop\crypto_botV2\venv\Lib\site-packages\httpx\_transports\default.py", line 83, in map_httpcore_exceptions
    raise mapped_exc(message) from exc
httpx.ConnectTimeout

The above exception was the direct cause of the following exception:

Traceback (most recent call last):
  File "C:\Users\user\Desktop\crypto_botV2\main.py", line 22, in <module>
    main()
  File "C:\Users\user\Desktop\crypto_botV2\main.py", line 18, in main
    bot.run_polling()
  File "C:\Users\user\Desktop\crypto_botV2\telegram_bot\bot.py", line 167, in run_polling
    self.application.run_polling(drop_pending_updates=True)
  File "C:\Users\user\Desktop\crypto_botV2\venv\Lib\site-packages\telegram\ext\_application.py", line 818, in run_polling
    return self.__run(
           ^^^^^^^^^^^
  File "C:\Users\user\Desktop\crypto_botV2\venv\Lib\site-packages\telegram\ext\_application.py", line 1006, in __run
    raise exc
  File "C:\Users\user\Desktop\crypto_botV2\venv\Lib\site-packages\telegram\ext\_application.py", line 995, in __run
    loop.run_until_complete(self.initialize())
  File "D:\Python 3.11\Lib\asyncio\base_events.py", line 654, in run_until_complete
    return future.result()
           ^^^^^^^^^^^^^^^
  File "C:\Users\user\Desktop\crypto_botV2\venv\Lib\site-packages\telegram\ext\_application.py", line 477, in initialize
    await self.bot.initialize()
  File "C:\Users\user\Desktop\crypto_botV2\venv\Lib\site-packages\telegram\ext\_extbot.py", line 286, in initialize
    await super().initialize()
  File "C:\Users\user\Desktop\crypto_botV2\venv\Lib\site-packages\telegram\_bot.py", line 735, in initialize
    await self.get_me()
  File "C:\Users\user\Desktop\crypto_botV2\venv\Lib\site-packages\telegram\ext\_extbot.py", line 1697, in get_me
    return await super().get_me(
           ^^^^^^^^^^^^^^^^^^^^^
  File "C:\Users\user\Desktop\crypto_botV2\venv\Lib\site-packages\telegram\_bot.py", line 525, in decorator
    result = await func(self, *args, **kwargs)  # skipcq: PYL-E1102
             ^^^^^^^^^^^^^^^^^^^^^^^^^^^^^^^^^
  File "C:\Users\user\Desktop\crypto_botV2\venv\Lib\site-packages\telegram\_bot.py", line 775, in get_me
    result = await self._post(
             ^^^^^^^^^^^^^^^^^
  File "C:\Users\user\Desktop\crypto_botV2\venv\Lib\site-packages\telegram\_bot.py", line 613, in _post
    return await self._do_post(
           ^^^^^^^^^^^^^^^^^^^^
  File "C:\Users\user\Desktop\crypto_botV2\venv\Lib\site-packages\telegram\ext\_extbot.py", line 340, in _do_post
    return await super()._do_post(
           ^^^^^^^^^^^^^^^^^^^^^^^
  File "C:\Users\user\Desktop\crypto_botV2\venv\Lib\site-packages\telegram\_bot.py", line 641, in _do_post
    return await request.post(
           ^^^^^^^^^^^^^^^^^^^
  File "C:\Users\user\Desktop\crypto_botV2\venv\Lib\site-packages\telegram\request\_baserequest.py", line 200, in post
    result = await self._request_wrapper(
             ^^^^^^^^^^^^^^^^^^^^^^^^^^^^
  File "C:\Users\user\Desktop\crypto_botV2\venv\Lib\site-packages\telegram\request\_baserequest.py", line 340, in _request_wrapper
    raise exc
  File "C:\Users\user\Desktop\crypto_botV2\venv\Lib\site-packages\telegram\request\_baserequest.py", line 330, in _request_wrapper
    code, payload = await self.do_request(
                    ^^^^^^^^^^^^^^^^^^^^^^
  File "C:\Users\user\Desktop\crypto_botV2\venv\Lib\site-packages\telegram\request\_httpxrequest.py", line 285, in do_request
    raise TimedOut from err
telegram.error.TimedOut: Timed out
2026-03-18 20:34:20,467 - crypto_bot - INFO - 🚀 Starting bot...
2026-03-18 20:34:20,795 - crypto_bot - INFO - ✅ Telegram бот инициализирован
2026-03-18 20:34:20,795 - crypto_bot - INFO - 📡 Starting polling...
2026-03-18 20:34:37,505 - crypto_bot - INFO - ⚙️ Post init: starting scan_loop task
2026-03-18 20:34:37,505 - crypto_bot - INFO - 🚀 SCAN LOOP STARTED
2026-03-18 20:34:37,505 - crypto_bot - INFO - 🔍 Starting market scan...
2026-03-18 20:34:55,015 - crypto_bot - INFO - 📊 Signals found: 0
2026-03-18 20:34:55,016 - crypto_bot - INFO - ⏳ Sleeping for 3600 seconds
2026-03-18 20:35:55,926 - crypto_bot - INFO - 🚀 Starting bot...
2026-03-18 20:35:56,314 - crypto_bot - INFO - ✅ Telegram бот инициализирован
2026-03-18 20:35:56,314 - crypto_bot - INFO - 📡 Starting polling...
2026-03-18 20:35:56,315 - crypto_bot - ERROR - ❌ Polling crashed. Restarting in 5 seconds...
Traceback (most recent call last):
  File "C:\Users\user\Desktop\crypto_botV2\venv\Lib\site-packages\telegram\ext\_application.py", line 1006, in __run
    raise exc
  File "C:\Users\user\Desktop\crypto_botV2\venv\Lib\site-packages\telegram\ext\_application.py", line 995, in __run
    loop.run_until_complete(self.initialize())
  File "D:\Python 3.11\Lib\asyncio\base_events.py", line 629, in run_until_complete
    self._check_closed()
  File "D:\Python 3.11\Lib\asyncio\base_events.py", line 520, in _check_closed
    raise RuntimeError('Event loop is closed')
RuntimeError: Event loop is closed

During handling of the above exception, another exception occurred:

Traceback (most recent call last):
  File "C:\Users\user\Desktop\crypto_botV2\main.py", line 27, in main
    bot.run_polling()
  File "C:\Users\user\Desktop\crypto_botV2\telegram_bot\bot.py", line 167, in run_polling
    self.application.run_polling(drop_pending_updates=True)
  File "C:\Users\user\Desktop\crypto_botV2\venv\Lib\site-packages\telegram\ext\_application.py", line 818, in run_polling
    return self.__run(
           ^^^^^^^^^^^
  File "C:\Users\user\Desktop\crypto_botV2\venv\Lib\site-packages\telegram\ext\_application.py", line 1017, in __run
    loop.run_until_complete(self.shutdown())
  File "D:\Python 3.11\Lib\asyncio\base_events.py", line 629, in run_until_complete
    self._check_closed()
  File "D:\Python 3.11\Lib\asyncio\base_events.py", line 520, in _check_closed
    raise RuntimeError('Event loop is closed')
RuntimeError: Event loop is closed
2026-03-18 20:36:01,630 - crypto_bot - INFO - 🚀 Starting bot...
2026-03-18 20:36:02,005 - crypto_bot - INFO - ✅ Telegram бот инициализирован
2026-03-18 20:36:02,005 - crypto_bot - INFO - 📡 Starting polling...
2026-03-18 20:36:02,006 - crypto_bot - ERROR - ❌ Polling crashed. Restarting in 5 seconds...
Traceback (most recent call last):
  File "C:\Users\user\Desktop\crypto_botV2\venv\Lib\site-packages\telegram\ext\_application.py", line 1006, in __run
    raise exc
  File "C:\Users\user\Desktop\crypto_botV2\venv\Lib\site-packages\telegram\ext\_application.py", line 995, in __run
    loop.run_until_complete(self.initialize())
  File "D:\Python 3.11\Lib\asyncio\base_events.py", line 629, in run_until_complete
    self._check_closed()
  File "D:\Python 3.11\Lib\asyncio\base_events.py", line 520, in _check_closed
    raise RuntimeError('Event loop is closed')
RuntimeError: Event loop is closed

During handling of the above exception, another exception occurred:

Traceback (most recent call last):
  File "C:\Users\user\Desktop\crypto_botV2\main.py", line 27, in main
    bot.run_polling()
  File "C:\Users\user\Desktop\crypto_botV2\telegram_bot\bot.py", line 167, in run_polling
    self.application.run_polling(drop_pending_updates=True)
  File "C:\Users\user\Desktop\crypto_botV2\venv\Lib\site-packages\telegram\ext\_application.py", line 818, in run_polling
    return self.__run(
           ^^^^^^^^^^^
  File "C:\Users\user\Desktop\crypto_botV2\venv\Lib\site-packages\telegram\ext\_application.py", line 1017, in __run
    loop.run_until_complete(self.shutdown())
  File "D:\Python 3.11\Lib\asyncio\base_events.py", line 629, in run_until_complete
    self._check_closed()
  File "D:\Python 3.11\Lib\asyncio\base_events.py", line 520, in _check_closed
    raise RuntimeError('Event loop is closed')
RuntimeError: Event loop is closed
2026-03-18 20:41:40,200 - crypto_bot - INFO - 🚀 Starting bot...
2026-03-18 20:41:40,567 - crypto_bot - INFO - ✅ Telegram бот инициализирован
2026-03-18 20:41:40,567 - crypto_bot - INFO - 📡 Starting polling...
2026-03-18 20:42:10,668 - crypto_bot - ERROR - ❌ Polling crashed. Restarting in 5 seconds...
Traceback (most recent call last):
  File "C:\Users\user\Desktop\crypto_botV2\venv\Lib\site-packages\httpx\_transports\default.py", line 66, in map_httpcore_exceptions
    yield
  File "C:\Users\user\Desktop\crypto_botV2\venv\Lib\site-packages\httpx\_transports\default.py", line 366, in handle_async_request
    resp = await self._pool.handle_async_request(req)
           ^^^^^^^^^^^^^^^^^^^^^^^^^^^^^^^^^^^^^^^^^^
  File "C:\Users\user\Desktop\crypto_botV2\venv\Lib\site-packages\httpcore\_async\connection_pool.py", line 256, in handle_async_request
    raise exc from None
  File "C:\Users\user\Desktop\crypto_botV2\venv\Lib\site-packages\httpcore\_async\connection_pool.py", line 236, in handle_async_request
    response = await connection.handle_async_request(
               ^^^^^^^^^^^^^^^^^^^^^^^^^^^^^^^^^^^^^^
  File "C:\Users\user\Desktop\crypto_botV2\venv\Lib\site-packages\httpcore\_async\connection.py", line 101, in handle_async_request
    raise exc
  File "C:\Users\user\Desktop\crypto_botV2\venv\Lib\site-packages\httpcore\_async\connection.py", line 78, in handle_async_request
    stream = await self._connect(request)
             ^^^^^^^^^^^^^^^^^^^^^^^^^^^^
  File "C:\Users\user\Desktop\crypto_botV2\venv\Lib\site-packages\httpcore\_async\connection.py", line 156, in _connect
    stream = await stream.start_tls(**kwargs)
             ^^^^^^^^^^^^^^^^^^^^^^^^^^^^^^^^
  File "C:\Users\user\Desktop\crypto_botV2\venv\Lib\site-packages\httpcore\_backends\anyio.py", line 67, in start_tls
    with map_exceptions(exc_map):
  File "D:\Python 3.11\Lib\contextlib.py", line 158, in __exit__
    self.gen.throw(typ, value, traceback)
  File "C:\Users\user\Desktop\crypto_botV2\venv\Lib\site-packages\httpcore\_exceptions.py", line 14, in map_exceptions
    raise to_exc(exc) from exc
httpcore.ConnectTimeout

The above exception was the direct cause of the following exception:

Traceback (most recent call last):
  File "C:\Users\user\Desktop\crypto_botV2\venv\Lib\site-packages\telegram\request\_httpxrequest.py", line 268, in do_request
    res = await self._client.request(
          ^^^^^^^^^^^^^^^^^^^^^^^^^^^
  File "C:\Users\user\Desktop\crypto_botV2\venv\Lib\site-packages\httpx\_client.py", line 1530, in request
    return await self.send(request, auth=auth, follow_redirects=follow_redirects)
           ^^^^^^^^^^^^^^^^^^^^^^^^^^^^^^^^^^^^^^^^^^^^^^^^^^^^^^^^^^^^^^^^^^^^^^
  File "C:\Users\user\Desktop\crypto_botV2\venv\Lib\site-packages\httpx\_client.py", line 1617, in send
    response = await self._send_handling_auth(
               ^^^^^^^^^^^^^^^^^^^^^^^^^^^^^^^
  File "C:\Users\user\Desktop\crypto_botV2\venv\Lib\site-packages\httpx\_client.py", line 1645, in _send_handling_auth
    response = await self._send_handling_redirects(
               ^^^^^^^^^^^^^^^^^^^^^^^^^^^^^^^^^^^^
  File "C:\Users\user\Desktop\crypto_botV2\venv\Lib\site-packages\httpx\_client.py", line 1682, in _send_handling_redirects
    response = await self._send_single_request(request)
               ^^^^^^^^^^^^^^^^^^^^^^^^^^^^^^^^^^^^^^^^
  File "C:\Users\user\Desktop\crypto_botV2\venv\Lib\site-packages\httpx\_client.py", line 1719, in _send_single_request
    response = await transport.handle_async_request(request)
               ^^^^^^^^^^^^^^^^^^^^^^^^^^^^^^^^^^^^^^^^^^^^^
  File "C:\Users\user\Desktop\crypto_botV2\venv\Lib\site-packages\httpx\_transports\default.py", line 365, in handle_async_request
    with map_httpcore_exceptions():
  File "D:\Python 3.11\Lib\contextlib.py", line 158, in __exit__
    self.gen.throw(typ, value, traceback)
  File "C:\Users\user\Desktop\crypto_botV2\venv\Lib\site-packages\httpx\_transports\default.py", line 83, in map_httpcore_exceptions
    raise mapped_exc(message) from exc
httpx.ConnectTimeout

The above exception was the direct cause of the following exception:

Traceback (most recent call last):
  File "C:\Users\user\Desktop\crypto_botV2\main.py", line 27, in main
    bot.run_polling()
  File "C:\Users\user\Desktop\crypto_botV2\telegram_bot\bot.py", line 167, in run_polling
    self.application.run_polling(drop_pending_updates=True)
  File "C:\Users\user\Desktop\crypto_botV2\venv\Lib\site-packages\telegram\ext\_application.py", line 818, in run_polling
    return self.__run(
           ^^^^^^^^^^^
  File "C:\Users\user\Desktop\crypto_botV2\venv\Lib\site-packages\telegram\ext\_application.py", line 1006, in __run
    raise exc
  File "C:\Users\user\Desktop\crypto_botV2\venv\Lib\site-packages\telegram\ext\_application.py", line 995, in __run
    loop.run_until_complete(self.initialize())
  File "D:\Python 3.11\Lib\asyncio\base_events.py", line 654, in run_until_complete
    return future.result()
           ^^^^^^^^^^^^^^^
  File "C:\Users\user\Desktop\crypto_botV2\venv\Lib\site-packages\telegram\ext\_application.py", line 477, in initialize
    await self.bot.initialize()
  File "C:\Users\user\Desktop\crypto_botV2\venv\Lib\site-packages\telegram\ext\_extbot.py", line 286, in initialize
    await super().initialize()
  File "C:\Users\user\Desktop\crypto_botV2\venv\Lib\site-packages\telegram\_bot.py", line 735, in initialize
    await self.get_me()
  File "C:\Users\user\Desktop\crypto_botV2\venv\Lib\site-packages\telegram\ext\_extbot.py", line 1697, in get_me
    return await super().get_me(
           ^^^^^^^^^^^^^^^^^^^^^
  File "C:\Users\user\Desktop\crypto_botV2\venv\Lib\site-packages\telegram\_bot.py", line 525, in decorator
    result = await func(self, *args, **kwargs)  # skipcq: PYL-E1102
             ^^^^^^^^^^^^^^^^^^^^^^^^^^^^^^^^^
  File "C:\Users\user\Desktop\crypto_botV2\venv\Lib\site-packages\telegram\_bot.py", line 775, in get_me
    result = await self._post(
             ^^^^^^^^^^^^^^^^^
  File "C:\Users\user\Desktop\crypto_botV2\venv\Lib\site-packages\telegram\_bot.py", line 613, in _post
    return await self._do_post(
           ^^^^^^^^^^^^^^^^^^^^
  File "C:\Users\user\Desktop\crypto_botV2\venv\Lib\site-packages\telegram\ext\_extbot.py", line 340, in _do_post
    return await super()._do_post(
           ^^^^^^^^^^^^^^^^^^^^^^^
  File "C:\Users\user\Desktop\crypto_botV2\venv\Lib\site-packages\telegram\_bot.py", line 641, in _do_post
    return await request.post(
           ^^^^^^^^^^^^^^^^^^^
  File "C:\Users\user\Desktop\crypto_botV2\venv\Lib\site-packages\telegram\request\_baserequest.py", line 200, in post
    result = await self._request_wrapper(
             ^^^^^^^^^^^^^^^^^^^^^^^^^^^^
  File "C:\Users\user\Desktop\crypto_botV2\venv\Lib\site-packages\telegram\request\_baserequest.py", line 340, in _request_wrapper
    raise exc
  File "C:\Users\user\Desktop\crypto_botV2\venv\Lib\site-packages\telegram\request\_baserequest.py", line 330, in _request_wrapper
    code, payload = await self.do_request(
                    ^^^^^^^^^^^^^^^^^^^^^^
  File "C:\Users\user\Desktop\crypto_botV2\venv\Lib\site-packages\telegram\request\_httpxrequest.py", line 285, in do_request
    raise TimedOut from err
telegram.error.TimedOut: Timed out
2026-03-18 20:42:15,678 - crypto_bot - INFO - 🚀 Starting bot...
2026-03-18 20:42:16,020 - crypto_bot - INFO - ✅ Telegram бот инициализирован
2026-03-18 20:42:16,020 - crypto_bot - INFO - 📡 Starting polling...
2026-03-18 20:42:16,020 - crypto_bot - ERROR - ❌ Polling crashed. Restarting in 5 seconds...
Traceback (most recent call last):
  File "C:\Users\user\Desktop\crypto_botV2\venv\Lib\site-packages\telegram\ext\_application.py", line 1006, in __run
    raise exc
  File "C:\Users\user\Desktop\crypto_botV2\venv\Lib\site-packages\telegram\ext\_application.py", line 995, in __run
    loop.run_until_complete(self.initialize())
  File "D:\Python 3.11\Lib\asyncio\base_events.py", line 629, in run_until_complete
    self._check_closed()
  File "D:\Python 3.11\Lib\asyncio\base_events.py", line 520, in _check_closed
    raise RuntimeError('Event loop is closed')
RuntimeError: Event loop is closed

During handling of the above exception, another exception occurred:

Traceback (most recent call last):
  File "C:\Users\user\Desktop\crypto_botV2\main.py", line 27, in main
    bot.run_polling()
  File "C:\Users\user\Desktop\crypto_botV2\telegram_bot\bot.py", line 167, in run_polling
    self.application.run_polling(drop_pending_updates=True)
  File "C:\Users\user\Desktop\crypto_botV2\venv\Lib\site-packages\telegram\ext\_application.py", line 818, in run_polling
    return self.__run(
           ^^^^^^^^^^^
  File "C:\Users\user\Desktop\crypto_botV2\venv\Lib\site-packages\telegram\ext\_application.py", line 1017, in __run
    loop.run_until_complete(self.shutdown())
  File "D:\Python 3.11\Lib\asyncio\base_events.py", line 629, in run_until_complete
    self._check_closed()
  File "D:\Python 3.11\Lib\asyncio\base_events.py", line 520, in _check_closed
    raise RuntimeError('Event loop is closed')
RuntimeError: Event loop is closed
2026-03-18 20:42:21,036 - crypto_bot - INFO - 🚀 Starting bot...
2026-03-18 20:42:21,366 - crypto_bot - INFO - ✅ Telegram бот инициализирован
2026-03-18 20:42:21,366 - crypto_bot - INFO - 📡 Starting polling...
2026-03-18 20:42:21,380 - crypto_bot - ERROR - ❌ Polling crashed. Restarting in 5 seconds...
Traceback (most recent call last):
  File "C:\Users\user\Desktop\crypto_botV2\venv\Lib\site-packages\telegram\ext\_application.py", line 1006, in __run
    raise exc
  File "C:\Users\user\Desktop\crypto_botV2\venv\Lib\site-packages\telegram\ext\_application.py", line 995, in __run
    loop.run_until_complete(self.initialize())
  File "D:\Python 3.11\Lib\asyncio\base_events.py", line 629, in run_until_complete
    self._check_closed()
  File "D:\Python 3.11\Lib\asyncio\base_events.py", line 520, in _check_closed
    raise RuntimeError('Event loop is closed')
RuntimeError: Event loop is closed

During handling of the above exception, another exception occurred:

Traceback (most recent call last):
  File "C:\Users\user\Desktop\crypto_botV2\main.py", line 27, in main
    bot.run_polling()
  File "C:\Users\user\Desktop\crypto_botV2\telegram_bot\bot.py", line 167, in run_polling
    self.application.run_polling(drop_pending_updates=True)
  File "C:\Users\user\Desktop\crypto_botV2\venv\Lib\site-packages\telegram\ext\_application.py", line 818, in run_polling
    return self.__run(
           ^^^^^^^^^^^
  File "C:\Users\user\Desktop\crypto_botV2\venv\Lib\site-packages\telegram\ext\_application.py", line 1017, in __run
    loop.run_until_complete(self.shutdown())
  File "D:\Python 3.11\Lib\asyncio\base_events.py", line 629, in run_until_complete
    self._check_closed()
  File "D:\Python 3.11\Lib\asyncio\base_events.py", line 520, in _check_closed
    raise RuntimeError('Event loop is closed')
RuntimeError: Event loop is closed
2026-03-18 20:42:26,381 - crypto_bot - INFO - 🚀 Starting bot...
2026-03-18 20:42:26,707 - crypto_bot - INFO - ✅ Telegram бот инициализирован
2026-03-18 20:42:26,707 - crypto_bot - INFO - 📡 Starting polling...
2026-03-18 20:42:26,707 - crypto_bot - ERROR - ❌ Polling crashed. Restarting in 5 seconds...
Traceback (most recent call last):
  File "C:\Users\user\Desktop\crypto_botV2\venv\Lib\site-packages\telegram\ext\_application.py", line 1006, in __run
    raise exc
  File "C:\Users\user\Desktop\crypto_botV2\venv\Lib\site-packages\telegram\ext\_application.py", line 995, in __run
    loop.run_until_complete(self.initialize())
  File "D:\Python 3.11\Lib\asyncio\base_events.py", line 629, in run_until_complete
    self._check_closed()
  File "D:\Python 3.11\Lib\asyncio\base_events.py", line 520, in _check_closed
    raise RuntimeError('Event loop is closed')
RuntimeError: Event loop is closed

During handling of the above exception, another exception occurred:

Traceback (most recent call last):
  File "C:\Users\user\Desktop\crypto_botV2\main.py", line 27, in main
    bot.run_polling()
  File "C:\Users\user\Desktop\crypto_botV2\telegram_bot\bot.py", line 167, in run_polling
    self.application.run_polling(drop_pending_updates=True)
  File "C:\Users\user\Desktop\crypto_botV2\venv\Lib\site-packages\telegram\ext\_application.py", line 818, in run_polling
    return self.__run(
           ^^^^^^^^^^^
  File "C:\Users\user\Desktop\crypto_botV2\venv\Lib\site-packages\telegram\ext\_application.py", line 1017, in __run
    loop.run_until_complete(self.shutdown())
  File "D:\Python 3.11\Lib\asyncio\base_events.py", line 629, in run_until_complete
    self._check_closed()
  File "D:\Python 3.11\Lib\asyncio\base_events.py", line 520, in _check_closed
    raise RuntimeError('Event loop is closed')
RuntimeError: Event loop is closed
2026-03-18 20:42:31,716 - crypto_bot - INFO - 🚀 Starting bot...
2026-03-18 20:42:32,060 - crypto_bot - INFO - ✅ Telegram бот инициализирован
2026-03-18 20:42:32,060 - crypto_bot - INFO - 📡 Starting polling...
2026-03-18 20:42:32,061 - crypto_bot - ERROR - ❌ Polling crashed. Restarting in 5 seconds...
Traceback (most recent call last):
  File "C:\Users\user\Desktop\crypto_botV2\venv\Lib\site-packages\telegram\ext\_application.py", line 1006, in __run
    raise exc
  File "C:\Users\user\Desktop\crypto_botV2\venv\Lib\site-packages\telegram\ext\_application.py", line 995, in __run
    loop.run_until_complete(self.initialize())
  File "D:\Python 3.11\Lib\asyncio\base_events.py", line 629, in run_until_complete
    self._check_closed()
  File "D:\Python 3.11\Lib\asyncio\base_events.py", line 520, in _check_closed
    raise RuntimeError('Event loop is closed')
RuntimeError: Event loop is closed

During handling of the above exception, another exception occurred:

Traceback (most recent call last):
  File "C:\Users\user\Desktop\crypto_botV2\main.py", line 27, in main
    bot.run_polling()
  File "C:\Users\user\Desktop\crypto_botV2\telegram_bot\bot.py", line 167, in run_polling
    self.application.run_polling(drop_pending_updates=True)
  File "C:\Users\user\Desktop\crypto_botV2\venv\Lib\site-packages\telegram\ext\_application.py", line 818, in run_polling
    return self.__run(
           ^^^^^^^^^^^
  File "C:\Users\user\Desktop\crypto_botV2\venv\Lib\site-packages\telegram\ext\_application.py", line 1017, in __run
    loop.run_until_complete(self.shutdown())
  File "D:\Python 3.11\Lib\asyncio\base_events.py", line 629, in run_until_complete
    self._check_closed()
  File "D:\Python 3.11\Lib\asyncio\base_events.py", line 520, in _check_closed
    raise RuntimeError('Event loop is closed')
RuntimeError: Event loop is closed
2026-03-18 20:42:37,063 - crypto_bot - INFO - 🚀 Starting bot...
2026-03-18 20:42:37,418 - crypto_bot - INFO - ✅ Telegram бот инициализирован
2026-03-18 20:42:37,418 - crypto_bot - INFO - 📡 Starting polling...
2026-03-18 20:42:37,418 - crypto_bot - ERROR - ❌ Polling crashed. Restarting in 5 seconds...
Traceback (most recent call last):
  File "C:\Users\user\Desktop\crypto_botV2\venv\Lib\site-packages\telegram\ext\_application.py", line 1006, in __run
    raise exc
  File "C:\Users\user\Desktop\crypto_botV2\venv\Lib\site-packages\telegram\ext\_application.py", line 995, in __run
    loop.run_until_complete(self.initialize())
  File "D:\Python 3.11\Lib\asyncio\base_events.py", line 629, in run_until_complete
    self._check_closed()
  File "D:\Python 3.11\Lib\asyncio\base_events.py", line 520, in _check_closed
    raise RuntimeError('Event loop is closed')
RuntimeError: Event loop is closed

During handling of the above exception, another exception occurred:

Traceback (most recent call last):
  File "C:\Users\user\Desktop\crypto_botV2\main.py", line 27, in main
    bot.run_polling()
  File "C:\Users\user\Desktop\crypto_botV2\telegram_bot\bot.py", line 167, in run_polling
    self.application.run_polling(drop_pending_updates=True)
  File "C:\Users\user\Desktop\crypto_botV2\venv\Lib\site-packages\telegram\ext\_application.py", line 818, in run_polling
    return self.__run(
           ^^^^^^^^^^^
  File "C:\Users\user\Desktop\crypto_botV2\venv\Lib\site-packages\telegram\ext\_application.py", line 1017, in __run
    loop.run_until_complete(self.shutdown())
  File "D:\Python 3.11\Lib\asyncio\base_events.py", line 629, in run_until_complete
    self._check_closed()
  File "D:\Python 3.11\Lib\asyncio\base_events.py", line 520, in _check_closed
    raise RuntimeError('Event loop is closed')
RuntimeError: Event loop is closed
2026-03-18 20:52:40,146 - crypto_bot - INFO - 🚀 Starting bot...
2026-03-18 20:52:40,331 - crypto_bot - INFO - ⚙️ Building Telegram Application...
2026-03-18 20:52:40,508 - crypto_bot - INFO - 📦 Registering handlers...
2026-03-18 20:52:40,508 - crypto_bot - INFO - ✅ start handler registered
2026-03-18 20:52:40,508 - crypto_bot - INFO - ✅ help handler registered
2026-03-18 20:52:40,508 - crypto_bot - INFO - ✅ pairs handler registered
2026-03-18 20:52:40,508 - crypto_bot - INFO - ✅ signal handler registered
2026-03-18 20:52:40,508 - crypto_bot - INFO - ✅ status handler registered
2026-03-18 20:52:40,508 - crypto_bot - INFO - ✅ callback handler registered
2026-03-18 20:52:40,508 - crypto_bot - INFO - 📊 Handlers count: 1
2026-03-18 20:52:40,508 - crypto_bot - INFO - ✅ Telegram бот инициализирован
2026-03-18 20:52:40,508 - crypto_bot - INFO - 📡 Starting polling...
2026-03-18 20:53:11,515 - crypto_bot - INFO - ⚙️ Post init: starting scan_loop task
2026-03-18 20:53:11,515 - crypto_bot - INFO - 🚀 SCAN LOOP STARTED
2026-03-18 20:53:11,515 - crypto_bot - INFO - 🔍 Starting market scan...
2026-03-18 20:53:16,189 - crypto_bot - INFO - 📈 Top symbols fetched: 25
2026-03-18 20:53:21,640 - crypto_bot - INFO - 🔥 Active symbols after filter: 23
2026-03-18 20:53:21,640 - crypto_bot - INFO - 🔍 Scanning BTC/USDT:USDT
2026-03-18 20:53:21,855 - crypto_bot - INFO - ❌ No signal: BTCUSDT
2026-03-18 20:53:21,855 - crypto_bot - INFO - 🔍 Scanning ETH/USDT:USDT
2026-03-18 20:53:22,070 - crypto_bot - INFO - ❌ No signal: ETHUSDT
2026-03-18 20:53:22,070 - crypto_bot - INFO - 🔍 Scanning SOL/USDT:USDT
2026-03-18 20:53:22,439 - crypto_bot - INFO - ❌ No signal: SOLUSDT
2026-03-18 20:53:22,439 - crypto_bot - INFO - 🔍 Scanning XRP/USDT:USDT
2026-03-18 20:53:22,668 - crypto_bot - INFO - ❌ No signal: XRPUSDT
2026-03-18 20:53:22,668 - crypto_bot - INFO - 🔍 Scanning HYPE/USDT:USDT
2026-03-18 20:53:22,891 - crypto_bot - INFO - ❌ No signal: HYPEUSDT
2026-03-18 20:53:22,891 - crypto_bot - INFO - 🔍 Scanning DOGE/USDT:USDT
2026-03-18 20:53:23,108 - crypto_bot - INFO - ❌ No signal: DOGEUSDT
2026-03-18 20:53:23,108 - crypto_bot - INFO - 🔍 Scanning BARD/USDT:USDT
2026-03-18 20:53:23,321 - crypto_bot - INFO - ❌ No signal: BARDUSDT
2026-03-18 20:53:23,321 - crypto_bot - INFO - 🔍 Scanning 1000PEPE/USDT:USDT
2026-03-18 20:53:23,531 - crypto_bot - INFO - ❌ No signal: 1000PEPEUSDT
2026-03-18 20:53:23,531 - crypto_bot - INFO - 🔍 Scanning ZEC/USDT:USDT
2026-03-18 20:53:23,755 - crypto_bot - INFO - ❌ No signal: ZECUSDT
2026-03-18 20:53:23,755 - crypto_bot - INFO - 🔍 Scanning LYN/USDT:USDT
2026-03-18 20:53:23,972 - crypto_bot - INFO - ❌ No signal: LYNUSDT
2026-03-18 20:53:23,972 - crypto_bot - INFO - 🔍 Scanning PIPPIN/USDT:USDT
2026-03-18 20:53:24,188 - crypto_bot - INFO - ❌ No signal: PIPPINUSDT
2026-03-18 20:53:24,189 - crypto_bot - INFO - 🔍 Scanning TAO/USDT:USDT
2026-03-18 20:53:24,396 - crypto_bot - INFO - ❌ No signal: TAOUSDT
2026-03-18 20:53:24,396 - crypto_bot - INFO - 🔍 Scanning RIVER/USDT:USDT
2026-03-18 20:53:24,619 - crypto_bot - INFO - ❌ No signal: RIVERUSDT
2026-03-18 20:53:24,619 - crypto_bot - INFO - 🔍 Scanning ADA/USDT:USDT
2026-03-18 20:53:24,837 - crypto_bot - INFO - ❌ No signal: ADAUSDT
2026-03-18 20:53:24,837 - crypto_bot - INFO - 🔍 Scanning TRUMP/USDT:USDT
2026-03-18 20:53:25,047 - crypto_bot - INFO - ❌ No signal: TRUMPUSDT
2026-03-18 20:53:25,047 - crypto_bot - INFO - 🔍 Scanning ASTER/USDT:USDT
2026-03-18 20:53:25,265 - crypto_bot - INFO - ❌ No signal: ASTERUSDT
2026-03-18 20:53:25,265 - crypto_bot - INFO - 🔍 Scanning SUI/USDT:USDT
2026-03-18 20:53:25,473 - crypto_bot - INFO - ❌ No signal: SUIUSDT
2026-03-18 20:53:25,473 - crypto_bot - INFO - 🔍 Scanning ENJ/USDT:USDT
2026-03-18 20:53:25,694 - crypto_bot - INFO - ❌ No signal: ENJUSDT
2026-03-18 20:53:25,695 - crypto_bot - INFO - 🔍 Scanning BAN/USDT:USDT
2026-03-18 20:53:25,910 - crypto_bot - INFO - ❌ No signal: BANUSDT
2026-03-18 20:53:25,910 - crypto_bot - INFO - 🔍 Scanning NEAR/USDT:USDT
2026-03-18 20:53:26,122 - crypto_bot - INFO - ❌ No signal: NEARUSDT
2026-03-18 20:53:26,122 - crypto_bot - INFO - 🔍 Scanning 1000BONK/USDT:USDT
2026-03-18 20:53:26,340 - crypto_bot - INFO - ❌ No signal: 1000BONKUSDT
2026-03-18 20:53:26,340 - crypto_bot - INFO - 🔍 Scanning ANKR/USDT:USDT
2026-03-18 20:53:26,554 - crypto_bot - INFO - ❌ No signal: ANKRUSDT
2026-03-18 20:53:26,554 - crypto_bot - INFO - 🔍 Scanning LINK/USDT:USDT
2026-03-18 20:53:26,770 - crypto_bot - INFO - ❌ No signal: LINKUSDT
2026-03-18 20:53:26,771 - crypto_bot - INFO - 📊 Total signals after scan: 0
2026-03-18 20:53:26,771 - crypto_bot - INFO - 📊 Signals found: 0
2026-03-18 20:53:26,771 - crypto_bot - INFO - ⏳ Sleeping for 3600 seconds
2026-03-18 20:56:57,522 - crypto_bot - INFO - 🛑 Остановка по KeyboardInterrupt
2026-03-18 20:59:16,681 - crypto_bot - INFO - 🚀 Starting bot...
2026-03-18 20:59:16,868 - crypto_bot - INFO - ⚙️ Building Telegram Application...
2026-03-18 20:59:17,040 - crypto_bot - INFO - 📦 Registering handlers...
2026-03-18 20:59:17,040 - crypto_bot - INFO - ✅ start handler registered
2026-03-18 20:59:17,040 - crypto_bot - INFO - ✅ help handler registered
2026-03-18 20:59:17,040 - crypto_bot - INFO - ✅ pairs handler registered
2026-03-18 20:59:17,040 - crypto_bot - INFO - ✅ signal handler registered
2026-03-18 20:59:17,040 - crypto_bot - INFO - ✅ status handler registered
2026-03-18 20:59:17,040 - crypto_bot - INFO - ✅ callback handler registered
2026-03-18 20:59:17,040 - crypto_bot - INFO - 📊 Handlers count: 1
2026-03-18 20:59:17,040 - crypto_bot - INFO - ✅ Telegram бот инициализирован
2026-03-18 20:59:17,040 - crypto_bot - INFO - 📡 Starting polling...
2026-03-18 20:59:47,146 - crypto_bot - ERROR - ❌ Polling crashed. Restarting in 5 seconds...
Traceback (most recent call last):
  File "C:\Users\user\Desktop\crypto_botV2\venv\Lib\site-packages\httpx\_transports\default.py", line 66, in map_httpcore_exceptions
    yield
  File "C:\Users\user\Desktop\crypto_botV2\venv\Lib\site-packages\httpx\_transports\default.py", line 366, in handle_async_request
    resp = await self._pool.handle_async_request(req)
           ^^^^^^^^^^^^^^^^^^^^^^^^^^^^^^^^^^^^^^^^^^
  File "C:\Users\user\Desktop\crypto_botV2\venv\Lib\site-packages\httpcore\_async\connection_pool.py", line 256, in handle_async_request
    raise exc from None
  File "C:\Users\user\Desktop\crypto_botV2\venv\Lib\site-packages\httpcore\_async\connection_pool.py", line 236, in handle_async_request
    response = await connection.handle_async_request(
               ^^^^^^^^^^^^^^^^^^^^^^^^^^^^^^^^^^^^^^
  File "C:\Users\user\Desktop\crypto_botV2\venv\Lib\site-packages\httpcore\_async\connection.py", line 101, in handle_async_request
    raise exc
  File "C:\Users\user\Desktop\crypto_botV2\venv\Lib\site-packages\httpcore\_async\connection.py", line 78, in handle_async_request
    stream = await self._connect(request)
             ^^^^^^^^^^^^^^^^^^^^^^^^^^^^
  File "C:\Users\user\Desktop\crypto_botV2\venv\Lib\site-packages\httpcore\_async\connection.py", line 156, in _connect
    stream = await stream.start_tls(**kwargs)
             ^^^^^^^^^^^^^^^^^^^^^^^^^^^^^^^^
  File "C:\Users\user\Desktop\crypto_botV2\venv\Lib\site-packages\httpcore\_backends\anyio.py", line 67, in start_tls
    with map_exceptions(exc_map):
  File "D:\Python 3.11\Lib\contextlib.py", line 158, in __exit__
    self.gen.throw(typ, value, traceback)
  File "C:\Users\user\Desktop\crypto_botV2\venv\Lib\site-packages\httpcore\_exceptions.py", line 14, in map_exceptions
    raise to_exc(exc) from exc
httpcore.ConnectTimeout

The above exception was the direct cause of the following exception:

Traceback (most recent call last):
  File "C:\Users\user\Desktop\crypto_botV2\venv\Lib\site-packages\telegram\request\_httpxrequest.py", line 268, in do_request
    res = await self._client.request(
          ^^^^^^^^^^^^^^^^^^^^^^^^^^^
  File "C:\Users\user\Desktop\crypto_botV2\venv\Lib\site-packages\httpx\_client.py", line 1530, in request
    return await self.send(request, auth=auth, follow_redirects=follow_redirects)
           ^^^^^^^^^^^^^^^^^^^^^^^^^^^^^^^^^^^^^^^^^^^^^^^^^^^^^^^^^^^^^^^^^^^^^^
  File "C:\Users\user\Desktop\crypto_botV2\venv\Lib\site-packages\httpx\_client.py", line 1617, in send
    response = await self._send_handling_auth(
               ^^^^^^^^^^^^^^^^^^^^^^^^^^^^^^^
  File "C:\Users\user\Desktop\crypto_botV2\venv\Lib\site-packages\httpx\_client.py", line 1645, in _send_handling_auth
    response = await self._send_handling_redirects(
               ^^^^^^^^^^^^^^^^^^^^^^^^^^^^^^^^^^^^
  File "C:\Users\user\Desktop\crypto_botV2\venv\Lib\site-packages\httpx\_client.py", line 1682, in _send_handling_redirects
    response = await self._send_single_request(request)
               ^^^^^^^^^^^^^^^^^^^^^^^^^^^^^^^^^^^^^^^^
  File "C:\Users\user\Desktop\crypto_botV2\venv\Lib\site-packages\httpx\_client.py", line 1719, in _send_single_request
    response = await transport.handle_async_request(request)
               ^^^^^^^^^^^^^^^^^^^^^^^^^^^^^^^^^^^^^^^^^^^^^
  File "C:\Users\user\Desktop\crypto_botV2\venv\Lib\site-packages\httpx\_transports\default.py", line 365, in handle_async_request
    with map_httpcore_exceptions():
  File "D:\Python 3.11\Lib\contextlib.py", line 158, in __exit__
    self.gen.throw(typ, value, traceback)
  File "C:\Users\user\Desktop\crypto_botV2\venv\Lib\site-packages\httpx\_transports\default.py", line 83, in map_httpcore_exceptions
    raise mapped_exc(message) from exc
httpx.ConnectTimeout

The above exception was the direct cause of the following exception:

Traceback (most recent call last):
  File "C:\Users\user\Desktop\crypto_botV2\main.py", line 27, in main
    bot.run_polling()
  File "C:\Users\user\Desktop\crypto_botV2\telegram_bot\bot.py", line 181, in run_polling
    self.application.run_polling(drop_pending_updates=True)
  File "C:\Users\user\Desktop\crypto_botV2\venv\Lib\site-packages\telegram\ext\_application.py", line 818, in run_polling
    return self.__run(
           ^^^^^^^^^^^
  File "C:\Users\user\Desktop\crypto_botV2\venv\Lib\site-packages\telegram\ext\_application.py", line 1006, in __run
    raise exc
  File "C:\Users\user\Desktop\crypto_botV2\venv\Lib\site-packages\telegram\ext\_application.py", line 995, in __run
    loop.run_until_complete(self.initialize())
  File "D:\Python 3.11\Lib\asyncio\base_events.py", line 654, in run_until_complete
    return future.result()
           ^^^^^^^^^^^^^^^
  File "C:\Users\user\Desktop\crypto_botV2\venv\Lib\site-packages\telegram\ext\_application.py", line 477, in initialize
    await self.bot.initialize()
  File "C:\Users\user\Desktop\crypto_botV2\venv\Lib\site-packages\telegram\ext\_extbot.py", line 286, in initialize
    await super().initialize()
  File "C:\Users\user\Desktop\crypto_botV2\venv\Lib\site-packages\telegram\_bot.py", line 735, in initialize
    await self.get_me()
  File "C:\Users\user\Desktop\crypto_botV2\venv\Lib\site-packages\telegram\ext\_extbot.py", line 1697, in get_me
    return await super().get_me(
           ^^^^^^^^^^^^^^^^^^^^^
  File "C:\Users\user\Desktop\crypto_botV2\venv\Lib\site-packages\telegram\_bot.py", line 525, in decorator
    result = await func(self, *args, **kwargs)  # skipcq: PYL-E1102
             ^^^^^^^^^^^^^^^^^^^^^^^^^^^^^^^^^
  File "C:\Users\user\Desktop\crypto_botV2\venv\Lib\site-packages\telegram\_bot.py", line 775, in get_me
    result = await self._post(
             ^^^^^^^^^^^^^^^^^
  File "C:\Users\user\Desktop\crypto_botV2\venv\Lib\site-packages\telegram\_bot.py", line 613, in _post
    return await self._do_post(
           ^^^^^^^^^^^^^^^^^^^^
  File "C:\Users\user\Desktop\crypto_botV2\venv\Lib\site-packages\telegram\ext\_extbot.py", line 340, in _do_post
    return await super()._do_post(
           ^^^^^^^^^^^^^^^^^^^^^^^
  File "C:\Users\user\Desktop\crypto_botV2\venv\Lib\site-packages\telegram\_bot.py", line 641, in _do_post
    return await request.post(
           ^^^^^^^^^^^^^^^^^^^
  File "C:\Users\user\Desktop\crypto_botV2\venv\Lib\site-packages\telegram\request\_baserequest.py", line 200, in post
    result = await self._request_wrapper(
             ^^^^^^^^^^^^^^^^^^^^^^^^^^^^
  File "C:\Users\user\Desktop\crypto_botV2\venv\Lib\site-packages\telegram\request\_baserequest.py", line 340, in _request_wrapper
    raise exc
  File "C:\Users\user\Desktop\crypto_botV2\venv\Lib\site-packages\telegram\request\_baserequest.py", line 330, in _request_wrapper
    code, payload = await self.do_request(
                    ^^^^^^^^^^^^^^^^^^^^^^
  File "C:\Users\user\Desktop\crypto_botV2\venv\Lib\site-packages\telegram\request\_httpxrequest.py", line 285, in do_request
    raise TimedOut from err
telegram.error.TimedOut: Timed out
2026-03-18 20:59:52,155 - crypto_bot - INFO - 🚀 Starting bot...
2026-03-18 20:59:52,336 - crypto_bot - INFO - ⚙️ Building Telegram Application...
2026-03-18 20:59:52,501 - crypto_bot - INFO - 📦 Registering handlers...
2026-03-18 20:59:52,501 - crypto_bot - INFO - ✅ start handler registered
2026-03-18 20:59:52,501 - crypto_bot - INFO - ✅ help handler registered
2026-03-18 20:59:52,501 - crypto_bot - INFO - ✅ pairs handler registered
2026-03-18 20:59:52,501 - crypto_bot - INFO - ✅ signal handler registered
2026-03-18 20:59:52,501 - crypto_bot - INFO - ✅ status handler registered
2026-03-18 20:59:52,501 - crypto_bot - INFO - ✅ callback handler registered
2026-03-18 20:59:52,501 - crypto_bot - INFO - 📊 Handlers count: 1
2026-03-18 20:59:52,501 - crypto_bot - INFO - ✅ Telegram бот инициализирован
2026-03-18 20:59:52,501 - crypto_bot - INFO - 📡 Starting polling...
2026-03-18 20:59:52,501 - crypto_bot - ERROR - ❌ Polling crashed. Restarting in 5 seconds...
Traceback (most recent call last):
  File "C:\Users\user\Desktop\crypto_botV2\venv\Lib\site-packages\telegram\ext\_application.py", line 1006, in __run
    raise exc
  File "C:\Users\user\Desktop\crypto_botV2\venv\Lib\site-packages\telegram\ext\_application.py", line 995, in __run
    loop.run_until_complete(self.initialize())
  File "D:\Python 3.11\Lib\asyncio\base_events.py", line 629, in run_until_complete
    self._check_closed()
  File "D:\Python 3.11\Lib\asyncio\base_events.py", line 520, in _check_closed
    raise RuntimeError('Event loop is closed')
RuntimeError: Event loop is closed

During handling of the above exception, another exception occurred:

Traceback (most recent call last):
  File "C:\Users\user\Desktop\crypto_botV2\main.py", line 27, in main
    bot.run_polling()
  File "C:\Users\user\Desktop\crypto_botV2\telegram_bot\bot.py", line 181, in run_polling
    self.application.run_polling(drop_pending_updates=True)
  File "C:\Users\user\Desktop\crypto_botV2\venv\Lib\site-packages\telegram\ext\_application.py", line 818, in run_polling
    return self.__run(
           ^^^^^^^^^^^
  File "C:\Users\user\Desktop\crypto_botV2\venv\Lib\site-packages\telegram\ext\_application.py", line 1017, in __run
    loop.run_until_complete(self.shutdown())
  File "D:\Python 3.11\Lib\asyncio\base_events.py", line 629, in run_until_complete
    self._check_closed()
  File "D:\Python 3.11\Lib\asyncio\base_events.py", line 520, in _check_closed
    raise RuntimeError('Event loop is closed')
RuntimeError: Event loop is closed
2026-03-18 20:59:57,509 - crypto_bot - INFO - 🚀 Starting bot...
2026-03-18 20:59:57,696 - crypto_bot - INFO - ⚙️ Building Telegram Application...
2026-03-18 20:59:57,855 - crypto_bot - INFO - 📦 Registering handlers...
2026-03-18 20:59:57,855 - crypto_bot - INFO - ✅ start handler registered
2026-03-18 20:59:57,855 - crypto_bot - INFO - ✅ help handler registered
2026-03-18 20:59:57,855 - crypto_bot - INFO - ✅ pairs handler registered
2026-03-18 20:59:57,855 - crypto_bot - INFO - ✅ signal handler registered
2026-03-18 20:59:57,855 - crypto_bot - INFO - ✅ status handler registered
2026-03-18 20:59:57,855 - crypto_bot - INFO - ✅ callback handler registered
2026-03-18 20:59:57,855 - crypto_bot - INFO - 📊 Handlers count: 1
2026-03-18 20:59:57,855 - crypto_bot - INFO - ✅ Telegram бот инициализирован
2026-03-18 20:59:57,868 - crypto_bot - INFO - 📡 Starting polling...
2026-03-18 20:59:57,868 - crypto_bot - ERROR - ❌ Polling crashed. Restarting in 5 seconds...
Traceback (most recent call last):
  File "C:\Users\user\Desktop\crypto_botV2\venv\Lib\site-packages\telegram\ext\_application.py", line 1006, in __run
    raise exc
  File "C:\Users\user\Desktop\crypto_botV2\venv\Lib\site-packages\telegram\ext\_application.py", line 995, in __run
    loop.run_until_complete(self.initialize())
  File "D:\Python 3.11\Lib\asyncio\base_events.py", line 629, in run_until_complete
    self._check_closed()
  File "D:\Python 3.11\Lib\asyncio\base_events.py", line 520, in _check_closed
    raise RuntimeError('Event loop is closed')
RuntimeError: Event loop is closed

During handling of the above exception, another exception occurred:

Traceback (most recent call last):
  File "C:\Users\user\Desktop\crypto_botV2\main.py", line 27, in main
    bot.run_polling()
  File "C:\Users\user\Desktop\crypto_botV2\telegram_bot\bot.py", line 181, in run_polling
    self.application.run_polling(drop_pending_updates=True)
  File "C:\Users\user\Desktop\crypto_botV2\venv\Lib\site-packages\telegram\ext\_application.py", line 818, in run_polling
    return self.__run(
           ^^^^^^^^^^^
  File "C:\Users\user\Desktop\crypto_botV2\venv\Lib\site-packages\telegram\ext\_application.py", line 1017, in __run
    loop.run_until_complete(self.shutdown())
  File "D:\Python 3.11\Lib\asyncio\base_events.py", line 629, in run_until_complete
    self._check_closed()
  File "D:\Python 3.11\Lib\asyncio\base_events.py", line 520, in _check_closed
    raise RuntimeError('Event loop is closed')
RuntimeError: Event loop is closed
2026-03-18 21:00:02,873 - crypto_bot - INFO - 🚀 Starting bot...
2026-03-18 21:00:03,046 - crypto_bot - INFO - ⚙️ Building Telegram Application...
2026-03-18 21:00:03,216 - crypto_bot - INFO - 📦 Registering handlers...
2026-03-18 21:00:03,216 - crypto_bot - INFO - ✅ start handler registered
2026-03-18 21:00:03,216 - crypto_bot - INFO - ✅ help handler registered
2026-03-18 21:00:03,216 - crypto_bot - INFO - ✅ pairs handler registered
2026-03-18 21:00:03,216 - crypto_bot - INFO - ✅ signal handler registered
2026-03-18 21:00:03,216 - crypto_bot - INFO - ✅ status handler registered
2026-03-18 21:00:03,216 - crypto_bot - INFO - ✅ callback handler registered
2026-03-18 21:00:03,216 - crypto_bot - INFO - 📊 Handlers count: 1
2026-03-18 21:00:03,216 - crypto_bot - INFO - ✅ Telegram бот инициализирован
2026-03-18 21:00:03,216 - crypto_bot - INFO - 📡 Starting polling...
2026-03-18 21:00:03,216 - crypto_bot - ERROR - ❌ Polling crashed. Restarting in 5 seconds...
Traceback (most recent call last):
  File "C:\Users\user\Desktop\crypto_botV2\venv\Lib\site-packages\telegram\ext\_application.py", line 1006, in __run
    raise exc
  File "C:\Users\user\Desktop\crypto_botV2\venv\Lib\site-packages\telegram\ext\_application.py", line 995, in __run
    loop.run_until_complete(self.initialize())
  File "D:\Python 3.11\Lib\asyncio\base_events.py", line 629, in run_until_complete
    self._check_closed()
  File "D:\Python 3.11\Lib\asyncio\base_events.py", line 520, in _check_closed
    raise RuntimeError('Event loop is closed')
RuntimeError: Event loop is closed

During handling of the above exception, another exception occurred:

Traceback (most recent call last):
  File "C:\Users\user\Desktop\crypto_botV2\main.py", line 27, in main
    bot.run_polling()
  File "C:\Users\user\Desktop\crypto_botV2\telegram_bot\bot.py", line 181, in run_polling
    self.application.run_polling(drop_pending_updates=True)
  File "C:\Users\user\Desktop\crypto_botV2\venv\Lib\site-packages\telegram\ext\_application.py", line 818, in run_polling
    return self.__run(
           ^^^^^^^^^^^
  File "C:\Users\user\Desktop\crypto_botV2\venv\Lib\site-packages\telegram\ext\_application.py", line 1017, in __run
    loop.run_until_complete(self.shutdown())
  File "D:\Python 3.11\Lib\asyncio\base_events.py", line 629, in run_until_complete
    self._check_closed()
  File "D:\Python 3.11\Lib\asyncio\base_events.py", line 520, in _check_closed
    raise RuntimeError('Event loop is closed')
RuntimeError: Event loop is closed
2026-03-18 21:01:47,144 - crypto_bot - INFO - 🚀 Starting bot...
2026-03-18 21:01:47,299 - crypto_bot - INFO - ⚙️ Building Telegram Application...
2026-03-18 21:01:47,479 - crypto_bot - INFO - 📦 Registering handlers...
2026-03-18 21:01:47,479 - crypto_bot - INFO - ✅ start handler registered
2026-03-18 21:01:47,479 - crypto_bot - INFO - ✅ help handler registered
2026-03-18 21:01:47,479 - crypto_bot - INFO - ✅ pairs handler registered
2026-03-18 21:01:47,479 - crypto_bot - INFO - ✅ signal handler registered
2026-03-18 21:01:47,479 - crypto_bot - INFO - ✅ status handler registered
2026-03-18 21:01:47,479 - crypto_bot - INFO - ✅ callback handler registered
2026-03-18 21:01:47,479 - crypto_bot - INFO - 📊 Handlers count: 1
2026-03-18 21:01:47,479 - crypto_bot - INFO - ✅ Telegram бот инициализирован
2026-03-18 21:01:47,479 - crypto_bot - INFO - 📡 Starting polling...
2026-03-18 21:02:47,549 - crypto_bot - ERROR - ❌ Polling crashed. Restarting in 5 seconds...
Traceback (most recent call last):
  File "C:\Users\user\Desktop\crypto_botV2\venv\Lib\site-packages\httpx\_transports\default.py", line 66, in map_httpcore_exceptions
    yield
  File "C:\Users\user\Desktop\crypto_botV2\venv\Lib\site-packages\httpx\_transports\default.py", line 366, in handle_async_request
    resp = await self._pool.handle_async_request(req)
           ^^^^^^^^^^^^^^^^^^^^^^^^^^^^^^^^^^^^^^^^^^
  File "C:\Users\user\Desktop\crypto_botV2\venv\Lib\site-packages\httpcore\_async\connection_pool.py", line 256, in handle_async_request
    raise exc from None
  File "C:\Users\user\Desktop\crypto_botV2\venv\Lib\site-packages\httpcore\_async\connection_pool.py", line 236, in handle_async_request
    response = await connection.handle_async_request(
               ^^^^^^^^^^^^^^^^^^^^^^^^^^^^^^^^^^^^^^
  File "C:\Users\user\Desktop\crypto_botV2\venv\Lib\site-packages\httpcore\_async\connection.py", line 101, in handle_async_request
    raise exc
  File "C:\Users\user\Desktop\crypto_botV2\venv\Lib\site-packages\httpcore\_async\connection.py", line 78, in handle_async_request
    stream = await self._connect(request)
             ^^^^^^^^^^^^^^^^^^^^^^^^^^^^
  File "C:\Users\user\Desktop\crypto_botV2\venv\Lib\site-packages\httpcore\_async\connection.py", line 156, in _connect
    stream = await stream.start_tls(**kwargs)
             ^^^^^^^^^^^^^^^^^^^^^^^^^^^^^^^^
  File "C:\Users\user\Desktop\crypto_botV2\venv\Lib\site-packages\httpcore\_backends\anyio.py", line 67, in start_tls
    with map_exceptions(exc_map):
  File "D:\Python 3.11\Lib\contextlib.py", line 158, in __exit__
    self.gen.throw(typ, value, traceback)
  File "C:\Users\user\Desktop\crypto_botV2\venv\Lib\site-packages\httpcore\_exceptions.py", line 14, in map_exceptions
    raise to_exc(exc) from exc
httpcore.ConnectTimeout

The above exception was the direct cause of the following exception:

Traceback (most recent call last):
  File "C:\Users\user\Desktop\crypto_botV2\venv\Lib\site-packages\telegram\request\_httpxrequest.py", line 268, in do_request
    res = await self._client.request(
          ^^^^^^^^^^^^^^^^^^^^^^^^^^^
  File "C:\Users\user\Desktop\crypto_botV2\venv\Lib\site-packages\httpx\_client.py", line 1530, in request
    return await self.send(request, auth=auth, follow_redirects=follow_redirects)
           ^^^^^^^^^^^^^^^^^^^^^^^^^^^^^^^^^^^^^^^^^^^^^^^^^^^^^^^^^^^^^^^^^^^^^^
  File "C:\Users\user\Desktop\crypto_botV2\venv\Lib\site-packages\httpx\_client.py", line 1617, in send
    response = await self._send_handling_auth(
               ^^^^^^^^^^^^^^^^^^^^^^^^^^^^^^^
  File "C:\Users\user\Desktop\crypto_botV2\venv\Lib\site-packages\httpx\_client.py", line 1645, in _send_handling_auth
    response = await self._send_handling_redirects(
               ^^^^^^^^^^^^^^^^^^^^^^^^^^^^^^^^^^^^
  File "C:\Users\user\Desktop\crypto_botV2\venv\Lib\site-packages\httpx\_client.py", line 1682, in _send_handling_redirects
    response = await self._send_single_request(request)
               ^^^^^^^^^^^^^^^^^^^^^^^^^^^^^^^^^^^^^^^^
  File "C:\Users\user\Desktop\crypto_botV2\venv\Lib\site-packages\httpx\_client.py", line 1719, in _send_single_request
    response = await transport.handle_async_request(request)
               ^^^^^^^^^^^^^^^^^^^^^^^^^^^^^^^^^^^^^^^^^^^^^
  File "C:\Users\user\Desktop\crypto_botV2\venv\Lib\site-packages\httpx\_transports\default.py", line 365, in handle_async_request
    with map_httpcore_exceptions():
  File "D:\Python 3.11\Lib\contextlib.py", line 158, in __exit__
    self.gen.throw(typ, value, traceback)
  File "C:\Users\user\Desktop\crypto_botV2\venv\Lib\site-packages\httpx\_transports\default.py", line 83, in map_httpcore_exceptions
    raise mapped_exc(message) from exc
httpx.ConnectTimeout

The above exception was the direct cause of the following exception:

Traceback (most recent call last):
  File "C:\Users\user\Desktop\crypto_botV2\main.py", line 27, in main
    bot.run_polling()
  File "C:\Users\user\Desktop\crypto_botV2\telegram_bot\bot.py", line 181, in run_polling
    self.application.run_polling(drop_pending_updates=True)
  File "C:\Users\user\Desktop\crypto_botV2\venv\Lib\site-packages\telegram\ext\_application.py", line 818, in run_polling
    return self.__run(
           ^^^^^^^^^^^
  File "C:\Users\user\Desktop\crypto_botV2\venv\Lib\site-packages\telegram\ext\_application.py", line 1006, in __run
    raise exc
  File "C:\Users\user\Desktop\crypto_botV2\venv\Lib\site-packages\telegram\ext\_application.py", line 995, in __run
    loop.run_until_complete(self.initialize())
  File "D:\Python 3.11\Lib\asyncio\base_events.py", line 654, in run_until_complete
    return future.result()
           ^^^^^^^^^^^^^^^
  File "C:\Users\user\Desktop\crypto_botV2\venv\Lib\site-packages\telegram\ext\_application.py", line 477, in initialize
    await self.bot.initialize()
  File "C:\Users\user\Desktop\crypto_botV2\venv\Lib\site-packages\telegram\ext\_extbot.py", line 286, in initialize
    await super().initialize()
  File "C:\Users\user\Desktop\crypto_botV2\venv\Lib\site-packages\telegram\_bot.py", line 735, in initialize
    await self.get_me()
  File "C:\Users\user\Desktop\crypto_botV2\venv\Lib\site-packages\telegram\ext\_extbot.py", line 1697, in get_me
    return await super().get_me(
           ^^^^^^^^^^^^^^^^^^^^^
  File "C:\Users\user\Desktop\crypto_botV2\venv\Lib\site-packages\telegram\_bot.py", line 525, in decorator
    result = await func(self, *args, **kwargs)  # skipcq: PYL-E1102
             ^^^^^^^^^^^^^^^^^^^^^^^^^^^^^^^^^
  File "C:\Users\user\Desktop\crypto_botV2\venv\Lib\site-packages\telegram\_bot.py", line 775, in get_me
    result = await self._post(
             ^^^^^^^^^^^^^^^^^
  File "C:\Users\user\Desktop\crypto_botV2\venv\Lib\site-packages\telegram\_bot.py", line 613, in _post
    return await self._do_post(
           ^^^^^^^^^^^^^^^^^^^^
  File "C:\Users\user\Desktop\crypto_botV2\venv\Lib\site-packages\telegram\ext\_extbot.py", line 340, in _do_post
    return await super()._do_post(
           ^^^^^^^^^^^^^^^^^^^^^^^
  File "C:\Users\user\Desktop\crypto_botV2\venv\Lib\site-packages\telegram\_bot.py", line 641, in _do_post
    return await request.post(
           ^^^^^^^^^^^^^^^^^^^
  File "C:\Users\user\Desktop\crypto_botV2\venv\Lib\site-packages\telegram\request\_baserequest.py", line 200, in post
    result = await self._request_wrapper(
             ^^^^^^^^^^^^^^^^^^^^^^^^^^^^
  File "C:\Users\user\Desktop\crypto_botV2\venv\Lib\site-packages\telegram\request\_baserequest.py", line 340, in _request_wrapper
    raise exc
  File "C:\Users\user\Desktop\crypto_botV2\venv\Lib\site-packages\telegram\request\_baserequest.py", line 330, in _request_wrapper
    code, payload = await self.do_request(
                    ^^^^^^^^^^^^^^^^^^^^^^
  File "C:\Users\user\Desktop\crypto_botV2\venv\Lib\site-packages\telegram\request\_httpxrequest.py", line 285, in do_request
    raise TimedOut from err
telegram.error.TimedOut: Timed out
2026-03-18 21:02:52,557 - crypto_bot - INFO - 🚀 Starting bot...
2026-03-18 21:02:52,731 - crypto_bot - INFO - ⚙️ Building Telegram Application...
2026-03-18 21:02:52,897 - crypto_bot - INFO - 📦 Registering handlers...
2026-03-18 21:02:52,897 - crypto_bot - INFO - ✅ start handler registered
2026-03-18 21:02:52,897 - crypto_bot - INFO - ✅ help handler registered
2026-03-18 21:02:52,897 - crypto_bot - INFO - ✅ pairs handler registered
2026-03-18 21:02:52,898 - crypto_bot - INFO - ✅ signal handler registered
2026-03-18 21:02:52,898 - crypto_bot - INFO - ✅ status handler registered
2026-03-18 21:02:52,898 - crypto_bot - INFO - ✅ callback handler registered
2026-03-18 21:02:52,898 - crypto_bot - INFO - 📊 Handlers count: 1
2026-03-18 21:02:52,898 - crypto_bot - INFO - ✅ Telegram бот инициализирован
2026-03-18 21:02:52,899 - crypto_bot - INFO - 📡 Starting polling...
2026-03-18 21:02:52,899 - crypto_bot - ERROR - ❌ Polling crashed. Restarting in 5 seconds...
Traceback (most recent call last):
  File "C:\Users\user\Desktop\crypto_botV2\venv\Lib\site-packages\telegram\ext\_application.py", line 1006, in __run
    raise exc
  File "C:\Users\user\Desktop\crypto_botV2\venv\Lib\site-packages\telegram\ext\_application.py", line 995, in __run
    loop.run_until_complete(self.initialize())
  File "D:\Python 3.11\Lib\asyncio\base_events.py", line 629, in run_until_complete
    self._check_closed()
  File "D:\Python 3.11\Lib\asyncio\base_events.py", line 520, in _check_closed
    raise RuntimeError('Event loop is closed')
RuntimeError: Event loop is closed

During handling of the above exception, another exception occurred:

Traceback (most recent call last):
  File "C:\Users\user\Desktop\crypto_botV2\main.py", line 27, in main
    bot.run_polling()
  File "C:\Users\user\Desktop\crypto_botV2\telegram_bot\bot.py", line 181, in run_polling
    self.application.run_polling(drop_pending_updates=True)
  File "C:\Users\user\Desktop\crypto_botV2\venv\Lib\site-packages\telegram\ext\_application.py", line 818, in run_polling
    return self.__run(
           ^^^^^^^^^^^
  File "C:\Users\user\Desktop\crypto_botV2\venv\Lib\site-packages\telegram\ext\_application.py", line 1017, in __run
    loop.run_until_complete(self.shutdown())
  File "D:\Python 3.11\Lib\asyncio\base_events.py", line 629, in run_until_complete
    self._check_closed()
  File "D:\Python 3.11\Lib\asyncio\base_events.py", line 520, in _check_closed
    raise RuntimeError('Event loop is closed')
RuntimeError: Event loop is closed
2026-03-18 21:02:57,903 - crypto_bot - INFO - 🚀 Starting bot...
2026-03-18 21:02:58,075 - crypto_bot - INFO - ⚙️ Building Telegram Application...
2026-03-18 21:02:58,239 - crypto_bot - INFO - 📦 Registering handlers...
2026-03-18 21:02:58,239 - crypto_bot - INFO - ✅ start handler registered
2026-03-18 21:02:58,239 - crypto_bot - INFO - ✅ help handler registered
2026-03-18 21:02:58,239 - crypto_bot - INFO - ✅ pairs handler registered
2026-03-18 21:02:58,239 - crypto_bot - INFO - ✅ signal handler registered
2026-03-18 21:02:58,239 - crypto_bot - INFO - ✅ status handler registered
2026-03-18 21:02:58,239 - crypto_bot - INFO - ✅ callback handler registered
2026-03-18 21:02:58,239 - crypto_bot - INFO - 📊 Handlers count: 1
2026-03-18 21:02:58,239 - crypto_bot - INFO - ✅ Telegram бот инициализирован
2026-03-18 21:02:58,239 - crypto_bot - INFO - 📡 Starting polling...
2026-03-18 21:02:58,239 - crypto_bot - ERROR - ❌ Polling crashed. Restarting in 5 seconds...
Traceback (most recent call last):
  File "C:\Users\user\Desktop\crypto_botV2\venv\Lib\site-packages\telegram\ext\_application.py", line 1006, in __run
    raise exc
  File "C:\Users\user\Desktop\crypto_botV2\venv\Lib\site-packages\telegram\ext\_application.py", line 995, in __run
    loop.run_until_complete(self.initialize())
  File "D:\Python 3.11\Lib\asyncio\base_events.py", line 629, in run_until_complete
    self._check_closed()
  File "D:\Python 3.11\Lib\asyncio\base_events.py", line 520, in _check_closed
    raise RuntimeError('Event loop is closed')
RuntimeError: Event loop is closed

During handling of the above exception, another exception occurred:

Traceback (most recent call last):
  File "C:\Users\user\Desktop\crypto_botV2\main.py", line 27, in main
    bot.run_polling()
  File "C:\Users\user\Desktop\crypto_botV2\telegram_bot\bot.py", line 181, in run_polling
    self.application.run_polling(drop_pending_updates=True)
  File "C:\Users\user\Desktop\crypto_botV2\venv\Lib\site-packages\telegram\ext\_application.py", line 818, in run_polling
    return self.__run(
           ^^^^^^^^^^^
  File "C:\Users\user\Desktop\crypto_botV2\venv\Lib\site-packages\telegram\ext\_application.py", line 1017, in __run
    loop.run_until_complete(self.shutdown())
  File "D:\Python 3.11\Lib\asyncio\base_events.py", line 629, in run_until_complete
    self._check_closed()
  File "D:\Python 3.11\Lib\asyncio\base_events.py", line 520, in _check_closed
    raise RuntimeError('Event loop is closed')
RuntimeError: Event loop is closed
2026-03-18 21:03:03,246 - crypto_bot - INFO - 🚀 Starting bot...
2026-03-18 21:03:03,425 - crypto_bot - INFO - ⚙️ Building Telegram Application...
2026-03-18 21:03:03,581 - crypto_bot - INFO - 📦 Registering handlers...
2026-03-18 21:03:03,581 - crypto_bot - INFO - ✅ start handler registered
2026-03-18 21:03:03,581 - crypto_bot - INFO - ✅ help handler registered
2026-03-18 21:03:03,581 - crypto_bot - INFO - ✅ pairs handler registered
2026-03-18 21:03:03,581 - crypto_bot - INFO - ✅ signal handler registered
2026-03-18 21:03:03,581 - crypto_bot - INFO - ✅ status handler registered
2026-03-18 21:03:03,581 - crypto_bot - INFO - ✅ callback handler registered
2026-03-18 21:03:03,581 - crypto_bot - INFO - 📊 Handlers count: 1
2026-03-18 21:03:03,581 - crypto_bot - INFO - ✅ Telegram бот инициализирован
2026-03-18 21:03:03,581 - crypto_bot - INFO - 📡 Starting polling...
2026-03-18 21:03:03,581 - crypto_bot - ERROR - ❌ Polling crashed. Restarting in 5 seconds...
Traceback (most recent call last):
  File "C:\Users\user\Desktop\crypto_botV2\venv\Lib\site-packages\telegram\ext\_application.py", line 1006, in __run
    raise exc
  File "C:\Users\user\Desktop\crypto_botV2\venv\Lib\site-packages\telegram\ext\_application.py", line 995, in __run
    loop.run_until_complete(self.initialize())
  File "D:\Python 3.11\Lib\asyncio\base_events.py", line 629, in run_until_complete
    self._check_closed()
  File "D:\Python 3.11\Lib\asyncio\base_events.py", line 520, in _check_closed
    raise RuntimeError('Event loop is closed')
RuntimeError: Event loop is closed

During handling of the above exception, another exception occurred:

Traceback (most recent call last):
  File "C:\Users\user\Desktop\crypto_botV2\main.py", line 27, in main
    bot.run_polling()
  File "C:\Users\user\Desktop\crypto_botV2\telegram_bot\bot.py", line 181, in run_polling
    self.application.run_polling(drop_pending_updates=True)
  File "C:\Users\user\Desktop\crypto_botV2\venv\Lib\site-packages\telegram\ext\_application.py", line 818, in run_polling
    return self.__run(
           ^^^^^^^^^^^
  File "C:\Users\user\Desktop\crypto_botV2\venv\Lib\site-packages\telegram\ext\_application.py", line 1017, in __run
    loop.run_until_complete(self.shutdown())
  File "D:\Python 3.11\Lib\asyncio\base_events.py", line 629, in run_until_complete
    self._check_closed()
  File "D:\Python 3.11\Lib\asyncio\base_events.py", line 520, in _check_closed
    raise RuntimeError('Event loop is closed')
RuntimeError: Event loop is closed
2026-03-18 21:03:08,596 - crypto_bot - INFO - 🚀 Starting bot...
2026-03-18 21:03:08,780 - crypto_bot - INFO - ⚙️ Building Telegram Application...
2026-03-18 21:03:08,941 - crypto_bot - INFO - 📦 Registering handlers...
2026-03-18 21:03:08,941 - crypto_bot - INFO - ✅ start handler registered
2026-03-18 21:03:08,941 - crypto_bot - INFO - ✅ help handler registered
2026-03-18 21:03:08,941 - crypto_bot - INFO - ✅ pairs handler registered
2026-03-18 21:03:08,941 - crypto_bot - INFO - ✅ signal handler registered
2026-03-18 21:03:08,941 - crypto_bot - INFO - ✅ status handler registered
2026-03-18 21:03:08,941 - crypto_bot - INFO - ✅ callback handler registered
2026-03-18 21:03:08,941 - crypto_bot - INFO - 📊 Handlers count: 1
2026-03-18 21:03:08,941 - crypto_bot - INFO - ✅ Telegram бот инициализирован
2026-03-18 21:03:08,941 - crypto_bot - INFO - 📡 Starting polling...
2026-03-18 21:03:08,941 - crypto_bot - ERROR - ❌ Polling crashed. Restarting in 5 seconds...
Traceback (most recent call last):
  File "C:\Users\user\Desktop\crypto_botV2\venv\Lib\site-packages\telegram\ext\_application.py", line 1006, in __run
    raise exc
  File "C:\Users\user\Desktop\crypto_botV2\venv\Lib\site-packages\telegram\ext\_application.py", line 995, in __run
    loop.run_until_complete(self.initialize())
  File "D:\Python 3.11\Lib\asyncio\base_events.py", line 629, in run_until_complete
    self._check_closed()
  File "D:\Python 3.11\Lib\asyncio\base_events.py", line 520, in _check_closed
    raise RuntimeError('Event loop is closed')
RuntimeError: Event loop is closed

During handling of the above exception, another exception occurred:

Traceback (most recent call last):
  File "C:\Users\user\Desktop\crypto_botV2\main.py", line 27, in main
    bot.run_polling()
  File "C:\Users\user\Desktop\crypto_botV2\telegram_bot\bot.py", line 181, in run_polling
    self.application.run_polling(drop_pending_updates=True)
  File "C:\Users\user\Desktop\crypto_botV2\venv\Lib\site-packages\telegram\ext\_application.py", line 818, in run_polling
    return self.__run(
           ^^^^^^^^^^^
  File "C:\Users\user\Desktop\crypto_botV2\venv\Lib\site-packages\telegram\ext\_application.py", line 1017, in __run
    loop.run_until_complete(self.shutdown())
  File "D:\Python 3.11\Lib\asyncio\base_events.py", line 629, in run_until_complete
    self._check_closed()
  File "D:\Python 3.11\Lib\asyncio\base_events.py", line 520, in _check_closed
    raise RuntimeError('Event loop is closed')
RuntimeError: Event loop is closed
2026-03-18 21:03:13,956 - crypto_bot - INFO - 🚀 Starting bot...
2026-03-18 21:03:14,126 - crypto_bot - INFO - ⚙️ Building Telegram Application...
2026-03-18 21:03:14,289 - crypto_bot - INFO - 📦 Registering handlers...
2026-03-18 21:03:14,289 - crypto_bot - INFO - ✅ start handler registered
2026-03-18 21:03:14,289 - crypto_bot - INFO - ✅ help handler registered
2026-03-18 21:03:14,290 - crypto_bot - INFO - ✅ pairs handler registered
2026-03-18 21:03:14,290 - crypto_bot - INFO - ✅ signal handler registered
2026-03-18 21:03:14,290 - crypto_bot - INFO - ✅ status handler registered
2026-03-18 21:03:14,290 - crypto_bot - INFO - ✅ callback handler registered
2026-03-18 21:03:14,291 - crypto_bot - INFO - 📊 Handlers count: 1
2026-03-18 21:03:14,291 - crypto_bot - INFO - ✅ Telegram бот инициализирован
2026-03-18 21:03:14,291 - crypto_bot - INFO - 📡 Starting polling...
2026-03-18 21:03:14,291 - crypto_bot - ERROR - ❌ Polling crashed. Restarting in 5 seconds...
Traceback (most recent call last):
  File "C:\Users\user\Desktop\crypto_botV2\venv\Lib\site-packages\telegram\ext\_application.py", line 1006, in __run
    raise exc
  File "C:\Users\user\Desktop\crypto_botV2\venv\Lib\site-packages\telegram\ext\_application.py", line 995, in __run
    loop.run_until_complete(self.initialize())
  File "D:\Python 3.11\Lib\asyncio\base_events.py", line 629, in run_until_complete
    self._check_closed()
  File "D:\Python 3.11\Lib\asyncio\base_events.py", line 520, in _check_closed
    raise RuntimeError('Event loop is closed')
RuntimeError: Event loop is closed

During handling of the above exception, another exception occurred:

Traceback (most recent call last):
  File "C:\Users\user\Desktop\crypto_botV2\main.py", line 27, in main
    bot.run_polling()
  File "C:\Users\user\Desktop\crypto_botV2\telegram_bot\bot.py", line 181, in run_polling
    self.application.run_polling(drop_pending_updates=True)
  File "C:\Users\user\Desktop\crypto_botV2\venv\Lib\site-packages\telegram\ext\_application.py", line 818, in run_polling
    return self.__run(
           ^^^^^^^^^^^
  File "C:\Users\user\Desktop\crypto_botV2\venv\Lib\site-packages\telegram\ext\_application.py", line 1017, in __run
    loop.run_until_complete(self.shutdown())
  File "D:\Python 3.11\Lib\asyncio\base_events.py", line 629, in run_until_complete
    self._check_closed()
  File "D:\Python 3.11\Lib\asyncio\base_events.py", line 520, in _check_closed
    raise RuntimeError('Event loop is closed')
RuntimeError: Event loop is closed
2026-03-18 21:03:19,294 - crypto_bot - INFO - 🚀 Starting bot...
2026-03-18 21:03:19,463 - crypto_bot - INFO - ⚙️ Building Telegram Application...
2026-03-18 21:03:19,626 - crypto_bot - INFO - 📦 Registering handlers...
2026-03-18 21:03:19,626 - crypto_bot - INFO - ✅ start handler registered
2026-03-18 21:03:19,626 - crypto_bot - INFO - ✅ help handler registered
2026-03-18 21:03:19,627 - crypto_bot - INFO - ✅ pairs handler registered
2026-03-18 21:03:19,627 - crypto_bot - INFO - ✅ signal handler registered
2026-03-18 21:03:19,627 - crypto_bot - INFO - ✅ status handler registered
2026-03-18 21:03:19,627 - crypto_bot - INFO - ✅ callback handler registered
2026-03-18 21:03:19,629 - crypto_bot - INFO - 📊 Handlers count: 1
2026-03-18 21:03:19,629 - crypto_bot - INFO - ✅ Telegram бот инициализирован
2026-03-18 21:03:19,629 - crypto_bot - INFO - 📡 Starting polling...
2026-03-18 21:03:19,629 - crypto_bot - ERROR - ❌ Polling crashed. Restarting in 5 seconds...
Traceback (most recent call last):
  File "C:\Users\user\Desktop\crypto_botV2\venv\Lib\site-packages\telegram\ext\_application.py", line 1006, in __run
    raise exc
  File "C:\Users\user\Desktop\crypto_botV2\venv\Lib\site-packages\telegram\ext\_application.py", line 995, in __run
    loop.run_until_complete(self.initialize())
  File "D:\Python 3.11\Lib\asyncio\base_events.py", line 629, in run_until_complete
    self._check_closed()
  File "D:\Python 3.11\Lib\asyncio\base_events.py", line 520, in _check_closed
    raise RuntimeError('Event loop is closed')
RuntimeError: Event loop is closed

During handling of the above exception, another exception occurred:

Traceback (most recent call last):
  File "C:\Users\user\Desktop\crypto_botV2\main.py", line 27, in main
    bot.run_polling()
  File "C:\Users\user\Desktop\crypto_botV2\telegram_bot\bot.py", line 181, in run_polling
    self.application.run_polling(drop_pending_updates=True)
  File "C:\Users\user\Desktop\crypto_botV2\venv\Lib\site-packages\telegram\ext\_application.py", line 818, in run_polling
    return self.__run(
           ^^^^^^^^^^^
  File "C:\Users\user\Desktop\crypto_botV2\venv\Lib\site-packages\telegram\ext\_application.py", line 1017, in __run
    loop.run_until_complete(self.shutdown())
  File "D:\Python 3.11\Lib\asyncio\base_events.py", line 629, in run_until_complete
    self._check_closed()
  File "D:\Python 3.11\Lib\asyncio\base_events.py", line 520, in _check_closed
    raise RuntimeError('Event loop is closed')
RuntimeError: Event loop is closed
2026-03-18 21:03:24,631 - crypto_bot - INFO - 🚀 Starting bot...
2026-03-18 21:03:24,814 - crypto_bot - INFO - ⚙️ Building Telegram Application...
2026-03-18 21:03:24,971 - crypto_bot - INFO - 📦 Registering handlers...
2026-03-18 21:03:24,971 - crypto_bot - INFO - ✅ start handler registered
2026-03-18 21:03:24,971 - crypto_bot - INFO - ✅ help handler registered
2026-03-18 21:03:24,971 - crypto_bot - INFO - ✅ pairs handler registered
2026-03-18 21:03:24,971 - crypto_bot - INFO - ✅ signal handler registered
2026-03-18 21:03:24,971 - crypto_bot - INFO - ✅ status handler registered
2026-03-18 21:03:24,971 - crypto_bot - INFO - ✅ callback handler registered
2026-03-18 21:03:24,987 - crypto_bot - INFO - 📊 Handlers count: 1
2026-03-18 21:03:24,987 - crypto_bot - INFO - ✅ Telegram бот инициализирован
2026-03-18 21:03:24,989 - crypto_bot - INFO - 📡 Starting polling...
2026-03-18 21:03:24,989 - crypto_bot - ERROR - ❌ Polling crashed. Restarting in 5 seconds...
Traceback (most recent call last):
  File "C:\Users\user\Desktop\crypto_botV2\venv\Lib\site-packages\telegram\ext\_application.py", line 1006, in __run
    raise exc
  File "C:\Users\user\Desktop\crypto_botV2\venv\Lib\site-packages\telegram\ext\_application.py", line 995, in __run
    loop.run_until_complete(self.initialize())
  File "D:\Python 3.11\Lib\asyncio\base_events.py", line 629, in run_until_complete
    self._check_closed()
  File "D:\Python 3.11\Lib\asyncio\base_events.py", line 520, in _check_closed
    raise RuntimeError('Event loop is closed')
RuntimeError: Event loop is closed

During handling of the above exception, another exception occurred:

Traceback (most recent call last):
  File "C:\Users\user\Desktop\crypto_botV2\main.py", line 27, in main
    bot.run_polling()
  File "C:\Users\user\Desktop\crypto_botV2\telegram_bot\bot.py", line 181, in run_polling
    self.application.run_polling(drop_pending_updates=True)
  File "C:\Users\user\Desktop\crypto_botV2\venv\Lib\site-packages\telegram\ext\_application.py", line 818, in run_polling
    return self.__run(
           ^^^^^^^^^^^
  File "C:\Users\user\Desktop\crypto_botV2\venv\Lib\site-packages\telegram\ext\_application.py", line 1017, in __run
    loop.run_until_complete(self.shutdown())
  File "D:\Python 3.11\Lib\asyncio\base_events.py", line 629, in run_until_complete
    self._check_closed()
  File "D:\Python 3.11\Lib\asyncio\base_events.py", line 520, in _check_closed
    raise RuntimeError('Event loop is closed')
RuntimeError: Event loop is closed
2026-03-18 21:03:29,991 - crypto_bot - INFO - 🚀 Starting bot...
2026-03-18 21:03:30,145 - crypto_bot - INFO - ⚙️ Building Telegram Application...
2026-03-18 21:03:30,316 - crypto_bot - INFO - 📦 Registering handlers...
2026-03-18 21:03:30,316 - crypto_bot - INFO - ✅ start handler registered
2026-03-18 21:03:30,316 - crypto_bot - INFO - ✅ help handler registered
2026-03-18 21:03:30,316 - crypto_bot - INFO - ✅ pairs handler registered
2026-03-18 21:03:30,316 - crypto_bot - INFO - ✅ signal handler registered
2026-03-18 21:03:30,332 - crypto_bot - INFO - ✅ status handler registered
2026-03-18 21:03:30,332 - crypto_bot - INFO - ✅ callback handler registered
2026-03-18 21:03:30,336 - crypto_bot - INFO - 📊 Handlers count: 1
2026-03-18 21:03:30,336 - crypto_bot - INFO - ✅ Telegram бот инициализирован
2026-03-18 21:03:30,336 - crypto_bot - INFO - 📡 Starting polling...
2026-03-18 21:03:30,336 - crypto_bot - ERROR - ❌ Polling crashed. Restarting in 5 seconds...
Traceback (most recent call last):
  File "C:\Users\user\Desktop\crypto_botV2\venv\Lib\site-packages\telegram\ext\_application.py", line 1006, in __run
    raise exc
  File "C:\Users\user\Desktop\crypto_botV2\venv\Lib\site-packages\telegram\ext\_application.py", line 995, in __run
    loop.run_until_complete(self.initialize())
  File "D:\Python 3.11\Lib\asyncio\base_events.py", line 629, in run_until_complete
    self._check_closed()
  File "D:\Python 3.11\Lib\asyncio\base_events.py", line 520, in _check_closed
    raise RuntimeError('Event loop is closed')
RuntimeError: Event loop is closed

During handling of the above exception, another exception occurred:

Traceback (most recent call last):
  File "C:\Users\user\Desktop\crypto_botV2\main.py", line 27, in main
    bot.run_polling()
  File "C:\Users\user\Desktop\crypto_botV2\telegram_bot\bot.py", line 181, in run_polling
    self.application.run_polling(drop_pending_updates=True)
  File "C:\Users\user\Desktop\crypto_botV2\venv\Lib\site-packages\telegram\ext\_application.py", line 818, in run_polling
    return self.__run(
           ^^^^^^^^^^^
  File "C:\Users\user\Desktop\crypto_botV2\venv\Lib\site-packages\telegram\ext\_application.py", line 1017, in __run
    loop.run_until_complete(self.shutdown())
  File "D:\Python 3.11\Lib\asyncio\base_events.py", line 629, in run_until_complete
    self._check_closed()
  File "D:\Python 3.11\Lib\asyncio\base_events.py", line 520, in _check_closed
    raise RuntimeError('Event loop is closed')
RuntimeError: Event loop is closed
2026-03-18 21:03:35,339 - crypto_bot - INFO - 🚀 Starting bot...
2026-03-18 21:03:35,507 - crypto_bot - INFO - ⚙️ Building Telegram Application...
2026-03-18 21:03:35,669 - crypto_bot - INFO - 📦 Registering handlers...
2026-03-18 21:03:35,670 - crypto_bot - INFO - ✅ start handler registered
2026-03-18 21:03:35,670 - crypto_bot - INFO - ✅ help handler registered
2026-03-18 21:03:35,670 - crypto_bot - INFO - ✅ pairs handler registered
2026-03-18 21:03:35,670 - crypto_bot - INFO - ✅ signal handler registered
2026-03-18 21:03:35,671 - crypto_bot - INFO - ✅ status handler registered
2026-03-18 21:03:35,671 - crypto_bot - INFO - ✅ callback handler registered
2026-03-18 21:03:35,671 - crypto_bot - INFO - 📊 Handlers count: 1
2026-03-18 21:03:35,671 - crypto_bot - INFO - ✅ Telegram бот инициализирован
2026-03-18 21:03:35,672 - crypto_bot - INFO - 📡 Starting polling...
2026-03-18 21:03:35,672 - crypto_bot - ERROR - ❌ Polling crashed. Restarting in 5 seconds...
Traceback (most recent call last):
  File "C:\Users\user\Desktop\crypto_botV2\venv\Lib\site-packages\telegram\ext\_application.py", line 1006, in __run
    raise exc
  File "C:\Users\user\Desktop\crypto_botV2\venv\Lib\site-packages\telegram\ext\_application.py", line 995, in __run
    loop.run_until_complete(self.initialize())
  File "D:\Python 3.11\Lib\asyncio\base_events.py", line 629, in run_until_complete
    self._check_closed()
  File "D:\Python 3.11\Lib\asyncio\base_events.py", line 520, in _check_closed
    raise RuntimeError('Event loop is closed')
RuntimeError: Event loop is closed

During handling of the above exception, another exception occurred:

Traceback (most recent call last):
  File "C:\Users\user\Desktop\crypto_botV2\main.py", line 27, in main
    bot.run_polling()
  File "C:\Users\user\Desktop\crypto_botV2\telegram_bot\bot.py", line 181, in run_polling
    self.application.run_polling(drop_pending_updates=True)
  File "C:\Users\user\Desktop\crypto_botV2\venv\Lib\site-packages\telegram\ext\_application.py", line 818, in run_polling
    return self.__run(
           ^^^^^^^^^^^
  File "C:\Users\user\Desktop\crypto_botV2\venv\Lib\site-packages\telegram\ext\_application.py", line 1017, in __run
    loop.run_until_complete(self.shutdown())
  File "D:\Python 3.11\Lib\asyncio\base_events.py", line 629, in run_until_complete
    self._check_closed()
  File "D:\Python 3.11\Lib\asyncio\base_events.py", line 520, in _check_closed
    raise RuntimeError('Event loop is closed')
RuntimeError: Event loop is closed
2026-03-18 21:03:40,674 - crypto_bot - INFO - 🚀 Starting bot...
2026-03-18 21:03:40,848 - crypto_bot - INFO - ⚙️ Building Telegram Application...
2026-03-18 21:03:41,015 - crypto_bot - INFO - 📦 Registering handlers...
2026-03-18 21:03:41,015 - crypto_bot - INFO - ✅ start handler registered
2026-03-18 21:03:41,015 - crypto_bot - INFO - ✅ help handler registered
2026-03-18 21:03:41,015 - crypto_bot - INFO - ✅ pairs handler registered
2026-03-18 21:03:41,015 - crypto_bot - INFO - ✅ signal handler registered
2026-03-18 21:03:41,015 - crypto_bot - INFO - ✅ status handler registered
2026-03-18 21:03:41,015 - crypto_bot - INFO - ✅ callback handler registered
2026-03-18 21:03:41,015 - crypto_bot - INFO - 📊 Handlers count: 1
2026-03-18 21:03:41,015 - crypto_bot - INFO - ✅ Telegram бот инициализирован
2026-03-18 21:03:41,015 - crypto_bot - INFO - 📡 Starting polling...
2026-03-18 21:03:41,015 - crypto_bot - ERROR - ❌ Polling crashed. Restarting in 5 seconds...
Traceback (most recent call last):
  File "C:\Users\user\Desktop\crypto_botV2\venv\Lib\site-packages\telegram\ext\_application.py", line 1006, in __run
    raise exc
  File "C:\Users\user\Desktop\crypto_botV2\venv\Lib\site-packages\telegram\ext\_application.py", line 995, in __run
    loop.run_until_complete(self.initialize())
  File "D:\Python 3.11\Lib\asyncio\base_events.py", line 629, in run_until_complete
    self._check_closed()
  File "D:\Python 3.11\Lib\asyncio\base_events.py", line 520, in _check_closed
    raise RuntimeError('Event loop is closed')
RuntimeError: Event loop is closed

During handling of the above exception, another exception occurred:

Traceback (most recent call last):
  File "C:\Users\user\Desktop\crypto_botV2\main.py", line 27, in main
    bot.run_polling()
  File "C:\Users\user\Desktop\crypto_botV2\telegram_bot\bot.py", line 181, in run_polling
    self.application.run_polling(drop_pending_updates=True)
  File "C:\Users\user\Desktop\crypto_botV2\venv\Lib\site-packages\telegram\ext\_application.py", line 818, in run_polling
    return self.__run(
           ^^^^^^^^^^^
  File "C:\Users\user\Desktop\crypto_botV2\venv\Lib\site-packages\telegram\ext\_application.py", line 1017, in __run
    loop.run_until_complete(self.shutdown())
  File "D:\Python 3.11\Lib\asyncio\base_events.py", line 629, in run_until_complete
    self._check_closed()
  File "D:\Python 3.11\Lib\asyncio\base_events.py", line 520, in _check_closed
    raise RuntimeError('Event loop is closed')
RuntimeError: Event loop is closed
2026-03-18 21:03:46,020 - crypto_bot - INFO - 🚀 Starting bot...
2026-03-18 21:03:46,204 - crypto_bot - INFO - 🛑 Остановка по KeyboardInterrupt
2026-03-18 21:27:59,035 - crypto_bot - INFO - 🚀 Starting bot...
2026-03-18 21:27:59,207 - crypto_bot - INFO - ⚙️ Building Telegram Application...
2026-03-18 21:27:59,370 - crypto_bot - INFO - 📦 Registering handlers...
2026-03-18 21:27:59,370 - crypto_bot - INFO - ✅ start handler registered
2026-03-18 21:27:59,370 - crypto_bot - INFO - ✅ help handler registered
2026-03-18 21:27:59,370 - crypto_bot - INFO - ✅ pairs handler registered
2026-03-18 21:27:59,370 - crypto_bot - INFO - ✅ signal handler registered
2026-03-18 21:27:59,370 - crypto_bot - INFO - ✅ status handler registered
2026-03-18 21:27:59,370 - crypto_bot - INFO - ✅ callback handler registered
2026-03-18 21:27:59,370 - crypto_bot - INFO - 📊 Handlers count: 1
2026-03-18 21:27:59,370 - crypto_bot - INFO - ✅ Telegram бот инициализирован
2026-03-18 21:27:59,370 - crypto_bot - INFO - 📡 Starting polling...
2026-03-18 21:28:01,266 - crypto_bot - INFO - ⚙️ Post init: starting scan_loop task
2026-03-18 21:28:13,537 - crypto_bot - INFO - 🔥 /start CALLED
2026-03-18 21:30:57,194 - crypto_bot - INFO - 🚀 Starting bot...
2026-03-18 21:30:57,368 - crypto_bot - INFO - ⚙️ Building Telegram Application...
2026-03-18 21:30:57,537 - crypto_bot - INFO - 📦 Registering handlers...
2026-03-18 21:30:57,537 - crypto_bot - INFO - ✅ start handler registered
2026-03-18 21:30:57,537 - crypto_bot - INFO - ✅ help handler registered
2026-03-18 21:30:57,537 - crypto_bot - INFO - ✅ pairs handler registered
2026-03-18 21:30:57,537 - crypto_bot - INFO - ✅ signal handler registered
2026-03-18 21:30:57,537 - crypto_bot - INFO - ✅ status handler registered
2026-03-18 21:30:57,537 - crypto_bot - INFO - ✅ callback handler registered
2026-03-18 21:30:57,537 - crypto_bot - INFO - 📊 Handlers count: 1
2026-03-18 21:30:57,537 - crypto_bot - INFO - ✅ Telegram бот инициализирован
2026-03-18 21:30:57,537 - crypto_bot - INFO - 📡 Starting polling...
2026-03-18 21:30:57,537 - crypto_bot - ERROR - ❌ Polling crashed. Restarting in 5 seconds...
Traceback (most recent call last):
  File "C:\Users\user\Desktop\crypto_botV2\venv\Lib\site-packages\telegram\ext\_application.py", line 1006, in __run
    raise exc
  File "C:\Users\user\Desktop\crypto_botV2\venv\Lib\site-packages\telegram\ext\_application.py", line 995, in __run
    loop.run_until_complete(self.initialize())
  File "D:\Python 3.11\Lib\asyncio\base_events.py", line 629, in run_until_complete
    self._check_closed()
  File "D:\Python 3.11\Lib\asyncio\base_events.py", line 520, in _check_closed
    raise RuntimeError('Event loop is closed')
RuntimeError: Event loop is closed

During handling of the above exception, another exception occurred:

Traceback (most recent call last):
  File "C:\Users\user\Desktop\crypto_botV2\main.py", line 27, in main
    bot.run_polling()
  File "C:\Users\user\Desktop\crypto_botV2\telegram_bot\bot.py", line 181, in run_polling
    self.application.run_polling(drop_pending_updates=True)
  File "C:\Users\user\Desktop\crypto_botV2\venv\Lib\site-packages\telegram\ext\_application.py", line 818, in run_polling
    return self.__run(
           ^^^^^^^^^^^
  File "C:\Users\user\Desktop\crypto_botV2\venv\Lib\site-packages\telegram\ext\_application.py", line 1017, in __run
    loop.run_until_complete(self.shutdown())
  File "D:\Python 3.11\Lib\asyncio\base_events.py", line 629, in run_until_complete
    self._check_closed()
  File "D:\Python 3.11\Lib\asyncio\base_events.py", line 520, in _check_closed
    raise RuntimeError('Event loop is closed')
RuntimeError: Event loop is closed
2026-03-18 21:31:02,547 - crypto_bot - INFO - 🚀 Starting bot...
2026-03-18 21:31:02,729 - crypto_bot - INFO - ⚙️ Building Telegram Application...
2026-03-18 21:31:02,907 - crypto_bot - INFO - 📦 Registering handlers...
2026-03-18 21:31:02,907 - crypto_bot - INFO - ✅ start handler registered
2026-03-18 21:31:02,907 - crypto_bot - INFO - ✅ help handler registered
2026-03-18 21:31:02,907 - crypto_bot - INFO - ✅ pairs handler registered
2026-03-18 21:31:02,907 - crypto_bot - INFO - ✅ signal handler registered
2026-03-18 21:31:02,907 - crypto_bot - INFO - ✅ status handler registered
2026-03-18 21:31:02,907 - crypto_bot - INFO - ✅ callback handler registered
2026-03-18 21:31:02,907 - crypto_bot - INFO - 📊 Handlers count: 1
2026-03-18 21:31:02,907 - crypto_bot - INFO - ✅ Telegram бот инициализирован
2026-03-18 21:31:02,907 - crypto_bot - INFO - 📡 Starting polling...
2026-03-18 21:31:02,907 - crypto_bot - ERROR - ❌ Polling crashed. Restarting in 5 seconds...
Traceback (most recent call last):
  File "C:\Users\user\Desktop\crypto_botV2\venv\Lib\site-packages\telegram\ext\_application.py", line 1006, in __run
    raise exc
  File "C:\Users\user\Desktop\crypto_botV2\venv\Lib\site-packages\telegram\ext\_application.py", line 995, in __run
    loop.run_until_complete(self.initialize())
  File "D:\Python 3.11\Lib\asyncio\base_events.py", line 629, in run_until_complete
    self._check_closed()
  File "D:\Python 3.11\Lib\asyncio\base_events.py", line 520, in _check_closed
    raise RuntimeError('Event loop is closed')
RuntimeError: Event loop is closed

During handling of the above exception, another exception occurred:

Traceback (most recent call last):
  File "C:\Users\user\Desktop\crypto_botV2\main.py", line 27, in main
    bot.run_polling()
  File "C:\Users\user\Desktop\crypto_botV2\telegram_bot\bot.py", line 181, in run_polling
    self.application.run_polling(drop_pending_updates=True)
  File "C:\Users\user\Desktop\crypto_botV2\venv\Lib\site-packages\telegram\ext\_application.py", line 818, in run_polling
    return self.__run(
           ^^^^^^^^^^^
  File "C:\Users\user\Desktop\crypto_botV2\venv\Lib\site-packages\telegram\ext\_application.py", line 1017, in __run
    loop.run_until_complete(self.shutdown())
  File "D:\Python 3.11\Lib\asyncio\base_events.py", line 629, in run_until_complete
    self._check_closed()
  File "D:\Python 3.11\Lib\asyncio\base_events.py", line 520, in _check_closed
    raise RuntimeError('Event loop is closed')
RuntimeError: Event loop is closed
2026-03-18 21:31:07,912 - crypto_bot - INFO - 🚀 Starting bot...
2026-03-18 21:31:08,092 - crypto_bot - INFO - ⚙️ Building Telegram Application...
2026-03-18 21:31:08,262 - crypto_bot - INFO - 📦 Registering handlers...
2026-03-18 21:31:08,262 - crypto_bot - INFO - ✅ start handler registered
2026-03-18 21:31:08,262 - crypto_bot - INFO - ✅ help handler registered
2026-03-18 21:31:08,262 - crypto_bot - INFO - ✅ pairs handler registered
2026-03-18 21:31:08,262 - crypto_bot - INFO - ✅ signal handler registered
2026-03-18 21:31:08,262 - crypto_bot - INFO - ✅ status handler registered
2026-03-18 21:31:08,262 - crypto_bot - INFO - ✅ callback handler registered
2026-03-18 21:31:08,262 - crypto_bot - INFO - 📊 Handlers count: 1
2026-03-18 21:31:08,262 - crypto_bot - INFO - ✅ Telegram бот инициализирован
2026-03-18 21:31:08,262 - crypto_bot - INFO - 📡 Starting polling...
2026-03-18 21:31:08,262 - crypto_bot - ERROR - ❌ Polling crashed. Restarting in 5 seconds...
Traceback (most recent call last):
  File "C:\Users\user\Desktop\crypto_botV2\venv\Lib\site-packages\telegram\ext\_application.py", line 1006, in __run
    raise exc
  File "C:\Users\user\Desktop\crypto_botV2\venv\Lib\site-packages\telegram\ext\_application.py", line 995, in __run
    loop.run_until_complete(self.initialize())
  File "D:\Python 3.11\Lib\asyncio\base_events.py", line 629, in run_until_complete
    self._check_closed()
  File "D:\Python 3.11\Lib\asyncio\base_events.py", line 520, in _check_closed
    raise RuntimeError('Event loop is closed')
RuntimeError: Event loop is closed

During handling of the above exception, another exception occurred:

Traceback (most recent call last):
  File "C:\Users\user\Desktop\crypto_botV2\main.py", line 27, in main
    bot.run_polling()
  File "C:\Users\user\Desktop\crypto_botV2\telegram_bot\bot.py", line 181, in run_polling
    self.application.run_polling(drop_pending_updates=True)
  File "C:\Users\user\Desktop\crypto_botV2\venv\Lib\site-packages\telegram\ext\_application.py", line 818, in run_polling
    return self.__run(
           ^^^^^^^^^^^
  File "C:\Users\user\Desktop\crypto_botV2\venv\Lib\site-packages\telegram\ext\_application.py", line 1017, in __run
    loop.run_until_complete(self.shutdown())
  File "D:\Python 3.11\Lib\asyncio\base_events.py", line 629, in run_until_complete
    self._check_closed()
  File "D:\Python 3.11\Lib\asyncio\base_events.py", line 520, in _check_closed
    raise RuntimeError('Event loop is closed')
RuntimeError: Event loop is closed
2026-03-18 21:31:13,267 - crypto_bot - INFO - 🚀 Starting bot...
2026-03-18 21:31:13,449 - crypto_bot - INFO - ⚙️ Building Telegram Application...
2026-03-18 21:31:13,617 - crypto_bot - INFO - 📦 Registering handlers...
2026-03-18 21:31:13,617 - crypto_bot - INFO - ✅ start handler registered
2026-03-18 21:31:13,617 - crypto_bot - INFO - ✅ help handler registered
2026-03-18 21:31:13,617 - crypto_bot - INFO - ✅ pairs handler registered
2026-03-18 21:31:13,617 - crypto_bot - INFO - ✅ signal handler registered
2026-03-18 21:31:13,617 - crypto_bot - INFO - ✅ status handler registered
2026-03-18 21:31:13,617 - crypto_bot - INFO - ✅ callback handler registered
2026-03-18 21:31:13,617 - crypto_bot - INFO - 📊 Handlers count: 1
2026-03-18 21:31:13,617 - crypto_bot - INFO - ✅ Telegram бот инициализирован
2026-03-18 21:31:13,617 - crypto_bot - INFO - 📡 Starting polling...
2026-03-18 21:31:13,617 - crypto_bot - ERROR - ❌ Polling crashed. Restarting in 5 seconds...
Traceback (most recent call last):
  File "C:\Users\user\Desktop\crypto_botV2\venv\Lib\site-packages\telegram\ext\_application.py", line 1006, in __run
    raise exc
  File "C:\Users\user\Desktop\crypto_botV2\venv\Lib\site-packages\telegram\ext\_application.py", line 995, in __run
    loop.run_until_complete(self.initialize())
  File "D:\Python 3.11\Lib\asyncio\base_events.py", line 629, in run_until_complete
    self._check_closed()
  File "D:\Python 3.11\Lib\asyncio\base_events.py", line 520, in _check_closed
    raise RuntimeError('Event loop is closed')
RuntimeError: Event loop is closed

During handling of the above exception, another exception occurred:

Traceback (most recent call last):
  File "C:\Users\user\Desktop\crypto_botV2\main.py", line 27, in main
    bot.run_polling()
  File "C:\Users\user\Desktop\crypto_botV2\telegram_bot\bot.py", line 181, in run_polling
    self.application.run_polling(drop_pending_updates=True)
  File "C:\Users\user\Desktop\crypto_botV2\venv\Lib\site-packages\telegram\ext\_application.py", line 818, in run_polling
    return self.__run(
           ^^^^^^^^^^^
  File "C:\Users\user\Desktop\crypto_botV2\venv\Lib\site-packages\telegram\ext\_application.py", line 1017, in __run
    loop.run_until_complete(self.shutdown())
  File "D:\Python 3.11\Lib\asyncio\base_events.py", line 629, in run_until_complete
    self._check_closed()
  File "D:\Python 3.11\Lib\asyncio\base_events.py", line 520, in _check_closed
    raise RuntimeError('Event loop is closed')
RuntimeError: Event loop is closed
2026-03-18 21:31:18,624 - crypto_bot - INFO - 🚀 Starting bot...
2026-03-18 21:31:18,818 - crypto_bot - INFO - ⚙️ Building Telegram Application...
2026-03-18 21:31:18,995 - crypto_bot - INFO - 📦 Registering handlers...
2026-03-18 21:31:18,995 - crypto_bot - INFO - ✅ start handler registered
2026-03-18 21:31:18,996 - crypto_bot - INFO - ✅ help handler registered
2026-03-18 21:31:18,996 - crypto_bot - INFO - ✅ pairs handler registered
2026-03-18 21:31:18,996 - crypto_bot - INFO - ✅ signal handler registered
2026-03-18 21:31:18,996 - crypto_bot - INFO - ✅ status handler registered
2026-03-18 21:31:18,996 - crypto_bot - INFO - ✅ callback handler registered
2026-03-18 21:31:18,997 - crypto_bot - INFO - 📊 Handlers count: 1
2026-03-18 21:31:18,997 - crypto_bot - INFO - ✅ Telegram бот инициализирован
2026-03-18 21:31:18,997 - crypto_bot - INFO - 📡 Starting polling...
2026-03-18 21:31:18,997 - crypto_bot - ERROR - ❌ Polling crashed. Restarting in 5 seconds...
Traceback (most recent call last):
  File "C:\Users\user\Desktop\crypto_botV2\venv\Lib\site-packages\telegram\ext\_application.py", line 1006, in __run
    raise exc
  File "C:\Users\user\Desktop\crypto_botV2\venv\Lib\site-packages\telegram\ext\_application.py", line 995, in __run
    loop.run_until_complete(self.initialize())
  File "D:\Python 3.11\Lib\asyncio\base_events.py", line 629, in run_until_complete
    self._check_closed()
  File "D:\Python 3.11\Lib\asyncio\base_events.py", line 520, in _check_closed
    raise RuntimeError('Event loop is closed')
RuntimeError: Event loop is closed

During handling of the above exception, another exception occurred:

Traceback (most recent call last):
  File "C:\Users\user\Desktop\crypto_botV2\main.py", line 27, in main
    bot.run_polling()
  File "C:\Users\user\Desktop\crypto_botV2\telegram_bot\bot.py", line 181, in run_polling
    self.application.run_polling(drop_pending_updates=True)
  File "C:\Users\user\Desktop\crypto_botV2\venv\Lib\site-packages\telegram\ext\_application.py", line 818, in run_polling
    return self.__run(
           ^^^^^^^^^^^
  File "C:\Users\user\Desktop\crypto_botV2\venv\Lib\site-packages\telegram\ext\_application.py", line 1017, in __run
    loop.run_until_complete(self.shutdown())
  File "D:\Python 3.11\Lib\asyncio\base_events.py", line 629, in run_until_complete
    self._check_closed()
  File "D:\Python 3.11\Lib\asyncio\base_events.py", line 520, in _check_closed
    raise RuntimeError('Event loop is closed')
RuntimeError: Event loop is closed
2026-03-18 21:47:21,118 - crypto_bot - INFO - 🚀 Starting bot...
2026-03-18 21:47:21,294 - crypto_bot - INFO - ⚙️ Building Telegram Application...
2026-03-18 21:47:21,452 - crypto_bot - INFO - 📦 Registering handlers...
2026-03-18 21:47:21,452 - crypto_bot - INFO - ✅ start handler registered
2026-03-18 21:47:21,452 - crypto_bot - INFO - ✅ help handler registered
2026-03-18 21:47:21,452 - crypto_bot - INFO - ✅ pairs handler registered
2026-03-18 21:47:21,452 - crypto_bot - INFO - ✅ signal handler registered
2026-03-18 21:47:21,452 - crypto_bot - INFO - ✅ status handler registered
2026-03-18 21:47:21,452 - crypto_bot - INFO - ✅ callback handler registered
2026-03-18 21:47:21,452 - crypto_bot - INFO - 📊 Handlers count: 1
2026-03-18 21:47:21,452 - crypto_bot - INFO - ✅ Telegram бот инициализирован
2026-03-18 21:47:21,452 - crypto_bot - INFO - 📡 Starting polling...
2026-03-18 21:47:24,066 - crypto_bot - INFO - 🚀 Starting bot...
2026-03-18 21:47:24,253 - crypto_bot - INFO - ⚙️ Building Telegram Application...
2026-03-18 21:47:24,420 - crypto_bot - INFO - 📦 Registering handlers...
2026-03-18 21:47:24,420 - crypto_bot - INFO - ✅ start handler registered
2026-03-18 21:47:24,420 - crypto_bot - INFO - ✅ help handler registered
2026-03-18 21:47:24,420 - crypto_bot - INFO - ✅ pairs handler registered
2026-03-18 21:47:24,420 - crypto_bot - INFO - ✅ signal handler registered
2026-03-18 21:47:24,420 - crypto_bot - INFO - ✅ status handler registered
2026-03-18 21:47:24,420 - crypto_bot - INFO - ✅ callback handler registered
2026-03-18 21:47:24,420 - crypto_bot - INFO - 📊 Handlers count: 1
2026-03-18 21:47:24,420 - crypto_bot - INFO - ✅ Telegram бот инициализирован
2026-03-18 21:47:24,420 - crypto_bot - INFO - 📡 Starting polling...
2026-03-18 21:47:24,420 - crypto_bot - ERROR - ❌ Polling crashed. Restarting in 5 seconds...
Traceback (most recent call last):
  File "C:\Users\user\Desktop\crypto_botV2\venv\Lib\site-packages\telegram\ext\_application.py", line 1006, in __run
    raise exc
  File "C:\Users\user\Desktop\crypto_botV2\venv\Lib\site-packages\telegram\ext\_application.py", line 995, in __run
    loop.run_until_complete(self.initialize())
  File "D:\Python 3.11\Lib\asyncio\base_events.py", line 629, in run_until_complete
    self._check_closed()
  File "D:\Python 3.11\Lib\asyncio\base_events.py", line 520, in _check_closed
    raise RuntimeError('Event loop is closed')
RuntimeError: Event loop is closed

During handling of the above exception, another exception occurred:

Traceback (most recent call last):
  File "C:\Users\user\Desktop\crypto_botV2\main.py", line 27, in main
    bot.run_polling()
  File "C:\Users\user\Desktop\crypto_botV2\telegram_bot\bot.py", line 181, in run_polling
    self.application.run_polling(drop_pending_updates=True)
  File "C:\Users\user\Desktop\crypto_botV2\venv\Lib\site-packages\telegram\ext\_application.py", line 818, in run_polling
    return self.__run(
           ^^^^^^^^^^^
  File "C:\Users\user\Desktop\crypto_botV2\venv\Lib\site-packages\telegram\ext\_application.py", line 1017, in __run
    loop.run_until_complete(self.shutdown())
  File "D:\Python 3.11\Lib\asyncio\base_events.py", line 629, in run_until_complete
    self._check_closed()
  File "D:\Python 3.11\Lib\asyncio\base_events.py", line 520, in _check_closed
    raise RuntimeError('Event loop is closed')
RuntimeError: Event loop is closed
2026-03-18 21:49:52,293 - crypto_bot - INFO - 🚀 Starting bot...
2026-03-18 21:49:52,473 - crypto_bot - INFO - ⚙️ Building Telegram Application...
2026-03-18 21:49:52,635 - crypto_bot - INFO - 📦 Registering handlers...
2026-03-18 21:49:52,635 - crypto_bot - INFO - ✅ start handler registered
2026-03-18 21:49:52,635 - crypto_bot - INFO - ✅ help handler registered
2026-03-18 21:49:52,635 - crypto_bot - INFO - ✅ pairs handler registered
2026-03-18 21:49:52,635 - crypto_bot - INFO - ✅ signal handler registered
2026-03-18 21:49:52,635 - crypto_bot - INFO - ✅ status handler registered
2026-03-18 21:49:52,635 - crypto_bot - INFO - ✅ callback handler registered
2026-03-18 21:49:52,635 - crypto_bot - INFO - 📊 Handlers count: 1
2026-03-18 21:49:52,635 - crypto_bot - INFO - ✅ Telegram бот инициализирован
2026-03-18 21:49:52,635 - crypto_bot - INFO - 📡 Starting polling...
2026-03-18 21:50:18,744 - crypto_bot - INFO - 🚀 Starting bot...
2026-03-18 21:50:18,915 - crypto_bot - INFO - ⚙️ Building Telegram Application...
2026-03-18 21:50:19,090 - crypto_bot - INFO - 📦 Registering handlers...
2026-03-18 21:50:19,090 - crypto_bot - INFO - ✅ start handler registered
2026-03-18 21:50:19,090 - crypto_bot - INFO - ✅ help handler registered
2026-03-18 21:50:19,090 - crypto_bot - INFO - ✅ pairs handler registered
2026-03-18 21:50:19,090 - crypto_bot - INFO - ✅ signal handler registered
2026-03-18 21:50:19,091 - crypto_bot - INFO - ✅ status handler registered
2026-03-18 21:50:19,091 - crypto_bot - INFO - ✅ callback handler registered
2026-03-18 21:50:19,091 - crypto_bot - INFO - 📊 Handlers count: 1
2026-03-18 21:50:19,091 - crypto_bot - INFO - ✅ Telegram бот инициализирован
2026-03-18 21:50:19,091 - crypto_bot - INFO - 📡 Starting polling...
2026-03-18 21:50:19,092 - crypto_bot - ERROR - ❌ Polling crashed. Restarting in 5 seconds...
Traceback (most recent call last):
  File "C:\Users\user\Desktop\crypto_botV2\venv\Lib\site-packages\telegram\ext\_application.py", line 1006, in __run
    raise exc
  File "C:\Users\user\Desktop\crypto_botV2\venv\Lib\site-packages\telegram\ext\_application.py", line 995, in __run
    loop.run_until_complete(self.initialize())
  File "D:\Python 3.11\Lib\asyncio\base_events.py", line 629, in run_until_complete
    self._check_closed()
  File "D:\Python 3.11\Lib\asyncio\base_events.py", line 520, in _check_closed
    raise RuntimeError('Event loop is closed')
RuntimeError: Event loop is closed

During handling of the above exception, another exception occurred:

Traceback (most recent call last):
  File "C:\Users\user\Desktop\crypto_botV2\main.py", line 27, in main
    bot.run_polling()
  File "C:\Users\user\Desktop\crypto_botV2\telegram_bot\bot.py", line 181, in run_polling
    self.application.run_polling(drop_pending_updates=True)
  File "C:\Users\user\Desktop\crypto_botV2\venv\Lib\site-packages\telegram\ext\_application.py", line 818, in run_polling
    return self.__run(
           ^^^^^^^^^^^
  File "C:\Users\user\Desktop\crypto_botV2\venv\Lib\site-packages\telegram\ext\_application.py", line 1017, in __run
    loop.run_until_complete(self.shutdown())
  File "D:\Python 3.11\Lib\asyncio\base_events.py", line 629, in run_until_complete
    self._check_closed()
  File "D:\Python 3.11\Lib\asyncio\base_events.py", line 520, in _check_closed
    raise RuntimeError('Event loop is closed')
RuntimeError: Event loop is closed
2026-03-18 21:59:14,351 - crypto_bot - INFO - 🚀 Starting bot...
2026-03-18 21:59:15,018 - crypto_bot - INFO - 🖥️ Signal GUI thread started
2026-03-18 21:59:15,018 - crypto_bot - INFO - ⚙️ Building Telegram Application...
2026-03-18 21:59:15,206 - crypto_bot - INFO - 📦 Registering handlers...
2026-03-18 21:59:15,206 - crypto_bot - INFO - ✅ start handler registered
2026-03-18 21:59:15,206 - crypto_bot - INFO - ✅ help handler registered
2026-03-18 21:59:15,206 - crypto_bot - INFO - ✅ pairs handler registered
2026-03-18 21:59:15,206 - crypto_bot - INFO - ✅ signal handler registered
2026-03-18 21:59:15,206 - crypto_bot - INFO - ✅ status handler registered
2026-03-18 21:59:15,206 - crypto_bot - INFO - ✅ callback handler registered
2026-03-18 21:59:15,206 - crypto_bot - INFO - 📊 Handlers count: 1
2026-03-18 21:59:15,206 - crypto_bot - INFO - ✅ Telegram бот инициализирован
2026-03-18 21:59:15,206 - crypto_bot - INFO - 📡 Starting polling...
2026-03-18 21:59:31,969 - crypto_bot - INFO - ⚙️ Post init: starting scan_loop task
2026-03-18 21:59:31,969 - crypto_bot - INFO - 🚀 SCAN LOOP STARTED
2026-03-18 21:59:31,969 - crypto_bot - INFO - 🔍 Starting market scan for top-50 symbols...
2026-03-18 21:59:37,178 - crypto_bot - INFO - 📈 Top-50 symbols fetched: 50
2026-03-18 21:59:43,379 - crypto_bot - INFO - 🔥 Active symbols after filter: 48 / 50
2026-03-18 21:59:43,380 - crypto_bot - INFO - 🔍 Scanning BTC/USDT:USDT
2026-03-18 21:59:43,590 - crypto_bot - INFO - ❌ No signal: BTCUSDT
2026-03-18 21:59:43,590 - crypto_bot - INFO - 🔍 Scanning ETH/USDT:USDT
2026-03-18 21:59:43,806 - crypto_bot - INFO - ❌ No signal: ETHUSDT
2026-03-18 21:59:43,806 - crypto_bot - INFO - 🔍 Scanning SOL/USDT:USDT
2026-03-18 21:59:44,178 - crypto_bot - INFO - ❌ No signal: SOLUSDT
2026-03-18 21:59:44,178 - crypto_bot - INFO - 🔍 Scanning HYPE/USDT:USDT
2026-03-18 21:59:44,555 - crypto_bot - INFO - ❌ No signal: HYPEUSDT
2026-03-18 21:59:44,555 - crypto_bot - INFO - 🔍 Scanning XRP/USDT:USDT
2026-03-18 21:59:44,780 - crypto_bot - INFO - ❌ No signal: XRPUSDT
2026-03-18 21:59:44,780 - crypto_bot - INFO - 🔍 Scanning DOGE/USDT:USDT
2026-03-18 21:59:44,980 - crypto_bot - INFO - ❌ No signal: DOGEUSDT
2026-03-18 21:59:44,980 - crypto_bot - INFO - 🔍 Scanning BARD/USDT:USDT
2026-03-18 21:59:45,363 - crypto_bot - INFO - ❌ No signal: BARDUSDT
2026-03-18 21:59:45,363 - crypto_bot - INFO - 🔍 Scanning FARTCOIN/USDT:USDT
2026-03-18 21:59:45,741 - crypto_bot - INFO - ❌ No signal: FARTCOINUSDT
2026-03-18 21:59:45,741 - crypto_bot - INFO - 🔍 Scanning 1000PEPE/USDT:USDT
2026-03-18 21:59:45,956 - crypto_bot - INFO - ❌ No signal: 1000PEPEUSDT
2026-03-18 21:59:45,956 - crypto_bot - INFO - 🔍 Scanning ZEC/USDT:USDT
2026-03-18 21:59:46,167 - crypto_bot - INFO - ❌ No signal: ZECUSDT
2026-03-18 21:59:46,167 - crypto_bot - INFO - 🔍 Scanning XAUT/USDT:USDT
2026-03-18 21:59:46,380 - crypto_bot - INFO - ❌ No signal: XAUTUSDT
2026-03-18 21:59:46,380 - crypto_bot - INFO - 🔍 Scanning LYN/USDT:USDT
2026-03-18 21:59:46,604 - crypto_bot - INFO - ❌ No signal: LYNUSDT
2026-03-18 21:59:46,604 - crypto_bot - INFO - 🔍 Scanning RIVER/USDT:USDT
2026-03-18 21:59:46,971 - crypto_bot - INFO - ❌ No signal: RIVERUSDT
2026-03-18 21:59:46,971 - crypto_bot - INFO - 🔍 Scanning PIPPIN/USDT:USDT
2026-03-18 21:59:47,193 - crypto_bot - INFO - ❌ No signal: PIPPINUSDT
2026-03-18 21:59:47,193 - crypto_bot - INFO - 🔍 Scanning TAO/USDT:USDT
2026-03-18 21:59:47,399 - crypto_bot - INFO - ❌ No signal: TAOUSDT
2026-03-18 21:59:47,399 - crypto_bot - INFO - 🔍 Scanning ADA/USDT:USDT
2026-03-18 21:59:47,656 - crypto_bot - INFO - ❌ No signal: ADAUSDT
2026-03-18 21:59:47,656 - crypto_bot - INFO - 🔍 Scanning TRUMP/USDT:USDT
2026-03-18 21:59:48,370 - crypto_bot - INFO - ❌ No signal: TRUMPUSDT
2026-03-18 21:59:48,370 - crypto_bot - INFO - 🔍 Scanning SUI/USDT:USDT
2026-03-18 21:59:48,754 - crypto_bot - INFO - ❌ No signal: SUIUSDT
2026-03-18 21:59:48,754 - crypto_bot - INFO - 🔍 Scanning ASTER/USDT:USDT
2026-03-18 21:59:49,465 - crypto_bot - INFO - ❌ No signal: ASTERUSDT
2026-03-18 21:59:49,465 - crypto_bot - INFO - 🔍 Scanning ENJ/USDT:USDT
2026-03-18 21:59:49,674 - crypto_bot - INFO - ❌ No signal: ENJUSDT
2026-03-18 21:59:49,674 - crypto_bot - INFO - 🔍 Scanning BAN/USDT:USDT
2026-03-18 21:59:50,374 - crypto_bot - INFO - ❌ No signal: BANUSDT
2026-03-18 21:59:50,374 - crypto_bot - INFO - 🔍 Scanning NEAR/USDT:USDT
2026-03-18 21:59:50,755 - crypto_bot - INFO - ❌ No signal: NEARUSDT
2026-03-18 21:59:50,755 - crypto_bot - INFO - 🔍 Scanning 1000BONK/USDT:USDT
2026-03-18 21:59:51,453 - crypto_bot - INFO - ❌ No signal: 1000BONKUSDT
2026-03-18 21:59:51,467 - crypto_bot - INFO - 🔍 Scanning LINK/USDT:USDT
2026-03-18 21:59:51,680 - crypto_bot - INFO - ❌ No signal: LINKUSDT
2026-03-18 21:59:51,680 - crypto_bot - INFO - 🔍 Scanning ANKR/USDT:USDT
2026-03-18 21:59:52,049 - crypto_bot - INFO - ❌ No signal: ANKRUSDT
2026-03-18 21:59:52,049 - crypto_bot - INFO - 🔍 Scanning BNB/USDT:USDT
2026-03-18 21:59:52,264 - crypto_bot - INFO - ❌ No signal: BNBUSDT
2026-03-18 21:59:52,264 - crypto_bot - INFO - 🔍 Scanning SIREN/USDT:USDT
2026-03-18 21:59:52,476 - crypto_bot - INFO - ❌ No signal: SIRENUSDT
2026-03-18 21:59:52,476 - crypto_bot - INFO - 🔍 Scanning MNT/USDT:USDT
2026-03-18 21:59:52,692 - crypto_bot - INFO - ❌ No signal: MNTUSDT
2026-03-18 21:59:52,692 - crypto_bot - INFO - 🔍 Scanning AAVE/USDT:USDT
2026-03-18 21:59:52,904 - crypto_bot - INFO - ❌ No signal: AAVEUSDT
2026-03-18 21:59:52,904 - crypto_bot - INFO - 🔍 Scanning WIF/USDT:USDT
2026-03-18 21:59:53,121 - crypto_bot - INFO - ❌ No signal: WIFUSDT
2026-03-18 21:59:53,121 - crypto_bot - INFO - 🔍 Scanning ENA/USDT:USDT
2026-03-18 21:59:53,334 - crypto_bot - INFO - ❌ No signal: ENAUSDT
2026-03-18 21:59:53,334 - crypto_bot - INFO - 🔍 Scanning AVAX/USDT:USDT
2026-03-18 21:59:53,550 - crypto_bot - INFO - ❌ No signal: AVAXUSDT
2026-03-18 21:59:53,550 - crypto_bot - INFO - 🔍 Scanning DOT/USDT:USDT
2026-03-18 21:59:53,921 - crypto_bot - INFO - ❌ No signal: DOTUSDT
2026-03-18 21:59:53,921 - crypto_bot - INFO - 🔍 Scanning LTC/USDT:USDT
2026-03-18 21:59:54,145 - crypto_bot - INFO - ❌ No signal: LTCUSDT
2026-03-18 21:59:54,145 - crypto_bot - INFO - 🔍 Scanning XAG/USDT:USDT
2026-03-18 21:59:54,358 - crypto_bot - INFO - ❌ No signal: XAGUSDT
2026-03-18 21:59:54,359 - crypto_bot - INFO - 🔍 Scanning ROBO/USDT:USDT
2026-03-18 21:59:55,063 - crypto_bot - INFO - ❌ No signal: ROBOUSDT
2026-03-18 21:59:55,063 - crypto_bot - INFO - 🔍 Scanning PENGU/USDT:USDT
2026-03-18 21:59:55,278 - crypto_bot - INFO - ❌ No signal: PENGUUSDT
2026-03-18 21:59:55,278 - crypto_bot - INFO - 🔍 Scanning VIRTUAL/USDT:USDT
2026-03-18 21:59:55,650 - crypto_bot - INFO - ❌ No signal: VIRTUALUSDT
2026-03-18 21:59:55,650 - crypto_bot - INFO - 🔍 Scanning XPL/USDT:USDT
2026-03-18 21:59:55,855 - crypto_bot - INFO - ❌ No signal: XPLUSDT
2026-03-18 21:59:55,855 - crypto_bot - INFO - 🔍 Scanning IP/USDT:USDT
2026-03-18 21:59:56,076 - crypto_bot - INFO - ❌ No signal: IPUSDT
2026-03-18 21:59:56,076 - crypto_bot - INFO - 🔍 Scanning KITE/USDT:USDT
2026-03-18 21:59:56,292 - crypto_bot - INFO - ❌ No signal: KITEUSDT
2026-03-18 21:59:56,292 - crypto_bot - INFO - 🔍 Scanning KAS/USDT:USDT
2026-03-18 21:59:56,508 - crypto_bot - INFO - ❌ No signal: KASUSDT
2026-03-18 21:59:56,508 - crypto_bot - INFO - 🔍 Scanning HBAR/USDT:USDT
2026-03-18 21:59:56,722 - crypto_bot - INFO - ❌ No signal: HBARUSDT
2026-03-18 21:59:56,722 - crypto_bot - INFO - 🔍 Scanning POLYX/USDT:USDT
2026-03-18 21:59:56,935 - crypto_bot - INFO - ❌ No signal: POLYXUSDT
2026-03-18 21:59:56,935 - crypto_bot - INFO - 🔍 Scanning VANRY/USDT:USDT
2026-03-18 21:59:57,309 - crypto_bot - INFO - ❌ No signal: VANRYUSDT
2026-03-18 21:59:57,309 - crypto_bot - INFO - 🔍 Scanning AXS/USDT:USDT
2026-03-18 21:59:58,010 - crypto_bot - INFO - ❌ No signal: AXSUSDT
2026-03-18 21:59:58,010 - crypto_bot - INFO - 🔍 Scanning GALA/USDT:USDT
2026-03-18 21:59:58,226 - crypto_bot - INFO - ❌ No signal: GALAUSDT
2026-03-18 21:59:58,226 - crypto_bot - INFO - 🔍 Scanning UNI/USDT:USDT
2026-03-18 21:59:58,444 - crypto_bot - INFO - ❌ No signal: UNIUSDT
2026-03-18 21:59:58,444 - crypto_bot - INFO - 📊 Total signals after scan: 0
2026-03-18 21:59:58,444 - crypto_bot - INFO - 📊 Signals found: 0
2026-03-18 21:59:58,444 - crypto_bot - INFO - ⏳ Sleeping for 3600 seconds
2026-03-18 22:03:57,803 - crypto_bot - INFO - 🛑 Остановка по KeyboardInterrupt
2026-03-18 22:07:03,848 - crypto_bot - INFO - 🚀 Starting bot...
2026-03-18 22:07:04,080 - crypto_bot - INFO - 🖥️ Signal GUI thread started
2026-03-18 22:07:04,080 - crypto_bot - INFO - ⚙️ Building Telegram Application...
2026-03-18 22:07:04,276 - crypto_bot - INFO - 📦 Registering handlers...
2026-03-18 22:07:04,276 - crypto_bot - INFO - ✅ start handler registered
2026-03-18 22:07:04,277 - crypto_bot - INFO - ✅ help handler registered
2026-03-18 22:07:04,277 - crypto_bot - INFO - ✅ pairs handler registered
2026-03-18 22:07:04,277 - crypto_bot - INFO - ✅ signal handler registered
2026-03-18 22:07:04,277 - crypto_bot - INFO - ✅ status handler registered
2026-03-18 22:07:04,277 - crypto_bot - INFO - ✅ callback handler registered
2026-03-18 22:07:04,277 - crypto_bot - INFO - 📊 Handlers count: 1
2026-03-18 22:07:04,278 - crypto_bot - INFO - ✅ Telegram бот инициализирован
2026-03-18 22:07:04,278 - crypto_bot - INFO - 📡 Starting polling...
2026-03-18 22:08:04,344 - crypto_bot - ERROR - ❌ Polling crashed. Restarting in 5 seconds...
Traceback (most recent call last):
  File "C:\Users\user\Desktop\crypto_botV2\venv\Lib\site-packages\httpx\_transports\default.py", line 66, in map_httpcore_exceptions
    yield
  File "C:\Users\user\Desktop\crypto_botV2\venv\Lib\site-packages\httpx\_transports\default.py", line 366, in handle_async_request
    resp = await self._pool.handle_async_request(req)
           ^^^^^^^^^^^^^^^^^^^^^^^^^^^^^^^^^^^^^^^^^^
  File "C:\Users\user\Desktop\crypto_botV2\venv\Lib\site-packages\httpcore\_async\connection_pool.py", line 256, in handle_async_request
    raise exc from None
  File "C:\Users\user\Desktop\crypto_botV2\venv\Lib\site-packages\httpcore\_async\connection_pool.py", line 236, in handle_async_request
    response = await connection.handle_async_request(
               ^^^^^^^^^^^^^^^^^^^^^^^^^^^^^^^^^^^^^^
  File "C:\Users\user\Desktop\crypto_botV2\venv\Lib\site-packages\httpcore\_async\connection.py", line 101, in handle_async_request
    raise exc
  File "C:\Users\user\Desktop\crypto_botV2\venv\Lib\site-packages\httpcore\_async\connection.py", line 78, in handle_async_request
    stream = await self._connect(request)
             ^^^^^^^^^^^^^^^^^^^^^^^^^^^^
  File "C:\Users\user\Desktop\crypto_botV2\venv\Lib\site-packages\httpcore\_async\connection.py", line 156, in _connect
    stream = await stream.start_tls(**kwargs)
             ^^^^^^^^^^^^^^^^^^^^^^^^^^^^^^^^
  File "C:\Users\user\Desktop\crypto_botV2\venv\Lib\site-packages\httpcore\_backends\anyio.py", line 67, in start_tls
    with map_exceptions(exc_map):
  File "D:\Python 3.11\Lib\contextlib.py", line 158, in __exit__
    self.gen.throw(typ, value, traceback)
  File "C:\Users\user\Desktop\crypto_botV2\venv\Lib\site-packages\httpcore\_exceptions.py", line 14, in map_exceptions
    raise to_exc(exc) from exc
httpcore.ConnectTimeout

The above exception was the direct cause of the following exception:

Traceback (most recent call last):
  File "C:\Users\user\Desktop\crypto_botV2\venv\Lib\site-packages\telegram\request\_httpxrequest.py", line 268, in do_request
    res = await self._client.request(
          ^^^^^^^^^^^^^^^^^^^^^^^^^^^
  File "C:\Users\user\Desktop\crypto_botV2\venv\Lib\site-packages\httpx\_client.py", line 1530, in request
    return await self.send(request, auth=auth, follow_redirects=follow_redirects)
           ^^^^^^^^^^^^^^^^^^^^^^^^^^^^^^^^^^^^^^^^^^^^^^^^^^^^^^^^^^^^^^^^^^^^^^
  File "C:\Users\user\Desktop\crypto_botV2\venv\Lib\site-packages\httpx\_client.py", line 1617, in send
    response = await self._send_handling_auth(
               ^^^^^^^^^^^^^^^^^^^^^^^^^^^^^^^
  File "C:\Users\user\Desktop\crypto_botV2\venv\Lib\site-packages\httpx\_client.py", line 1645, in _send_handling_auth
    response = await self._send_handling_redirects(
               ^^^^^^^^^^^^^^^^^^^^^^^^^^^^^^^^^^^^
  File "C:\Users\user\Desktop\crypto_botV2\venv\Lib\site-packages\httpx\_client.py", line 1682, in _send_handling_redirects
    response = await self._send_single_request(request)
               ^^^^^^^^^^^^^^^^^^^^^^^^^^^^^^^^^^^^^^^^
  File "C:\Users\user\Desktop\crypto_botV2\venv\Lib\site-packages\httpx\_client.py", line 1719, in _send_single_request
    response = await transport.handle_async_request(request)
               ^^^^^^^^^^^^^^^^^^^^^^^^^^^^^^^^^^^^^^^^^^^^^
  File "C:\Users\user\Desktop\crypto_botV2\venv\Lib\site-packages\httpx\_transports\default.py", line 365, in handle_async_request
    with map_httpcore_exceptions():
  File "D:\Python 3.11\Lib\contextlib.py", line 158, in __exit__
    self.gen.throw(typ, value, traceback)
  File "C:\Users\user\Desktop\crypto_botV2\venv\Lib\site-packages\httpx\_transports\default.py", line 83, in map_httpcore_exceptions
    raise mapped_exc(message) from exc
httpx.ConnectTimeout

The above exception was the direct cause of the following exception:

Traceback (most recent call last):
  File "C:\Users\user\Desktop\crypto_botV2\main.py", line 27, in main
    bot.run_polling()
  File "C:\Users\user\Desktop\crypto_botV2\telegram_bot\bot.py", line 253, in run_polling
    self.application.run_polling(drop_pending_updates=True)
  File "C:\Users\user\Desktop\crypto_botV2\venv\Lib\site-packages\telegram\ext\_application.py", line 818, in run_polling
    return self.__run(
           ^^^^^^^^^^^
  File "C:\Users\user\Desktop\crypto_botV2\venv\Lib\site-packages\telegram\ext\_application.py", line 1006, in __run
    raise exc
  File "C:\Users\user\Desktop\crypto_botV2\venv\Lib\site-packages\telegram\ext\_application.py", line 995, in __run
    loop.run_until_complete(self.initialize())
  File "D:\Python 3.11\Lib\asyncio\base_events.py", line 654, in run_until_complete
    return future.result()
           ^^^^^^^^^^^^^^^
  File "C:\Users\user\Desktop\crypto_botV2\venv\Lib\site-packages\telegram\ext\_application.py", line 477, in initialize
    await self.bot.initialize()
  File "C:\Users\user\Desktop\crypto_botV2\venv\Lib\site-packages\telegram\ext\_extbot.py", line 286, in initialize
    await super().initialize()
  File "C:\Users\user\Desktop\crypto_botV2\venv\Lib\site-packages\telegram\_bot.py", line 735, in initialize
    await self.get_me()
  File "C:\Users\user\Desktop\crypto_botV2\venv\Lib\site-packages\telegram\ext\_extbot.py", line 1697, in get_me
    return await super().get_me(
           ^^^^^^^^^^^^^^^^^^^^^
  File "C:\Users\user\Desktop\crypto_botV2\venv\Lib\site-packages\telegram\_bot.py", line 525, in decorator
    result = await func(self, *args, **kwargs)  # skipcq: PYL-E1102
             ^^^^^^^^^^^^^^^^^^^^^^^^^^^^^^^^^
  File "C:\Users\user\Desktop\crypto_botV2\venv\Lib\site-packages\telegram\_bot.py", line 775, in get_me
    result = await self._post(
             ^^^^^^^^^^^^^^^^^
  File "C:\Users\user\Desktop\crypto_botV2\venv\Lib\site-packages\telegram\_bot.py", line 613, in _post
    return await self._do_post(
           ^^^^^^^^^^^^^^^^^^^^
  File "C:\Users\user\Desktop\crypto_botV2\venv\Lib\site-packages\telegram\ext\_extbot.py", line 340, in _do_post
    return await super()._do_post(
           ^^^^^^^^^^^^^^^^^^^^^^^
  File "C:\Users\user\Desktop\crypto_botV2\venv\Lib\site-packages\telegram\_bot.py", line 641, in _do_post
    return await request.post(
           ^^^^^^^^^^^^^^^^^^^
  File "C:\Users\user\Desktop\crypto_botV2\venv\Lib\site-packages\telegram\request\_baserequest.py", line 200, in post
    result = await self._request_wrapper(
             ^^^^^^^^^^^^^^^^^^^^^^^^^^^^
  File "C:\Users\user\Desktop\crypto_botV2\venv\Lib\site-packages\telegram\request\_baserequest.py", line 340, in _request_wrapper
    raise exc
  File "C:\Users\user\Desktop\crypto_botV2\venv\Lib\site-packages\telegram\request\_baserequest.py", line 330, in _request_wrapper
    code, payload = await self.do_request(
                    ^^^^^^^^^^^^^^^^^^^^^^
  File "C:\Users\user\Desktop\crypto_botV2\venv\Lib\site-packages\telegram\request\_httpxrequest.py", line 285, in do_request
    raise TimedOut from err
telegram.error.TimedOut: Timed out
2026-03-18 22:08:09,354 - crypto_bot - INFO - 🚀 Starting bot...
2026-03-18 22:08:09,542 - crypto_bot - INFO - 🖥️ Signal GUI thread started
2026-03-18 22:08:09,542 - crypto_bot - INFO - ⚙️ Building Telegram Application...
2026-03-18 22:08:09,729 - crypto_bot - INFO - 📦 Registering handlers...
2026-03-18 22:08:09,729 - crypto_bot - INFO - ✅ start handler registered
2026-03-18 22:08:09,729 - crypto_bot - INFO - ✅ help handler registered
2026-03-18 22:08:09,729 - crypto_bot - INFO - ✅ pairs handler registered
2026-03-18 22:08:09,729 - crypto_bot - INFO - ✅ signal handler registered
2026-03-18 22:08:09,729 - crypto_bot - INFO - ✅ status handler registered
2026-03-18 22:08:09,729 - crypto_bot - INFO - ✅ callback handler registered
2026-03-18 22:08:09,729 - crypto_bot - INFO - 📊 Handlers count: 1
2026-03-18 22:08:09,729 - crypto_bot - INFO - ✅ Telegram бот инициализирован
2026-03-18 22:08:09,729 - crypto_bot - INFO - 📡 Starting polling...
2026-03-18 22:08:09,729 - crypto_bot - ERROR - ❌ Polling crashed. Restarting in 5 seconds...
Traceback (most recent call last):
  File "C:\Users\user\Desktop\crypto_botV2\venv\Lib\site-packages\telegram\ext\_application.py", line 1006, in __run
    raise exc
  File "C:\Users\user\Desktop\crypto_botV2\venv\Lib\site-packages\telegram\ext\_application.py", line 995, in __run
    loop.run_until_complete(self.initialize())
  File "D:\Python 3.11\Lib\asyncio\base_events.py", line 629, in run_until_complete
    self._check_closed()
  File "D:\Python 3.11\Lib\asyncio\base_events.py", line 520, in _check_closed
    raise RuntimeError('Event loop is closed')
RuntimeError: Event loop is closed

During handling of the above exception, another exception occurred:

Traceback (most recent call last):
  File "C:\Users\user\Desktop\crypto_botV2\main.py", line 27, in main
    bot.run_polling()
  File "C:\Users\user\Desktop\crypto_botV2\telegram_bot\bot.py", line 253, in run_polling
    self.application.run_polling(drop_pending_updates=True)
  File "C:\Users\user\Desktop\crypto_botV2\venv\Lib\site-packages\telegram\ext\_application.py", line 818, in run_polling
    return self.__run(
           ^^^^^^^^^^^
  File "C:\Users\user\Desktop\crypto_botV2\venv\Lib\site-packages\telegram\ext\_application.py", line 1017, in __run
    loop.run_until_complete(self.shutdown())
  File "D:\Python 3.11\Lib\asyncio\base_events.py", line 629, in run_until_complete
    self._check_closed()
  File "D:\Python 3.11\Lib\asyncio\base_events.py", line 520, in _check_closed
    raise RuntimeError('Event loop is closed')
RuntimeError: Event loop is closed
2026-03-18 22:11:14,492 - crypto_bot - INFO - 🚀 Starting bot...
2026-03-18 22:11:14,492 - crypto_bot - WARNING - TELEGRAM_TOKEN не задан — бот запустится в режиме scanner + GUI без Telegram polling
2026-03-18 22:11:14,521 - crypto_bot - INFO - 🖥️ Signal GUI thread started
2026-03-18 22:11:14,521 - crypto_bot - INFO - ✅ Telegram отключён: инициализированы scanner + GUI режим
2026-03-18 22:11:14,521 - crypto_bot - INFO - 📡 Starting polling...
2026-03-18 22:11:14,521 - crypto_bot - INFO - 📡 Telegram polling disabled, running standalone scan loop
2026-03-18 22:11:14,530 - crypto_bot - INFO - 🚀 SCAN LOOP STARTED
2026-03-18 22:11:14,530 - crypto_bot - INFO - 🔍 Starting market scan for top-50 symbols...
2026-03-18 22:11:19,863 - crypto_bot - INFO - 📈 Top-50 symbols fetched: 50
2026-03-18 22:11:28,148 - crypto_bot - INFO - 🔥 Active symbols after filter: 46 / 50
2026-03-18 22:11:28,148 - crypto_bot - INFO - 🔍 Scanning BTC/USDT:USDT
2026-03-18 22:11:28,367 - crypto_bot - INFO - ❌ No signal: BTCUSDT
2026-03-18 22:11:28,368 - crypto_bot - INFO - 🔍 Scanning ETH/USDT:USDT
2026-03-18 22:11:28,731 - crypto_bot - INFO - ❌ No signal: ETHUSDT
2026-03-18 22:11:28,731 - crypto_bot - INFO - 🔍 Scanning SOL/USDT:USDT
2026-03-18 22:11:28,954 - crypto_bot - INFO - ❌ No signal: SOLUSDT
2026-03-18 22:11:28,954 - crypto_bot - INFO - 🔍 Scanning HYPE/USDT:USDT
2026-03-18 22:11:29,347 - crypto_bot - INFO - ❌ No signal: HYPEUSDT
2026-03-18 22:11:29,347 - crypto_bot - INFO - 🔍 Scanning XRP/USDT:USDT
2026-03-18 22:11:29,555 - crypto_bot - INFO - ❌ No signal: XRPUSDT
2026-03-18 22:11:29,555 - crypto_bot - INFO - 🔍 Scanning DOGE/USDT:USDT
2026-03-18 22:11:29,942 - crypto_bot - INFO - ❌ No signal: DOGEUSDT
2026-03-18 22:11:29,942 - crypto_bot - INFO - 🔍 Scanning BARD/USDT:USDT
2026-03-18 22:11:30,159 - crypto_bot - INFO - ❌ No signal: BARDUSDT
2026-03-18 22:11:30,159 - crypto_bot - INFO - 🔍 Scanning FARTCOIN/USDT:USDT
2026-03-18 22:11:30,374 - crypto_bot - INFO - ❌ No signal: FARTCOINUSDT
2026-03-18 22:11:30,374 - crypto_bot - INFO - 🔍 Scanning 1000PEPE/USDT:USDT
2026-03-18 22:11:30,588 - crypto_bot - INFO - ❌ No signal: 1000PEPEUSDT
2026-03-18 22:11:30,588 - crypto_bot - INFO - 🔍 Scanning XAUT/USDT:USDT
2026-03-18 22:11:30,797 - crypto_bot - INFO - ❌ No signal: XAUTUSDT
2026-03-18 22:11:30,797 - crypto_bot - INFO - 🔍 Scanning ZEC/USDT:USDT
2026-03-18 22:11:31,026 - crypto_bot - INFO - ❌ No signal: ZECUSDT
2026-03-18 22:11:31,026 - crypto_bot - INFO - 🔍 Scanning LYN/USDT:USDT
2026-03-18 22:11:31,415 - crypto_bot - INFO - ❌ No signal: LYNUSDT
2026-03-18 22:11:31,415 - crypto_bot - INFO - 🔍 Scanning RIVER/USDT:USDT
2026-03-18 22:11:31,784 - crypto_bot - INFO - ❌ No signal: RIVERUSDT
2026-03-18 22:11:31,784 - crypto_bot - INFO - 🔍 Scanning PIPPIN/USDT:USDT
2026-03-18 22:11:32,168 - crypto_bot - INFO - ❌ No signal: PIPPINUSDT
2026-03-18 22:11:32,168 - crypto_bot - INFO - 🔍 Scanning TAO/USDT:USDT
2026-03-18 22:11:32,386 - crypto_bot - INFO - ❌ No signal: TAOUSDT
2026-03-18 22:11:32,386 - crypto_bot - INFO - 🔍 Scanning ADA/USDT:USDT
2026-03-18 22:11:32,609 - crypto_bot - INFO - ❌ No signal: ADAUSDT
2026-03-18 22:11:32,609 - crypto_bot - INFO - 🔍 Scanning TRUMP/USDT:USDT
2026-03-18 22:11:32,821 - crypto_bot - INFO - ❌ No signal: TRUMPUSDT
2026-03-18 22:11:32,821 - crypto_bot - INFO - 🔍 Scanning SUI/USDT:USDT
2026-03-18 22:11:33,029 - crypto_bot - INFO - ❌ No signal: SUIUSDT
2026-03-18 22:11:33,029 - crypto_bot - INFO - 🔍 Scanning ASTER/USDT:USDT
2026-03-18 22:11:33,257 - crypto_bot - INFO - ❌ No signal: ASTERUSDT
2026-03-18 22:11:33,257 - crypto_bot - INFO - 🔍 Scanning ENJ/USDT:USDT
2026-03-18 22:11:33,473 - crypto_bot - INFO - ❌ No signal: ENJUSDT
2026-03-18 22:11:33,473 - crypto_bot - INFO - 🔍 Scanning BAN/USDT:USDT
2026-03-18 22:11:33,739 - crypto_bot - INFO - ❌ No signal: BANUSDT
2026-03-18 22:11:33,739 - crypto_bot - INFO - 🔍 Scanning NEAR/USDT:USDT
2026-03-18 22:11:33,953 - crypto_bot - INFO - ❌ No signal: NEARUSDT
2026-03-18 22:11:33,953 - crypto_bot - INFO - 🔍 Scanning 1000BONK/USDT:USDT
2026-03-18 22:11:34,172 - crypto_bot - INFO - ❌ No signal: 1000BONKUSDT
2026-03-18 22:11:34,172 - crypto_bot - INFO - 🔍 Scanning ANKR/USDT:USDT
2026-03-18 22:11:34,388 - crypto_bot - INFO - ❌ No signal: ANKRUSDT
2026-03-18 22:11:34,388 - crypto_bot - INFO - 🔍 Scanning LINK/USDT:USDT
2026-03-18 22:11:34,601 - crypto_bot - INFO - ❌ No signal: LINKUSDT
2026-03-18 22:11:34,601 - crypto_bot - INFO - 🔍 Scanning BNB/USDT:USDT
2026-03-18 22:11:34,818 - crypto_bot - INFO - ❌ No signal: BNBUSDT
2026-03-18 22:11:34,818 - crypto_bot - INFO - 🔍 Scanning SIREN/USDT:USDT
2026-03-18 22:11:35,034 - crypto_bot - INFO - ❌ No signal: SIRENUSDT
2026-03-18 22:11:35,034 - crypto_bot - INFO - 🔍 Scanning MNT/USDT:USDT
2026-03-18 22:11:35,252 - crypto_bot - INFO - ❌ No signal: MNTUSDT
2026-03-18 22:11:35,252 - crypto_bot - INFO - 🔍 Scanning AAVE/USDT:USDT
2026-03-18 22:11:35,468 - crypto_bot - INFO - ❌ No signal: AAVEUSDT
2026-03-18 22:11:35,468 - crypto_bot - INFO - 🔍 Scanning ENA/USDT:USDT
2026-03-18 22:11:35,692 - crypto_bot - INFO - ❌ No signal: ENAUSDT
2026-03-18 22:11:35,692 - crypto_bot - INFO - 🔍 Scanning WIF/USDT:USDT
2026-03-18 22:11:35,941 - crypto_bot - INFO - ❌ No signal: WIFUSDT
2026-03-18 22:11:35,941 - crypto_bot - INFO - 🔍 Scanning AVAX/USDT:USDT
2026-03-18 22:11:36,159 - crypto_bot - INFO - ❌ No signal: AVAXUSDT
2026-03-18 22:11:36,159 - crypto_bot - INFO - 🔍 Scanning DOT/USDT:USDT
2026-03-18 22:11:36,383 - crypto_bot - INFO - ❌ No signal: DOTUSDT
2026-03-18 22:11:36,383 - crypto_bot - INFO - 🔍 Scanning LTC/USDT:USDT
2026-03-18 22:11:36,748 - crypto_bot - INFO - ❌ No signal: LTCUSDT
2026-03-18 22:11:36,748 - crypto_bot - INFO - 🔍 Scanning XAG/USDT:USDT
2026-03-18 22:11:36,978 - crypto_bot - INFO - ❌ No signal: XAGUSDT
2026-03-18 22:11:36,978 - crypto_bot - INFO - 🔍 Scanning ROBO/USDT:USDT
2026-03-18 22:11:37,186 - crypto_bot - INFO - ❌ No signal: ROBOUSDT
2026-03-18 22:11:37,186 - crypto_bot - INFO - 🔍 Scanning PENGU/USDT:USDT
2026-03-18 22:11:37,413 - crypto_bot - INFO - ❌ No signal: PENGUUSDT
2026-03-18 22:11:37,413 - crypto_bot - INFO - 🔍 Scanning VIRTUAL/USDT:USDT
2026-03-18 22:11:37,626 - crypto_bot - INFO - ❌ No signal: VIRTUALUSDT
2026-03-18 22:11:37,626 - crypto_bot - INFO - 🔍 Scanning XPL/USDT:USDT
2026-03-18 22:11:37,841 - crypto_bot - INFO - ❌ No signal: XPLUSDT
2026-03-18 22:11:37,841 - crypto_bot - INFO - 🔍 Scanning KAS/USDT:USDT
2026-03-18 22:11:38,070 - crypto_bot - INFO - ❌ No signal: KASUSDT
2026-03-18 22:11:38,071 - crypto_bot - INFO - 🔍 Scanning HBAR/USDT:USDT
2026-03-18 22:11:38,361 - crypto_bot - INFO - ❌ No signal: HBARUSDT
2026-03-18 22:11:38,361 - crypto_bot - INFO - 🔍 Scanning POLYX/USDT:USDT
2026-03-18 22:11:38,587 - crypto_bot - INFO - ❌ No signal: POLYXUSDT
2026-03-18 22:11:38,587 - crypto_bot - INFO - 🔍 Scanning GALA/USDT:USDT
2026-03-18 22:11:38,893 - crypto_bot - INFO - ❌ No signal: GALAUSDT
2026-03-18 22:11:38,893 - crypto_bot - INFO - 🔍 Scanning ENSO/USDT:USDT
2026-03-18 22:11:39,111 - crypto_bot - INFO - ❌ No signal: ENSOUSDT
2026-03-18 22:11:39,111 - crypto_bot - INFO - 🔍 Scanning AXS/USDT:USDT
2026-03-18 22:11:39,320 - crypto_bot - INFO - ❌ No signal: AXSUSDT
2026-03-18 22:11:39,320 - crypto_bot - INFO - 🔍 Scanning VANRY/USDT:USDT
2026-03-18 22:11:39,543 - crypto_bot - INFO - ❌ No signal: VANRYUSDT
2026-03-18 22:11:39,543 - crypto_bot - INFO - 📊 Total signals after scan: 0
2026-03-18 22:11:39,543 - crypto_bot - INFO - 📊 Signals found: 0
2026-03-18 22:11:39,543 - crypto_bot - INFO - ⏳ Sleeping for 300 seconds
2026-03-18 22:16:39,555 - crypto_bot - INFO - 🔍 Starting market scan for top-50 symbols...
2026-03-18 22:16:40,259 - crypto_bot - INFO - 📈 Top-50 symbols fetched: 50
2026-03-18 22:16:40,974 - crypto_bot - INFO - 🔥 Active symbols after filter: 46 / 50
2026-03-18 22:16:40,974 - crypto_bot - INFO - 🔍 Scanning BTC/USDT:USDT
2026-03-18 22:16:41,184 - crypto_bot - INFO - ❌ No signal: BTCUSDT
2026-03-18 22:16:41,184 - crypto_bot - INFO - 🔍 Scanning ETH/USDT:USDT
2026-03-18 22:16:41,382 - crypto_bot - INFO - ❌ No signal: ETHUSDT
2026-03-18 22:16:41,382 - crypto_bot - INFO - 🔍 Scanning SOL/USDT:USDT
2026-03-18 22:16:41,596 - crypto_bot - INFO - ❌ No signal: SOLUSDT
2026-03-18 22:16:41,596 - crypto_bot - INFO - 🔍 Scanning HYPE/USDT:USDT
2026-03-18 22:16:41,803 - crypto_bot - INFO - ❌ No signal: HYPEUSDT
2026-03-18 22:16:41,803 - crypto_bot - INFO - 🔍 Scanning XRP/USDT:USDT
2026-03-18 22:16:42,013 - crypto_bot - INFO - ❌ No signal: XRPUSDT
2026-03-18 22:16:42,013 - crypto_bot - INFO - 🔍 Scanning DOGE/USDT:USDT
2026-03-18 22:16:42,217 - crypto_bot - INFO - ❌ No signal: DOGEUSDT
2026-03-18 22:16:42,217 - crypto_bot - INFO - 🔍 Scanning BARD/USDT:USDT
2026-03-18 22:16:42,438 - crypto_bot - INFO - ❌ No signal: BARDUSDT
2026-03-18 22:16:42,438 - crypto_bot - INFO - 🔍 Scanning FARTCOIN/USDT:USDT
2026-03-18 22:16:42,666 - crypto_bot - INFO - ❌ No signal: FARTCOINUSDT
2026-03-18 22:16:42,666 - crypto_bot - INFO - 🔍 Scanning 1000PEPE/USDT:USDT
2026-03-18 22:16:42,875 - crypto_bot - INFO - ❌ No signal: 1000PEPEUSDT
2026-03-18 22:16:42,875 - crypto_bot - INFO - 🔍 Scanning XAUT/USDT:USDT
2026-03-18 22:16:43,098 - crypto_bot - INFO - ❌ No signal: XAUTUSDT
2026-03-18 22:16:43,098 - crypto_bot - INFO - 🔍 Scanning ZEC/USDT:USDT
2026-03-18 22:16:43,307 - crypto_bot - INFO - ❌ No signal: ZECUSDT
2026-03-18 22:16:43,307 - crypto_bot - INFO - 🔍 Scanning LYN/USDT:USDT
2026-03-18 22:16:43,507 - crypto_bot - INFO - ❌ No signal: LYNUSDT
2026-03-18 22:16:43,507 - crypto_bot - INFO - 🔍 Scanning PIPPIN/USDT:USDT
2026-03-18 22:16:43,718 - crypto_bot - INFO - ❌ No signal: PIPPINUSDT
2026-03-18 22:16:43,718 - crypto_bot - INFO - 🔍 Scanning RIVER/USDT:USDT
2026-03-18 22:16:43,922 - crypto_bot - INFO - ❌ No signal: RIVERUSDT
2026-03-18 22:16:43,922 - crypto_bot - INFO - 🔍 Scanning TAO/USDT:USDT
2026-03-18 22:16:44,123 - crypto_bot - INFO - ❌ No signal: TAOUSDT
2026-03-18 22:16:44,123 - crypto_bot - INFO - 🔍 Scanning ADA/USDT:USDT
2026-03-18 22:16:44,345 - crypto_bot - INFO - ❌ No signal: ADAUSDT
2026-03-18 22:16:44,345 - crypto_bot - INFO - 🔍 Scanning TRUMP/USDT:USDT
2026-03-18 22:16:44,567 - crypto_bot - INFO - ❌ No signal: TRUMPUSDT
2026-03-18 22:16:44,567 - crypto_bot - INFO - 🔍 Scanning SUI/USDT:USDT
2026-03-18 22:16:44,783 - crypto_bot - INFO - ❌ No signal: SUIUSDT
2026-03-18 22:16:44,783 - crypto_bot - INFO - 🔍 Scanning ASTER/USDT:USDT
2026-03-18 22:16:45,002 - crypto_bot - INFO - ❌ No signal: ASTERUSDT
2026-03-18 22:16:45,002 - crypto_bot - INFO - 🔍 Scanning ENJ/USDT:USDT
2026-03-18 22:16:45,206 - crypto_bot - INFO - ❌ No signal: ENJUSDT
2026-03-18 22:16:45,206 - crypto_bot - INFO - 🔍 Scanning BAN/USDT:USDT
2026-03-18 22:16:45,455 - crypto_bot - INFO - ❌ No signal: BANUSDT
2026-03-18 22:16:45,455 - crypto_bot - INFO - 🔍 Scanning NEAR/USDT:USDT
2026-03-18 22:16:45,675 - crypto_bot - INFO - ❌ No signal: NEARUSDT
2026-03-18 22:16:45,675 - crypto_bot - INFO - 🔍 Scanning 1000BONK/USDT:USDT
2026-03-18 22:16:45,912 - crypto_bot - INFO - ❌ No signal: 1000BONKUSDT
2026-03-18 22:16:45,913 - crypto_bot - INFO - 🔍 Scanning ANKR/USDT:USDT
2026-03-18 22:16:46,124 - crypto_bot - INFO - ❌ No signal: ANKRUSDT
2026-03-18 22:16:46,124 - crypto_bot - INFO - 🔍 Scanning LINK/USDT:USDT
2026-03-18 22:16:46,337 - crypto_bot - INFO - ❌ No signal: LINKUSDT
2026-03-18 22:16:46,337 - crypto_bot - INFO - 🔍 Scanning BNB/USDT:USDT
2026-03-18 22:16:46,559 - crypto_bot - INFO - ❌ No signal: BNBUSDT
2026-03-18 22:16:46,560 - crypto_bot - INFO - 🔍 Scanning SIREN/USDT:USDT
2026-03-18 22:16:46,768 - crypto_bot - INFO - ❌ No signal: SIRENUSDT
2026-03-18 22:16:46,769 - crypto_bot - INFO - 🔍 Scanning MNT/USDT:USDT
2026-03-18 22:16:46,992 - crypto_bot - INFO - ❌ No signal: MNTUSDT
2026-03-18 22:16:46,992 - crypto_bot - INFO - 🔍 Scanning AAVE/USDT:USDT
2026-03-18 22:16:47,196 - crypto_bot - INFO - ❌ No signal: AAVEUSDT
2026-03-18 22:16:47,196 - crypto_bot - INFO - 🔍 Scanning ENA/USDT:USDT
2026-03-18 22:16:47,399 - crypto_bot - INFO - ❌ No signal: ENAUSDT
2026-03-18 22:16:47,399 - crypto_bot - INFO - 🔍 Scanning WIF/USDT:USDT
2026-03-18 22:16:47,627 - crypto_bot - INFO - ❌ No signal: WIFUSDT
2026-03-18 22:16:47,627 - crypto_bot - INFO - 🔍 Scanning AVAX/USDT:USDT
2026-03-18 22:16:47,836 - crypto_bot - INFO - ❌ No signal: AVAXUSDT
2026-03-18 22:16:47,836 - crypto_bot - INFO - 🔍 Scanning DOT/USDT:USDT
2026-03-18 22:16:48,048 - crypto_bot - INFO - ❌ No signal: DOTUSDT
2026-03-18 22:16:48,048 - crypto_bot - INFO - 🔍 Scanning LTC/USDT:USDT
2026-03-18 22:16:48,269 - crypto_bot - INFO - ❌ No signal: LTCUSDT
2026-03-18 22:16:48,269 - crypto_bot - INFO - 🔍 Scanning XAG/USDT:USDT
2026-03-18 22:16:48,485 - crypto_bot - INFO - ❌ No signal: XAGUSDT
2026-03-18 22:16:48,485 - crypto_bot - INFO - 🔍 Scanning ROBO/USDT:USDT
2026-03-18 22:16:48,694 - crypto_bot - INFO - ❌ No signal: ROBOUSDT
2026-03-18 22:16:48,694 - crypto_bot - INFO - 🔍 Scanning PENGU/USDT:USDT
2026-03-18 22:16:48,929 - crypto_bot - INFO - ❌ No signal: PENGUUSDT
2026-03-18 22:16:48,929 - crypto_bot - INFO - 🔍 Scanning VIRTUAL/USDT:USDT
2026-03-18 22:16:49,151 - crypto_bot - INFO - ❌ No signal: VIRTUALUSDT
2026-03-18 22:16:49,151 - crypto_bot - INFO - 🔍 Scanning XPL/USDT:USDT
2026-03-18 22:16:49,365 - crypto_bot - INFO - ❌ No signal: XPLUSDT
2026-03-18 22:16:49,365 - crypto_bot - INFO - 🔍 Scanning KAS/USDT:USDT
2026-03-18 22:16:49,578 - crypto_bot - INFO - ❌ No signal: KASUSDT
2026-03-18 22:16:49,578 - crypto_bot - INFO - 🔍 Scanning HBAR/USDT:USDT
2026-03-18 22:16:49,795 - crypto_bot - INFO - ❌ No signal: HBARUSDT
2026-03-18 22:16:49,795 - crypto_bot - INFO - 🔍 Scanning POLYX/USDT:USDT
2026-03-18 22:16:50,002 - crypto_bot - INFO - ❌ No signal: POLYXUSDT
2026-03-18 22:16:50,003 - crypto_bot - INFO - 🔍 Scanning GALA/USDT:USDT
2026-03-18 22:16:50,218 - crypto_bot - INFO - ❌ No signal: GALAUSDT
2026-03-18 22:16:50,218 - crypto_bot - INFO - 🔍 Scanning ENSO/USDT:USDT
2026-03-18 22:16:50,419 - crypto_bot - INFO - ❌ No signal: ENSOUSDT
2026-03-18 22:16:50,419 - crypto_bot - INFO - 🔍 Scanning AXS/USDT:USDT
2026-03-18 22:16:50,663 - crypto_bot - INFO - ❌ No signal: AXSUSDT
2026-03-18 22:16:50,663 - crypto_bot - INFO - 🔍 Scanning UNI/USDT:USDT
2026-03-18 22:16:50,877 - crypto_bot - INFO - ❌ No signal: UNIUSDT
2026-03-18 22:16:50,877 - crypto_bot - INFO - 📊 Total signals after scan: 0
2026-03-18 22:16:50,877 - crypto_bot - INFO - 📊 Signals found: 0
2026-03-18 22:16:50,877 - crypto_bot - INFO - ⏳ Sleeping for 300 seconds
2026-03-18 22:21:32,989 - crypto_bot - INFO - 🛑 Остановка по KeyboardInterrupt
2026-03-18 23:37:37,987 - crypto_bot - INFO - 🚀 Starting bot...
2026-03-18 23:37:37,987 - crypto_bot - WARNING - TELEGRAM_TOKEN не задан — бот запустится в режиме scanner + GUI без Telegram polling
2026-03-18 23:37:38,026 - crypto_bot - INFO - 🖥️ Signal GUI thread started
2026-03-18 23:37:38,026 - crypto_bot - INFO - ✅ Telegram отключён: инициализированы scanner + GUI режим
2026-03-18 23:37:38,026 - crypto_bot - INFO - 📡 Starting polling...
2026-03-18 23:37:38,026 - crypto_bot - INFO - 📡 Telegram polling disabled, running standalone scan loop
2026-03-18 23:37:38,036 - crypto_bot - INFO - 🚀 SCAN LOOP STARTED
2026-03-18 23:37:38,036 - crypto_bot - INFO - 🔍 Starting market scan for top-50 symbols...
2026-03-18 23:37:46,693 - crypto_bot - INFO - 📈 Top-50 symbols fetched: 50
2026-03-18 23:37:53,032 - crypto_bot - INFO - 🔥 Active symbols after filter: 48 / 50
2026-03-18 23:37:53,032 - crypto_bot - INFO - 🔍 Scanning BTC/USDT:USDT
2026-03-18 23:37:53,251 - crypto_bot - INFO - ❌ No signal: BTCUSDT
2026-03-18 23:37:53,253 - crypto_bot - INFO - 🔍 Scanning ETH/USDT:USDT
2026-03-18 23:37:53,467 - crypto_bot - INFO - ❌ No signal: ETHUSDT
2026-03-18 23:37:53,467 - crypto_bot - INFO - 🔍 Scanning SOL/USDT:USDT
2026-03-18 23:37:53,672 - crypto_bot - INFO - ❌ No signal: SOLUSDT
2026-03-18 23:37:53,672 - crypto_bot - INFO - 🔍 Scanning HYPE/USDT:USDT
2026-03-18 23:37:53,890 - crypto_bot - INFO - ❌ No signal: HYPEUSDT
2026-03-18 23:37:53,890 - crypto_bot - INFO - 🔍 Scanning XRP/USDT:USDT
2026-03-18 23:37:54,110 - crypto_bot - INFO - ❌ No signal: XRPUSDT
2026-03-18 23:37:54,110 - crypto_bot - INFO - 🔍 Scanning DOGE/USDT:USDT
2026-03-18 23:37:54,330 - crypto_bot - INFO - ❌ No signal: DOGEUSDT
2026-03-18 23:37:54,330 - crypto_bot - INFO - 🔍 Scanning BARD/USDT:USDT
2026-03-18 23:37:54,544 - crypto_bot - INFO - ❌ No signal: BARDUSDT
2026-03-18 23:37:54,544 - crypto_bot - INFO - 🔍 Scanning FARTCOIN/USDT:USDT
2026-03-18 23:37:54,757 - crypto_bot - INFO - ❌ No signal: FARTCOINUSDT
2026-03-18 23:37:54,757 - crypto_bot - INFO - 🔍 Scanning 1000PEPE/USDT:USDT
2026-03-18 23:37:54,980 - crypto_bot - INFO - ❌ No signal: 1000PEPEUSDT
2026-03-18 23:37:54,980 - crypto_bot - INFO - 🔍 Scanning XAUT/USDT:USDT
2026-03-18 23:37:55,195 - crypto_bot - INFO - ❌ No signal: XAUTUSDT
2026-03-18 23:37:55,195 - crypto_bot - INFO - 🔍 Scanning RIVER/USDT:USDT
2026-03-18 23:37:55,407 - crypto_bot - INFO - ❌ No signal: RIVERUSDT
2026-03-18 23:37:55,407 - crypto_bot - INFO - 🔍 Scanning ZEC/USDT:USDT
2026-03-18 23:37:55,627 - crypto_bot - INFO - ❌ No signal: ZECUSDT
2026-03-18 23:37:55,627 - crypto_bot - INFO - 🔍 Scanning LYN/USDT:USDT
2026-03-18 23:37:55,837 - crypto_bot - INFO - ❌ No signal: LYNUSDT
2026-03-18 23:37:55,837 - crypto_bot - INFO - 🔍 Scanning PIPPIN/USDT:USDT
2026-03-18 23:37:56,220 - crypto_bot - INFO - ❌ No signal: PIPPINUSDT
2026-03-18 23:37:56,220 - crypto_bot - INFO - 🔍 Scanning TAO/USDT:USDT
2026-03-18 23:37:56,421 - crypto_bot - INFO - ❌ No signal: TAOUSDT
2026-03-18 23:37:56,437 - crypto_bot - INFO - 🔍 Scanning ADA/USDT:USDT
2026-03-18 23:37:56,655 - crypto_bot - INFO - ❌ No signal: ADAUSDT
2026-03-18 23:37:56,655 - crypto_bot - INFO - 🔍 Scanning TRUMP/USDT:USDT
2026-03-18 23:37:56,882 - crypto_bot - INFO - ❌ No signal: TRUMPUSDT
2026-03-18 23:37:56,882 - crypto_bot - INFO - 🔍 Scanning SUI/USDT:USDT
2026-03-18 23:37:57,132 - crypto_bot - INFO - ❌ No signal: SUIUSDT
2026-03-18 23:37:57,132 - crypto_bot - INFO - 🔍 Scanning ASTER/USDT:USDT
2026-03-18 23:37:57,343 - crypto_bot - INFO - ❌ No signal: ASTERUSDT
2026-03-18 23:37:57,343 - crypto_bot - INFO - 🔍 Scanning ENJ/USDT:USDT
2026-03-18 23:37:57,563 - crypto_bot - INFO - ❌ No signal: ENJUSDT
2026-03-18 23:37:57,563 - crypto_bot - INFO - 🔍 Scanning BAN/USDT:USDT
2026-03-18 23:37:57,781 - crypto_bot - INFO - ❌ No signal: BANUSDT
2026-03-18 23:37:57,781 - crypto_bot - INFO - 🔍 Scanning NEAR/USDT:USDT
2026-03-18 23:37:57,998 - crypto_bot - INFO - ❌ No signal: NEARUSDT
2026-03-18 23:37:57,998 - crypto_bot - INFO - 🔍 Scanning 1000BONK/USDT:USDT
2026-03-18 23:37:58,214 - crypto_bot - INFO - ❌ No signal: 1000BONKUSDT
2026-03-18 23:37:58,214 - crypto_bot - INFO - 🔍 Scanning ANKR/USDT:USDT
2026-03-18 23:37:58,430 - crypto_bot - INFO - ❌ No signal: ANKRUSDT
2026-03-18 23:37:58,430 - crypto_bot - INFO - 🔍 Scanning LINK/USDT:USDT
2026-03-18 23:37:58,646 - crypto_bot - INFO - ❌ No signal: LINKUSDT
2026-03-18 23:37:58,646 - crypto_bot - INFO - 🔍 Scanning BNB/USDT:USDT
2026-03-18 23:37:58,861 - crypto_bot - INFO - ❌ No signal: BNBUSDT
2026-03-18 23:37:58,861 - crypto_bot - INFO - 🔍 Scanning SIREN/USDT:USDT
2026-03-18 23:37:59,087 - crypto_bot - INFO - ❌ No signal: SIRENUSDT
2026-03-18 23:37:59,087 - crypto_bot - INFO - 🔍 Scanning MNT/USDT:USDT
2026-03-18 23:37:59,312 - crypto_bot - INFO - ❌ No signal: MNTUSDT
2026-03-18 23:37:59,312 - crypto_bot - INFO - 🔍 Scanning AAVE/USDT:USDT
2026-03-18 23:37:59,530 - crypto_bot - INFO - ❌ No signal: AAVEUSDT
2026-03-18 23:37:59,530 - crypto_bot - INFO - 🔍 Scanning ENA/USDT:USDT
2026-03-18 23:37:59,743 - crypto_bot - INFO - ❌ No signal: ENAUSDT
2026-03-18 23:37:59,744 - crypto_bot - INFO - 🔍 Scanning WIF/USDT:USDT
2026-03-18 23:37:59,958 - crypto_bot - INFO - ❌ No signal: WIFUSDT
2026-03-18 23:37:59,959 - crypto_bot - INFO - 🔍 Scanning AVAX/USDT:USDT
2026-03-18 23:38:00,173 - crypto_bot - INFO - ❌ No signal: AVAXUSDT
2026-03-18 23:38:00,173 - crypto_bot - INFO - 🔍 Scanning DOT/USDT:USDT
2026-03-18 23:38:00,389 - crypto_bot - INFO - ❌ No signal: DOTUSDT
2026-03-18 23:38:00,389 - crypto_bot - INFO - 🔍 Scanning XAG/USDT:USDT
2026-03-18 23:38:00,606 - crypto_bot - INFO - ❌ No signal: XAGUSDT
2026-03-18 23:38:00,607 - crypto_bot - INFO - 🔍 Scanning LTC/USDT:USDT
2026-03-18 23:38:00,812 - crypto_bot - INFO - ❌ No signal: LTCUSDT
2026-03-18 23:38:00,812 - crypto_bot - INFO - 🔍 Scanning PENGU/USDT:USDT
2026-03-18 23:38:01,035 - crypto_bot - INFO - ❌ No signal: PENGUUSDT
2026-03-18 23:38:01,035 - crypto_bot - INFO - 🔍 Scanning ROBO/USDT:USDT
2026-03-18 23:38:01,254 - crypto_bot - INFO - ❌ No signal: ROBOUSDT
2026-03-18 23:38:01,254 - crypto_bot - INFO - 🔍 Scanning PIXEL/USDT:USDT
2026-03-18 23:38:01,462 - crypto_bot - INFO - ❌ No signal: PIXELUSDT
2026-03-18 23:38:01,462 - crypto_bot - INFO - 🔍 Scanning VIRTUAL/USDT:USDT
2026-03-18 23:38:01,686 - crypto_bot - INFO - ❌ No signal: VIRTUALUSDT
2026-03-18 23:38:01,686 - crypto_bot - INFO - 🔍 Scanning XPL/USDT:USDT
2026-03-18 23:38:01,911 - crypto_bot - INFO - ❌ No signal: XPLUSDT
2026-03-18 23:38:01,912 - crypto_bot - INFO - 🔍 Scanning HBAR/USDT:USDT
2026-03-18 23:38:02,128 - crypto_bot - INFO - ❌ No signal: HBARUSDT
2026-03-18 23:38:02,128 - crypto_bot - INFO - 🔍 Scanning KITE/USDT:USDT
2026-03-18 23:38:02,343 - crypto_bot - INFO - ❌ No signal: KITEUSDT
2026-03-18 23:38:02,343 - crypto_bot - INFO - 🔍 Scanning KAS/USDT:USDT
2026-03-18 23:38:02,559 - crypto_bot - INFO - ❌ No signal: KASUSDT
2026-03-18 23:38:02,559 - crypto_bot - INFO - 🔍 Scanning GALA/USDT:USDT
2026-03-18 23:38:02,766 - crypto_bot - INFO - ❌ No signal: GALAUSDT
2026-03-18 23:38:02,766 - crypto_bot - INFO - 🔍 Scanning AXS/USDT:USDT
2026-03-18 23:38:02,990 - crypto_bot - INFO - ❌ No signal: AXSUSDT
2026-03-18 23:38:02,991 - crypto_bot - INFO - 🔍 Scanning ENSO/USDT:USDT
2026-03-18 23:38:03,372 - crypto_bot - INFO - ❌ No signal: ENSOUSDT
2026-03-18 23:38:03,372 - crypto_bot - INFO - 🔍 Scanning PUMPFUN/USDT:USDT
2026-03-18 23:38:03,579 - crypto_bot - INFO - ❌ No signal: PUMPFUNUSDT
2026-03-18 23:38:03,579 - crypto_bot - INFO - 🔍 Scanning UNI/USDT:USDT
2026-03-18 23:38:03,810 - crypto_bot - INFO - ❌ No signal: UNIUSDT
2026-03-18 23:38:03,810 - crypto_bot - INFO - 📊 Total signals after scan: 0
2026-03-18 23:38:03,810 - crypto_bot - INFO - 📊 Signals found: 0
2026-03-18 23:38:03,810 - crypto_bot - INFO - ⏳ Sleeping for 300 seconds
2026-03-18 23:38:06,550 - crypto_bot - INFO - 🛑 Остановка по KeyboardInterrupt
2026-03-18 23:39:38,681 - crypto_bot - INFO - 🚀 Starting bot...
2026-03-18 23:39:38,681 - crypto_bot - WARNING - TELEGRAM_TOKEN не задан — бот запустится в режиме scanner + GUI без Telegram polling
2026-03-18 23:39:38,715 - crypto_bot - INFO - 🖥️ Signal GUI thread started
2026-03-18 23:39:38,715 - crypto_bot - INFO - ✅ Telegram отключён: инициализированы scanner + GUI режим
2026-03-18 23:39:38,715 - crypto_bot - INFO - 📡 Starting polling...
2026-03-18 23:39:38,715 - crypto_bot - INFO - 📡 Telegram polling disabled, running standalone scan loop
2026-03-18 23:39:38,715 - crypto_bot - INFO - 🚀 SCAN LOOP STARTED
2026-03-18 23:39:38,715 - crypto_bot - INFO - 🔍 Starting market scan for top-50 symbols...
2026-03-18 23:39:42,075 - crypto_bot - INFO - 📈 Top-50 symbols fetched: 50
2026-03-18 23:39:47,125 - crypto_bot - INFO - 🔥 Active symbols after filter: 47 / 50
2026-03-18 23:39:47,125 - crypto_bot - INFO - 🔍 Scanning BTC/USDT:USDT
2026-03-18 23:39:47,344 - crypto_bot - INFO - ❌ No signal: BTCUSDT
2026-03-18 23:39:47,344 - crypto_bot - INFO - 🔍 Scanning ETH/USDT:USDT
2026-03-18 23:39:47,553 - crypto_bot - INFO - ❌ No signal: ETHUSDT
2026-03-18 23:39:47,553 - crypto_bot - INFO - 🔍 Scanning SOL/USDT:USDT
2026-03-18 23:39:47,779 - crypto_bot - INFO - ❌ No signal: SOLUSDT
2026-03-18 23:39:47,779 - crypto_bot - INFO - 🔍 Scanning HYPE/USDT:USDT
2026-03-18 23:39:47,991 - crypto_bot - INFO - ❌ No signal: HYPEUSDT
2026-03-18 23:39:47,991 - crypto_bot - INFO - 🔍 Scanning XRP/USDT:USDT
2026-03-18 23:39:48,205 - crypto_bot - INFO - ❌ No signal: XRPUSDT
2026-03-18 23:39:48,205 - crypto_bot - INFO - 🔍 Scanning DOGE/USDT:USDT
2026-03-18 23:39:48,423 - crypto_bot - INFO - ❌ No signal: DOGEUSDT
2026-03-18 23:39:48,423 - crypto_bot - INFO - 🔍 Scanning BARD/USDT:USDT
2026-03-18 23:39:48,644 - crypto_bot - INFO - ❌ No signal: BARDUSDT
2026-03-18 23:39:48,644 - crypto_bot - INFO - 🔍 Scanning FARTCOIN/USDT:USDT
2026-03-18 23:39:48,860 - crypto_bot - INFO - ❌ No signal: FARTCOINUSDT
2026-03-18 23:39:48,860 - crypto_bot - INFO - 🔍 Scanning 1000PEPE/USDT:USDT
2026-03-18 23:39:49,077 - crypto_bot - INFO - ❌ No signal: 1000PEPEUSDT
2026-03-18 23:39:49,089 - crypto_bot - INFO - 🔍 Scanning XAUT/USDT:USDT
2026-03-18 23:39:49,797 - crypto_bot - INFO - ❌ No signal: XAUTUSDT
2026-03-18 23:39:49,797 - crypto_bot - INFO - 🔍 Scanning RIVER/USDT:USDT
2026-03-18 23:39:50,505 - crypto_bot - INFO - ❌ No signal: RIVERUSDT
2026-03-18 23:39:50,505 - crypto_bot - INFO - 🔍 Scanning ZEC/USDT:USDT
2026-03-18 23:39:51,218 - crypto_bot - INFO - ❌ No signal: ZECUSDT
2026-03-18 23:39:51,218 - crypto_bot - INFO - 🔍 Scanning LYN/USDT:USDT
2026-03-18 23:39:51,437 - crypto_bot - INFO - ❌ No signal: LYNUSDT
2026-03-18 23:39:51,437 - crypto_bot - INFO - 🔍 Scanning PIPPIN/USDT:USDT
2026-03-18 23:39:51,653 - crypto_bot - INFO - ❌ No signal: PIPPINUSDT
2026-03-18 23:39:51,653 - crypto_bot - INFO - 🔍 Scanning TAO/USDT:USDT
2026-03-18 23:39:51,871 - crypto_bot - INFO - ❌ No signal: TAOUSDT
2026-03-18 23:39:51,872 - crypto_bot - INFO - 🔍 Scanning ADA/USDT:USDT
2026-03-18 23:39:52,563 - crypto_bot - INFO - ❌ No signal: ADAUSDT
2026-03-18 23:39:52,563 - crypto_bot - INFO - 🔍 Scanning TRUMP/USDT:USDT
2026-03-18 23:39:52,793 - crypto_bot - INFO - ❌ No signal: TRUMPUSDT
2026-03-18 23:39:52,793 - crypto_bot - INFO - 🔍 Scanning SUI/USDT:USDT
2026-03-18 23:39:53,009 - crypto_bot - INFO - ❌ No signal: SUIUSDT
2026-03-18 23:39:53,009 - crypto_bot - INFO - 🔍 Scanning ASTER/USDT:USDT
2026-03-18 23:39:53,390 - crypto_bot - INFO - ❌ No signal: ASTERUSDT
2026-03-18 23:39:53,390 - crypto_bot - INFO - 🔍 Scanning ENJ/USDT:USDT
2026-03-18 23:39:53,623 - crypto_bot - INFO - ❌ No signal: ENJUSDT
2026-03-18 23:39:53,623 - crypto_bot - INFO - 🔍 Scanning BAN/USDT:USDT
2026-03-18 23:39:53,844 - crypto_bot - INFO - ❌ No signal: BANUSDT
2026-03-18 23:39:53,844 - crypto_bot - INFO - 🔍 Scanning NEAR/USDT:USDT
2026-03-18 23:39:54,057 - crypto_bot - INFO - ❌ No signal: NEARUSDT
2026-03-18 23:39:54,057 - crypto_bot - INFO - 🔍 Scanning 1000BONK/USDT:USDT
2026-03-18 23:39:54,448 - crypto_bot - INFO - ❌ No signal: 1000BONKUSDT
2026-03-18 23:39:54,448 - crypto_bot - INFO - 🔍 Scanning ANKR/USDT:USDT
2026-03-18 23:39:54,668 - crypto_bot - INFO - ❌ No signal: ANKRUSDT
2026-03-18 23:39:54,668 - crypto_bot - INFO - 🔍 Scanning LINK/USDT:USDT
2026-03-18 23:39:54,885 - crypto_bot - INFO - ❌ No signal: LINKUSDT
2026-03-18 23:39:54,886 - crypto_bot - INFO - 🔍 Scanning BNB/USDT:USDT
2026-03-18 23:39:55,263 - crypto_bot - INFO - ❌ No signal: BNBUSDT
2026-03-18 23:39:55,264 - crypto_bot - INFO - 🔍 Scanning SIREN/USDT:USDT
2026-03-18 23:39:55,485 - crypto_bot - INFO - ❌ No signal: SIRENUSDT
2026-03-18 23:39:55,485 - crypto_bot - INFO - 🔍 Scanning MNT/USDT:USDT
2026-03-18 23:39:55,869 - crypto_bot - INFO - ❌ No signal: MNTUSDT
2026-03-18 23:39:55,869 - crypto_bot - INFO - 🔍 Scanning AAVE/USDT:USDT
2026-03-18 23:39:56,247 - crypto_bot - INFO - ❌ No signal: AAVEUSDT
2026-03-18 23:39:56,247 - crypto_bot - INFO - 🔍 Scanning ENA/USDT:USDT
2026-03-18 23:39:56,466 - crypto_bot - INFO - ❌ No signal: ENAUSDT
2026-03-18 23:39:56,467 - crypto_bot - INFO - 🔍 Scanning WIF/USDT:USDT
2026-03-18 23:39:56,673 - crypto_bot - INFO - ❌ No signal: WIFUSDT
2026-03-18 23:39:56,673 - crypto_bot - INFO - 🔍 Scanning AVAX/USDT:USDT
2026-03-18 23:39:56,905 - crypto_bot - INFO - ❌ No signal: AVAXUSDT
2026-03-18 23:39:56,905 - crypto_bot - INFO - 🔍 Scanning DOT/USDT:USDT
2026-03-18 23:39:57,289 - crypto_bot - INFO - ❌ No signal: DOTUSDT
2026-03-18 23:39:57,289 - crypto_bot - INFO - 🔍 Scanning XAG/USDT:USDT
2026-03-18 23:39:57,508 - crypto_bot - INFO - ❌ No signal: XAGUSDT
2026-03-18 23:39:57,508 - crypto_bot - INFO - 🔍 Scanning LTC/USDT:USDT
2026-03-18 23:39:57,881 - crypto_bot - INFO - ❌ No signal: LTCUSDT
2026-03-18 23:39:57,881 - crypto_bot - INFO - 🔍 Scanning PENGU/USDT:USDT
2026-03-18 23:39:58,108 - crypto_bot - INFO - ❌ No signal: PENGUUSDT
2026-03-18 23:39:58,108 - crypto_bot - INFO - 🔍 Scanning ROBO/USDT:USDT
2026-03-18 23:39:58,324 - crypto_bot - INFO - ❌ No signal: ROBOUSDT
2026-03-18 23:39:58,324 - crypto_bot - INFO - 🔍 Scanning PIXEL/USDT:USDT
2026-03-18 23:39:58,547 - crypto_bot - INFO - ❌ No signal: PIXELUSDT
2026-03-18 23:39:58,547 - crypto_bot - INFO - 🔍 Scanning VIRTUAL/USDT:USDT
2026-03-18 23:39:58,771 - crypto_bot - INFO - ❌ No signal: VIRTUALUSDT
2026-03-18 23:39:58,771 - crypto_bot - INFO - 🔍 Scanning XPL/USDT:USDT
2026-03-18 23:39:58,993 - crypto_bot - INFO - ❌ No signal: XPLUSDT
2026-03-18 23:39:58,993 - crypto_bot - INFO - 🔍 Scanning HBAR/USDT:USDT
2026-03-18 23:39:59,207 - crypto_bot - INFO - ❌ No signal: HBARUSDT
2026-03-18 23:39:59,207 - crypto_bot - INFO - 🔍 Scanning KAS/USDT:USDT
2026-03-18 23:39:59,423 - crypto_bot - INFO - ❌ No signal: KASUSDT
2026-03-18 23:39:59,423 - crypto_bot - INFO - 🔍 Scanning GALA/USDT:USDT
2026-03-18 23:39:59,642 - crypto_bot - INFO - ❌ No signal: GALAUSDT
2026-03-18 23:39:59,642 - crypto_bot - INFO - 🔍 Scanning AXS/USDT:USDT
2026-03-18 23:39:59,865 - crypto_bot - INFO - ❌ No signal: AXSUSDT
2026-03-18 23:39:59,865 - crypto_bot - INFO - 🔍 Scanning ENSO/USDT:USDT
2026-03-18 23:40:00,098 - crypto_bot - INFO - ❌ No signal: ENSOUSDT
2026-03-18 23:40:00,098 - crypto_bot - INFO - 🔍 Scanning PUMPFUN/USDT:USDT
2026-03-18 23:40:00,317 - crypto_bot - INFO - ❌ No signal: PUMPFUNUSDT
2026-03-18 23:40:00,317 - crypto_bot - INFO - 🔍 Scanning UNI/USDT:USDT
2026-03-18 23:40:00,542 - crypto_bot - INFO - ❌ No signal: UNIUSDT
2026-03-18 23:40:00,543 - crypto_bot - INFO - 📊 Total signals after scan: 0
2026-03-18 23:40:00,543 - crypto_bot - INFO - 📊 Signals found: 0
2026-03-18 23:40:00,544 - crypto_bot - INFO - ⏳ Sleeping for 300 seconds
2026-03-18 23:40:09,517 - crypto_bot - INFO - 🛑 Остановка по KeyboardInterrupt
2026-03-18 23:41:33,693 - crypto_bot - INFO - 🚀 Starting bot...
2026-03-18 23:41:33,693 - crypto_bot - WARNING - TELEGRAM_TOKEN не задан — бот запустится в режиме scanner + GUI без Telegram polling
2026-03-18 23:41:33,727 - crypto_bot - INFO - 🖥️ Signal GUI thread started
2026-03-18 23:41:33,728 - crypto_bot - INFO - ✅ Telegram отключён: инициализированы scanner + GUI режим
2026-03-18 23:41:33,728 - crypto_bot - INFO - 📡 Starting polling...
2026-03-18 23:41:33,728 - crypto_bot - INFO - 📡 Telegram polling disabled, running standalone scan loop
2026-03-18 23:41:33,729 - crypto_bot - INFO - 🚀 SCAN LOOP STARTED
2026-03-18 23:41:33,730 - crypto_bot - INFO - 🔍 Starting market scan for top-50 symbols...
2026-03-18 23:41:38,311 - crypto_bot - INFO - 📈 Top-50 symbols fetched: 50
2026-03-18 23:41:42,250 - crypto_bot - INFO - 🔥 Active symbols after filter: 49 / 50
2026-03-18 23:41:42,250 - crypto_bot - INFO - 🔍 Scanning BTC/USDT:USDT
2026-03-18 23:41:42,476 - crypto_bot - INFO - ❌ No signal: BTCUSDT
2026-03-18 23:41:42,476 - crypto_bot - INFO - 🔍 Scanning ETH/USDT:USDT
2026-03-18 23:41:42,690 - crypto_bot - INFO - ❌ No signal: ETHUSDT
2026-03-18 23:41:42,690 - crypto_bot - INFO - 🔍 Scanning SOL/USDT:USDT
2026-03-18 23:41:42,899 - crypto_bot - INFO - ❌ No signal: SOLUSDT
2026-03-18 23:41:42,899 - crypto_bot - INFO - 🔍 Scanning HYPE/USDT:USDT
2026-03-18 23:41:43,129 - crypto_bot - INFO - ❌ No signal: HYPEUSDT
2026-03-18 23:41:43,129 - crypto_bot - INFO - 🔍 Scanning XRP/USDT:USDT
2026-03-18 23:41:43,347 - crypto_bot - INFO - ❌ No signal: XRPUSDT
2026-03-18 23:41:43,348 - crypto_bot - INFO - 🔍 Scanning DOGE/USDT:USDT
2026-03-18 23:41:43,550 - crypto_bot - INFO - ❌ No signal: DOGEUSDT
2026-03-18 23:41:43,550 - crypto_bot - INFO - 🔍 Scanning BARD/USDT:USDT
2026-03-18 23:41:44,270 - crypto_bot - INFO - ❌ No signal: BARDUSDT
2026-03-18 23:41:44,270 - crypto_bot - INFO - 🔍 Scanning FARTCOIN/USDT:USDT
2026-03-18 23:41:44,488 - crypto_bot - INFO - ❌ No signal: FARTCOINUSDT
2026-03-18 23:41:44,488 - crypto_bot - INFO - 🔍 Scanning 1000PEPE/USDT:USDT
2026-03-18 23:41:45,203 - crypto_bot - INFO - ❌ No signal: 1000PEPEUSDT
2026-03-18 23:41:45,205 - crypto_bot - INFO - 🔍 Scanning XAUT/USDT:USDT
2026-03-18 23:41:45,422 - crypto_bot - INFO - ❌ No signal: XAUTUSDT
2026-03-18 23:41:45,422 - crypto_bot - INFO - 🔍 Scanning RIVER/USDT:USDT
2026-03-18 23:41:45,634 - crypto_bot - INFO - ❌ No signal: RIVERUSDT
2026-03-18 23:41:45,634 - crypto_bot - INFO - 🔍 Scanning ZEC/USDT:USDT
2026-03-18 23:41:46,345 - crypto_bot - INFO - ❌ No signal: ZECUSDT
2026-03-18 23:41:46,345 - crypto_bot - INFO - 🔍 Scanning LYN/USDT:USDT
2026-03-18 23:41:46,559 - crypto_bot - INFO - ❌ No signal: LYNUSDT
2026-03-18 23:41:46,559 - crypto_bot - INFO - 🔍 Scanning PIPPIN/USDT:USDT
2026-03-18 23:41:46,782 - crypto_bot - INFO - ❌ No signal: PIPPINUSDT
2026-03-18 23:41:46,782 - crypto_bot - INFO - 🔍 Scanning TAO/USDT:USDT
2026-03-18 23:41:46,997 - crypto_bot - INFO - ❌ No signal: TAOUSDT
2026-03-18 23:41:46,997 - crypto_bot - INFO - 🔍 Scanning ADA/USDT:USDT
2026-03-18 23:41:47,712 - crypto_bot - INFO - ❌ No signal: ADAUSDT
2026-03-18 23:41:47,712 - crypto_bot - INFO - 🔍 Scanning TRUMP/USDT:USDT
2026-03-18 23:41:48,411 - crypto_bot - INFO - ❌ No signal: TRUMPUSDT
2026-03-18 23:41:48,425 - crypto_bot - INFO - 🔍 Scanning SUI/USDT:USDT
2026-03-18 23:41:48,639 - crypto_bot - INFO - ❌ No signal: SUIUSDT
2026-03-18 23:41:48,639 - crypto_bot - INFO - 🔍 Scanning ASTER/USDT:USDT
2026-03-18 23:41:48,865 - crypto_bot - INFO - ❌ No signal: ASTERUSDT
2026-03-18 23:41:48,865 - crypto_bot - INFO - 🔍 Scanning ENJ/USDT:USDT
2026-03-18 23:41:49,264 - crypto_bot - INFO - ❌ No signal: ENJUSDT
2026-03-18 23:41:49,264 - crypto_bot - INFO - 🔍 Scanning BAN/USDT:USDT
2026-03-18 23:41:49,492 - crypto_bot - INFO - ❌ No signal: BANUSDT
2026-03-18 23:41:49,492 - crypto_bot - INFO - 🔍 Scanning NEAR/USDT:USDT
2026-03-18 23:41:49,710 - crypto_bot - INFO - ❌ No signal: NEARUSDT
2026-03-18 23:41:49,710 - crypto_bot - INFO - 🔍 Scanning 1000BONK/USDT:USDT
2026-03-18 23:41:49,925 - crypto_bot - INFO - ❌ No signal: 1000BONKUSDT
2026-03-18 23:41:49,925 - crypto_bot - INFO - 🔍 Scanning ANKR/USDT:USDT
2026-03-18 23:41:50,146 - crypto_bot - INFO - ❌ No signal: ANKRUSDT
2026-03-18 23:41:50,146 - crypto_bot - INFO - 🔍 Scanning LINK/USDT:USDT
2026-03-18 23:41:50,363 - crypto_bot - INFO - ❌ No signal: LINKUSDT
2026-03-18 23:41:50,363 - crypto_bot - INFO - 🔍 Scanning BNB/USDT:USDT
2026-03-18 23:41:50,596 - crypto_bot - INFO - ❌ No signal: BNBUSDT
2026-03-18 23:41:50,596 - crypto_bot - INFO - 🔍 Scanning SIREN/USDT:USDT
2026-03-18 23:41:50,817 - crypto_bot - INFO - ❌ No signal: SIRENUSDT
2026-03-18 23:41:50,817 - crypto_bot - INFO - 🔍 Scanning MNT/USDT:USDT
2026-03-18 23:41:51,527 - crypto_bot - INFO - ❌ No signal: MNTUSDT
2026-03-18 23:41:51,527 - crypto_bot - INFO - 🔍 Scanning AAVE/USDT:USDT
2026-03-18 23:41:51,958 - crypto_bot - INFO - ❌ No signal: AAVEUSDT
2026-03-18 23:41:51,958 - crypto_bot - INFO - 🔍 Scanning ENA/USDT:USDT
2026-03-18 23:41:52,349 - crypto_bot - INFO - ❌ No signal: ENAUSDT
2026-03-18 23:41:52,349 - crypto_bot - INFO - 🔍 Scanning WIF/USDT:USDT
2026-03-18 23:41:52,564 - crypto_bot - INFO - ❌ No signal: WIFUSDT
2026-03-18 23:41:52,564 - crypto_bot - INFO - 🔍 Scanning AVAX/USDT:USDT
2026-03-18 23:41:52,826 - crypto_bot - INFO - ❌ No signal: AVAXUSDT
2026-03-18 23:41:52,826 - crypto_bot - INFO - 🔍 Scanning DOT/USDT:USDT
2026-03-18 23:41:53,039 - crypto_bot - INFO - ❌ No signal: DOTUSDT
2026-03-18 23:41:53,039 - crypto_bot - INFO - 🔍 Scanning XAG/USDT:USDT
2026-03-18 23:41:53,266 - crypto_bot - INFO - ❌ No signal: XAGUSDT
2026-03-18 23:41:53,266 - crypto_bot - INFO - 🔍 Scanning LTC/USDT:USDT
2026-03-18 23:41:53,481 - crypto_bot - INFO - ❌ No signal: LTCUSDT
2026-03-18 23:41:53,481 - crypto_bot - INFO - 🔍 Scanning PENGU/USDT:USDT
2026-03-18 23:41:53,706 - crypto_bot - INFO - ❌ No signal: PENGUUSDT
2026-03-18 23:41:53,706 - crypto_bot - INFO - 🔍 Scanning ROBO/USDT:USDT
2026-03-18 23:41:53,913 - crypto_bot - INFO - ❌ No signal: ROBOUSDT
2026-03-18 23:41:53,913 - crypto_bot - INFO - 🔍 Scanning PIXEL/USDT:USDT
2026-03-18 23:41:54,306 - crypto_bot - INFO - ❌ No signal: PIXELUSDT
2026-03-18 23:41:54,306 - crypto_bot - INFO - 🔍 Scanning VIRTUAL/USDT:USDT
2026-03-18 23:41:54,533 - crypto_bot - INFO - ❌ No signal: VIRTUALUSDT
2026-03-18 23:41:54,535 - crypto_bot - INFO - 🔍 Scanning IP/USDT:USDT
2026-03-18 23:41:54,756 - crypto_bot - INFO - ❌ No signal: IPUSDT
2026-03-18 23:41:54,756 - crypto_bot - INFO - 🔍 Scanning XPL/USDT:USDT
2026-03-18 23:41:54,975 - crypto_bot - INFO - ❌ No signal: XPLUSDT
2026-03-18 23:41:54,975 - crypto_bot - INFO - 🔍 Scanning HBAR/USDT:USDT
2026-03-18 23:41:55,197 - crypto_bot - INFO - ❌ No signal: HBARUSDT
2026-03-18 23:41:55,197 - crypto_bot - INFO - 🔍 Scanning KITE/USDT:USDT
2026-03-18 23:41:55,406 - crypto_bot - INFO - ❌ No signal: KITEUSDT
2026-03-18 23:41:55,406 - crypto_bot - INFO - 🔍 Scanning KAS/USDT:USDT
2026-03-18 23:41:55,636 - crypto_bot - INFO - ❌ No signal: KASUSDT
2026-03-18 23:41:55,636 - crypto_bot - INFO - 🔍 Scanning GALA/USDT:USDT
2026-03-18 23:41:55,850 - crypto_bot - INFO - ❌ No signal: GALAUSDT
2026-03-18 23:41:55,850 - crypto_bot - INFO - 🔍 Scanning AXS/USDT:USDT
2026-03-18 23:41:56,070 - crypto_bot - INFO - ❌ No signal: AXSUSDT
2026-03-18 23:41:56,070 - crypto_bot - INFO - 🔍 Scanning ENSO/USDT:USDT
2026-03-18 23:41:56,289 - crypto_bot - INFO - ❌ No signal: ENSOUSDT
2026-03-18 23:41:56,289 - crypto_bot - INFO - 🔍 Scanning PUMPFUN/USDT:USDT
2026-03-18 23:41:56,507 - crypto_bot - INFO - ❌ No signal: PUMPFUNUSDT
2026-03-18 23:41:56,507 - crypto_bot - INFO - 🔍 Scanning UNI/USDT:USDT
2026-03-18 23:41:56,729 - crypto_bot - INFO - ❌ No signal: UNIUSDT
2026-03-18 23:41:56,729 - crypto_bot - INFO - 📊 Total signals after scan: 0
2026-03-18 23:41:56,729 - crypto_bot - INFO - 📊 Signals found: 0
2026-03-18 23:41:56,729 - crypto_bot - INFO - ⏳ Sleeping for 300 seconds
2026-03-18 23:41:58,415 - crypto_bot - INFO - 🛑 Остановка по KeyboardInterrupt
2026-03-18 23:42:07,181 - crypto_bot - INFO - 🚀 Starting bot...
2026-03-18 23:42:07,182 - crypto_bot - WARNING - TELEGRAM_TOKEN не задан — бот запустится в режиме scanner + GUI без Telegram polling
2026-03-18 23:42:07,214 - crypto_bot - INFO - 🖥️ Signal GUI thread started
2026-03-18 23:42:07,214 - crypto_bot - INFO - ✅ Telegram отключён: инициализированы scanner + GUI режим
2026-03-18 23:42:07,214 - crypto_bot - INFO - 📡 Starting polling...
2026-03-18 23:42:07,214 - crypto_bot - INFO - 📡 Telegram polling disabled, running standalone scan loop
2026-03-18 23:42:07,215 - crypto_bot - INFO - 🚀 SCAN LOOP STARTED
2026-03-18 23:42:07,215 - crypto_bot - INFO - 🔍 Starting market scan for top-50 symbols...
2026-03-18 23:42:12,600 - crypto_bot - INFO - 📈 Top-50 symbols fetched: 50
2026-03-18 23:42:17,153 - crypto_bot - INFO - 🔥 Active symbols after filter: 49 / 50
2026-03-18 23:42:17,153 - crypto_bot - INFO - 🔍 Scanning BTC/USDT:USDT
2026-03-18 23:42:17,380 - crypto_bot - INFO - ❌ No signal: BTCUSDT
2026-03-18 23:42:17,380 - crypto_bot - INFO - 🔍 Scanning ETH/USDT:USDT
2026-03-18 23:42:18,078 - crypto_bot - INFO - ❌ No signal: ETHUSDT
2026-03-18 23:42:18,078 - crypto_bot - INFO - 🔍 Scanning SOL/USDT:USDT
2026-03-18 23:42:18,298 - crypto_bot - INFO - ❌ No signal: SOLUSDT
2026-03-18 23:42:18,298 - crypto_bot - INFO - 🔍 Scanning HYPE/USDT:USDT
2026-03-18 23:42:18,515 - crypto_bot - INFO - ❌ No signal: HYPEUSDT
2026-03-18 23:42:18,515 - crypto_bot - INFO - 🔍 Scanning XRP/USDT:USDT
2026-03-18 23:42:18,730 - crypto_bot - INFO - ❌ No signal: XRPUSDT
2026-03-18 23:42:18,730 - crypto_bot - INFO - 🔍 Scanning DOGE/USDT:USDT
2026-03-18 23:42:18,943 - crypto_bot - INFO - ❌ No signal: DOGEUSDT
2026-03-18 23:42:18,944 - crypto_bot - INFO - 🔍 Scanning BARD/USDT:USDT
2026-03-18 23:42:19,158 - crypto_bot - INFO - ❌ No signal: BARDUSDT
2026-03-18 23:42:19,158 - crypto_bot - INFO - 🔍 Scanning FARTCOIN/USDT:USDT
2026-03-18 23:42:19,372 - crypto_bot - INFO - ❌ No signal: FARTCOINUSDT
2026-03-18 23:42:19,372 - crypto_bot - INFO - 🔍 Scanning 1000PEPE/USDT:USDT
2026-03-18 23:42:19,585 - crypto_bot - INFO - ❌ No signal: 1000PEPEUSDT
2026-03-18 23:42:19,585 - crypto_bot - INFO - 🔍 Scanning XAUT/USDT:USDT
2026-03-18 23:42:20,288 - crypto_bot - INFO - ❌ No signal: XAUTUSDT
2026-03-18 23:42:20,288 - crypto_bot - INFO - 🔍 Scanning RIVER/USDT:USDT
2026-03-18 23:42:20,674 - crypto_bot - INFO - ❌ No signal: RIVERUSDT
2026-03-18 23:42:20,674 - crypto_bot - INFO - 🔍 Scanning ZEC/USDT:USDT
2026-03-18 23:42:20,875 - crypto_bot - INFO - ❌ No signal: ZECUSDT
2026-03-18 23:42:20,875 - crypto_bot - INFO - 🔍 Scanning LYN/USDT:USDT
2026-03-18 23:42:21,250 - crypto_bot - INFO - ❌ No signal: LYNUSDT
2026-03-18 23:42:21,250 - crypto_bot - INFO - 🔍 Scanning PIPPIN/USDT:USDT
2026-03-18 23:42:21,468 - crypto_bot - INFO - ❌ No signal: PIPPINUSDT
2026-03-18 23:42:21,468 - crypto_bot - INFO - 🔍 Scanning TAO/USDT:USDT
2026-03-18 23:42:21,688 - crypto_bot - INFO - ❌ No signal: TAOUSDT
2026-03-18 23:42:21,688 - crypto_bot - INFO - 🔍 Scanning ADA/USDT:USDT
2026-03-18 23:42:21,908 - crypto_bot - INFO - ❌ No signal: ADAUSDT
2026-03-18 23:42:21,908 - crypto_bot - INFO - 🔍 Scanning TRUMP/USDT:USDT
2026-03-18 23:42:22,618 - crypto_bot - INFO - ❌ No signal: TRUMPUSDT
2026-03-18 23:42:22,619 - crypto_bot - INFO - 🔍 Scanning SUI/USDT:USDT
2026-03-18 23:42:22,832 - crypto_bot - INFO - ❌ No signal: SUIUSDT
2026-03-18 23:42:22,832 - crypto_bot - INFO - 🔍 Scanning ASTER/USDT:USDT
2026-03-18 23:42:23,047 - crypto_bot - INFO - ❌ No signal: ASTERUSDT
2026-03-18 23:42:23,047 - crypto_bot - INFO - 🔍 Scanning ENJ/USDT:USDT
2026-03-18 23:42:23,264 - crypto_bot - INFO - ❌ No signal: ENJUSDT
2026-03-18 23:42:23,264 - crypto_bot - INFO - 🔍 Scanning BAN/USDT:USDT
2026-03-18 23:42:23,468 - crypto_bot - INFO - ❌ No signal: BANUSDT
2026-03-18 23:42:23,468 - crypto_bot - INFO - 🔍 Scanning NEAR/USDT:USDT
2026-03-18 23:42:23,679 - crypto_bot - INFO - ❌ No signal: NEARUSDT
2026-03-18 23:42:23,679 - crypto_bot - INFO - 🔍 Scanning 1000BONK/USDT:USDT
2026-03-18 23:42:23,918 - crypto_bot - INFO - ❌ No signal: 1000BONKUSDT
2026-03-18 23:42:23,918 - crypto_bot - INFO - 🔍 Scanning ANKR/USDT:USDT
2026-03-18 23:42:24,121 - crypto_bot - INFO - ❌ No signal: ANKRUSDT
2026-03-18 23:42:24,121 - crypto_bot - INFO - 🔍 Scanning LINK/USDT:USDT
2026-03-18 23:42:24,346 - crypto_bot - INFO - ❌ No signal: LINKUSDT
2026-03-18 23:42:24,346 - crypto_bot - INFO - 🔍 Scanning BNB/USDT:USDT
2026-03-18 23:42:24,548 - crypto_bot - INFO - ❌ No signal: BNBUSDT
2026-03-18 23:42:24,548 - crypto_bot - INFO - 🔍 Scanning SIREN/USDT:USDT
2026-03-18 23:42:24,775 - crypto_bot - INFO - ❌ No signal: SIRENUSDT
2026-03-18 23:42:24,776 - crypto_bot - INFO - 🔍 Scanning MNT/USDT:USDT
2026-03-18 23:42:25,140 - crypto_bot - INFO - ❌ No signal: MNTUSDT
2026-03-18 23:42:25,140 - crypto_bot - INFO - 🔍 Scanning AAVE/USDT:USDT
2026-03-18 23:42:25,359 - crypto_bot - INFO - ❌ No signal: AAVEUSDT
2026-03-18 23:42:25,359 - crypto_bot - INFO - 🔍 Scanning ENA/USDT:USDT
2026-03-18 23:42:25,581 - crypto_bot - INFO - ❌ No signal: ENAUSDT
2026-03-18 23:42:25,581 - crypto_bot - INFO - 🔍 Scanning WIF/USDT:USDT
2026-03-18 23:42:25,796 - crypto_bot - INFO - ❌ No signal: WIFUSDT
2026-03-18 23:42:25,796 - crypto_bot - INFO - 🔍 Scanning AVAX/USDT:USDT
2026-03-18 23:42:26,015 - crypto_bot - INFO - ❌ No signal: AVAXUSDT
2026-03-18 23:42:26,015 - crypto_bot - INFO - 🔍 Scanning DOT/USDT:USDT
2026-03-18 23:42:26,232 - crypto_bot - INFO - ❌ No signal: DOTUSDT
2026-03-18 23:42:26,232 - crypto_bot - INFO - 🔍 Scanning XAG/USDT:USDT
2026-03-18 23:42:26,447 - crypto_bot - INFO - ❌ No signal: XAGUSDT
2026-03-18 23:42:26,448 - crypto_bot - INFO - 🔍 Scanning LTC/USDT:USDT
2026-03-18 23:42:26,662 - crypto_bot - INFO - ❌ No signal: LTCUSDT
2026-03-18 23:42:26,663 - crypto_bot - INFO - 🔍 Scanning PENGU/USDT:USDT
2026-03-18 23:42:26,876 - crypto_bot - INFO - ❌ No signal: PENGUUSDT
2026-03-18 23:42:26,876 - crypto_bot - INFO - 🔍 Scanning ROBO/USDT:USDT
2026-03-18 23:42:27,089 - crypto_bot - INFO - ❌ No signal: ROBOUSDT
2026-03-18 23:42:27,090 - crypto_bot - INFO - 🔍 Scanning PIXEL/USDT:USDT
2026-03-18 23:42:27,303 - crypto_bot - INFO - ❌ No signal: PIXELUSDT
2026-03-18 23:42:27,303 - crypto_bot - INFO - 🔍 Scanning VIRTUAL/USDT:USDT
2026-03-18 23:42:27,517 - crypto_bot - INFO - ❌ No signal: VIRTUALUSDT
2026-03-18 23:42:27,517 - crypto_bot - INFO - 🔍 Scanning IP/USDT:USDT
2026-03-18 23:42:27,734 - crypto_bot - INFO - ❌ No signal: IPUSDT
2026-03-18 23:42:27,734 - crypto_bot - INFO - 🔍 Scanning XPL/USDT:USDT
2026-03-18 23:42:27,954 - crypto_bot - INFO - ❌ No signal: XPLUSDT
2026-03-18 23:42:27,955 - crypto_bot - INFO - 🔍 Scanning HBAR/USDT:USDT
2026-03-18 23:42:28,162 - crypto_bot - INFO - ❌ No signal: HBARUSDT
2026-03-18 23:42:28,162 - crypto_bot - INFO - 🔍 Scanning KITE/USDT:USDT
2026-03-18 23:42:28,397 - crypto_bot - INFO - ❌ No signal: KITEUSDT
2026-03-18 23:42:28,398 - crypto_bot - INFO - 🔍 Scanning KAS/USDT:USDT
2026-03-18 23:42:29,107 - crypto_bot - INFO - ❌ No signal: KASUSDT
2026-03-18 23:42:29,107 - crypto_bot - INFO - 🔍 Scanning GALA/USDT:USDT
2026-03-18 23:42:29,322 - crypto_bot - INFO - ❌ No signal: GALAUSDT
2026-03-18 23:42:29,322 - crypto_bot - INFO - 🔍 Scanning AXS/USDT:USDT
2026-03-18 23:42:29,538 - crypto_bot - INFO - ❌ No signal: AXSUSDT
2026-03-18 23:42:29,538 - crypto_bot - INFO - 🔍 Scanning ENSO/USDT:USDT
2026-03-18 23:42:29,754 - crypto_bot - INFO - ❌ No signal: ENSOUSDT
2026-03-18 23:42:29,755 - crypto_bot - INFO - 🔍 Scanning PUMPFUN/USDT:USDT
2026-03-18 23:42:29,970 - crypto_bot - INFO - ❌ No signal: PUMPFUNUSDT
2026-03-18 23:42:29,970 - crypto_bot - INFO - 🔍 Scanning UNI/USDT:USDT
2026-03-18 23:42:30,172 - crypto_bot - INFO - ❌ No signal: UNIUSDT
2026-03-18 23:42:30,172 - crypto_bot - INFO - 📊 Total signals after scan: 0
2026-03-18 23:42:30,172 - crypto_bot - INFO - 📊 Signals found: 0
2026-03-18 23:42:30,172 - crypto_bot - INFO - ⏳ Sleeping for 300 seconds
2026-03-18 23:47:30,175 - crypto_bot - INFO - 🔍 Starting market scan for top-50 symbols...
2026-03-18 23:47:30,802 - crypto_bot - INFO - 📈 Top-50 symbols fetched: 50
2026-03-18 23:47:31,495 - crypto_bot - INFO - 🔥 Active symbols after filter: 48 / 50
2026-03-18 23:47:31,495 - crypto_bot - INFO - 🔍 Scanning BTC/USDT:USDT
2026-03-18 23:47:31,709 - crypto_bot - INFO - ❌ No signal: BTCUSDT
2026-03-18 23:47:31,709 - crypto_bot - INFO - 🔍 Scanning ETH/USDT:USDT
2026-03-18 23:47:31,922 - crypto_bot - INFO - ❌ No signal: ETHUSDT
2026-03-18 23:47:31,922 - crypto_bot - INFO - 🔍 Scanning SOL/USDT:USDT
2026-03-18 23:47:32,312 - crypto_bot - INFO - ❌ No signal: SOLUSDT
2026-03-18 23:47:32,312 - crypto_bot - INFO - 🔍 Scanning HYPE/USDT:USDT
2026-03-18 23:47:32,522 - crypto_bot - INFO - ❌ No signal: HYPEUSDT
2026-03-18 23:47:32,522 - crypto_bot - INFO - 🔍 Scanning XRP/USDT:USDT
2026-03-18 23:47:32,736 - crypto_bot - INFO - ❌ No signal: XRPUSDT
2026-03-18 23:47:32,736 - crypto_bot - INFO - 🔍 Scanning DOGE/USDT:USDT
2026-03-18 23:47:32,949 - crypto_bot - INFO - ❌ No signal: DOGEUSDT
2026-03-18 23:47:32,949 - crypto_bot - INFO - 🔍 Scanning BARD/USDT:USDT
2026-03-18 23:47:33,176 - crypto_bot - INFO - ❌ No signal: BARDUSDT
2026-03-18 23:47:33,176 - crypto_bot - INFO - 🔍 Scanning FARTCOIN/USDT:USDT
2026-03-18 23:47:33,390 - crypto_bot - INFO - ❌ No signal: FARTCOINUSDT
2026-03-18 23:47:33,390 - crypto_bot - INFO - 🔍 Scanning 1000PEPE/USDT:USDT
2026-03-18 23:47:33,763 - crypto_bot - INFO - ❌ No signal: 1000PEPEUSDT
2026-03-18 23:47:33,763 - crypto_bot - INFO - 🔍 Scanning XAUT/USDT:USDT
2026-03-18 23:47:33,990 - crypto_bot - INFO - ❌ No signal: XAUTUSDT
2026-03-18 23:47:33,990 - crypto_bot - INFO - 🔍 Scanning RIVER/USDT:USDT
2026-03-18 23:47:34,203 - crypto_bot - INFO - ❌ No signal: RIVERUSDT
2026-03-18 23:47:34,203 - crypto_bot - INFO - 🔍 Scanning ZEC/USDT:USDT
2026-03-18 23:47:34,590 - crypto_bot - INFO - ❌ No signal: ZECUSDT
2026-03-18 23:47:34,590 - crypto_bot - INFO - 🔍 Scanning LYN/USDT:USDT
2026-03-18 23:47:34,806 - crypto_bot - INFO - ❌ No signal: LYNUSDT
2026-03-18 23:47:34,807 - crypto_bot - INFO - 🔍 Scanning PIPPIN/USDT:USDT
2026-03-18 23:47:35,021 - crypto_bot - INFO - ❌ No signal: PIPPINUSDT
2026-03-18 23:47:35,022 - crypto_bot - INFO - 🔍 Scanning TAO/USDT:USDT
2026-03-18 23:47:35,230 - crypto_bot - INFO - ❌ No signal: TAOUSDT
2026-03-18 23:47:35,230 - crypto_bot - INFO - 🔍 Scanning ADA/USDT:USDT
2026-03-18 23:47:35,603 - crypto_bot - INFO - ❌ No signal: ADAUSDT
2026-03-18 23:47:35,603 - crypto_bot - INFO - 🔍 Scanning TRUMP/USDT:USDT
2026-03-18 23:47:35,829 - crypto_bot - INFO - ❌ No signal: TRUMPUSDT
2026-03-18 23:47:35,829 - crypto_bot - INFO - 🔍 Scanning SUI/USDT:USDT
2026-03-18 23:47:36,044 - crypto_bot - INFO - ❌ No signal: SUIUSDT
2026-03-18 23:47:36,044 - crypto_bot - INFO - 🔍 Scanning ASTER/USDT:USDT
2026-03-18 23:47:36,257 - crypto_bot - INFO - ❌ No signal: ASTERUSDT
2026-03-18 23:47:36,257 - crypto_bot - INFO - 🔍 Scanning ENJ/USDT:USDT
2026-03-18 23:47:36,470 - crypto_bot - INFO - ❌ No signal: ENJUSDT
2026-03-18 23:47:36,470 - crypto_bot - INFO - 🔍 Scanning BAN/USDT:USDT
2026-03-18 23:47:36,684 - crypto_bot - INFO - ❌ No signal: BANUSDT
2026-03-18 23:47:36,684 - crypto_bot - INFO - 🔍 Scanning NEAR/USDT:USDT
2026-03-18 23:47:36,897 - crypto_bot - INFO - ❌ No signal: NEARUSDT
2026-03-18 23:47:36,897 - crypto_bot - INFO - 🔍 Scanning 1000BONK/USDT:USDT
2026-03-18 23:47:37,111 - crypto_bot - INFO - ❌ No signal: 1000BONKUSDT
2026-03-18 23:47:37,111 - crypto_bot - INFO - 🔍 Scanning ANKR/USDT:USDT
2026-03-18 23:47:37,333 - crypto_bot - INFO - ❌ No signal: ANKRUSDT
2026-03-18 23:47:37,333 - crypto_bot - INFO - 🔍 Scanning LINK/USDT:USDT
2026-03-18 23:47:37,538 - crypto_bot - INFO - ❌ No signal: LINKUSDT
2026-03-18 23:47:37,538 - crypto_bot - INFO - 🔍 Scanning BNB/USDT:USDT
2026-03-18 23:47:37,751 - crypto_bot - INFO - ❌ No signal: BNBUSDT
2026-03-18 23:47:37,751 - crypto_bot - INFO - 🔍 Scanning SIREN/USDT:USDT
2026-03-18 23:47:37,965 - crypto_bot - INFO - ❌ No signal: SIRENUSDT
2026-03-18 23:47:37,965 - crypto_bot - INFO - 🔍 Scanning MNT/USDT:USDT
2026-03-18 23:47:38,187 - crypto_bot - INFO - ❌ No signal: MNTUSDT
2026-03-18 23:47:38,187 - crypto_bot - INFO - 🔍 Scanning AAVE/USDT:USDT
2026-03-18 23:47:38,403 - crypto_bot - INFO - ❌ No signal: AAVEUSDT
2026-03-18 23:47:38,404 - crypto_bot - INFO - 🔍 Scanning ENA/USDT:USDT
2026-03-18 23:47:38,618 - crypto_bot - INFO - ❌ No signal: ENAUSDT
2026-03-18 23:47:38,618 - crypto_bot - INFO - 🔍 Scanning WIF/USDT:USDT
2026-03-18 23:47:38,834 - crypto_bot - INFO - ❌ No signal: WIFUSDT
2026-03-18 23:47:38,834 - crypto_bot - INFO - 🔍 Scanning AVAX/USDT:USDT
2026-03-18 23:47:39,047 - crypto_bot - INFO - ❌ No signal: AVAXUSDT
2026-03-18 23:47:39,047 - crypto_bot - INFO - 🔍 Scanning DOT/USDT:USDT
2026-03-18 23:47:39,258 - crypto_bot - INFO - ❌ No signal: DOTUSDT
2026-03-18 23:47:39,258 - crypto_bot - INFO - 🔍 Scanning XAG/USDT:USDT
2026-03-18 23:47:39,471 - crypto_bot - INFO - ❌ No signal: XAGUSDT
2026-03-18 23:47:39,471 - crypto_bot - INFO - 🔍 Scanning LTC/USDT:USDT
2026-03-18 23:47:39,698 - crypto_bot - INFO - ❌ No signal: LTCUSDT
2026-03-18 23:47:39,698 - crypto_bot - INFO - 🔍 Scanning PENGU/USDT:USDT
2026-03-18 23:47:39,925 - crypto_bot - INFO - ❌ No signal: PENGUUSDT
2026-03-18 23:47:39,925 - crypto_bot - INFO - 🔍 Scanning ROBO/USDT:USDT
2026-03-18 23:47:40,143 - crypto_bot - INFO - ❌ No signal: ROBOUSDT
2026-03-18 23:47:40,143 - crypto_bot - INFO - 🔍 Scanning VIRTUAL/USDT:USDT
2026-03-18 23:47:40,355 - crypto_bot - INFO - ❌ No signal: VIRTUALUSDT
2026-03-18 23:47:40,355 - crypto_bot - INFO - 🔍 Scanning IP/USDT:USDT
2026-03-18 23:47:40,565 - crypto_bot - INFO - ❌ No signal: IPUSDT
2026-03-18 23:47:40,565 - crypto_bot - INFO - 🔍 Scanning XPL/USDT:USDT
2026-03-18 23:47:40,782 - crypto_bot - INFO - ❌ No signal: XPLUSDT
2026-03-18 23:47:40,782 - crypto_bot - INFO - 🔍 Scanning HBAR/USDT:USDT
2026-03-18 23:47:40,999 - crypto_bot - INFO - ❌ No signal: HBARUSDT
2026-03-18 23:47:40,999 - crypto_bot - INFO - 🔍 Scanning KITE/USDT:USDT
2026-03-18 23:47:41,213 - crypto_bot - INFO - ❌ No signal: KITEUSDT
2026-03-18 23:47:41,214 - crypto_bot - INFO - 🔍 Scanning KAS/USDT:USDT
2026-03-18 23:47:41,430 - crypto_bot - INFO - ❌ No signal: KASUSDT
2026-03-18 23:47:41,431 - crypto_bot - INFO - 🔍 Scanning GALA/USDT:USDT
2026-03-18 23:47:41,645 - crypto_bot - INFO - ❌ No signal: GALAUSDT
2026-03-18 23:47:41,645 - crypto_bot - INFO - 🔍 Scanning AXS/USDT:USDT
2026-03-18 23:47:41,861 - crypto_bot - INFO - ❌ No signal: AXSUSDT
2026-03-18 23:47:41,862 - crypto_bot - INFO - 🔍 Scanning ENSO/USDT:USDT
2026-03-18 23:47:42,076 - crypto_bot - INFO - ❌ No signal: ENSOUSDT
2026-03-18 23:47:42,076 - crypto_bot - INFO - 🔍 Scanning PUMPFUN/USDT:USDT
2026-03-18 23:47:42,290 - crypto_bot - INFO - ❌ No signal: PUMPFUNUSDT
2026-03-18 23:47:42,290 - crypto_bot - INFO - 🔍 Scanning UNI/USDT:USDT
2026-03-18 23:47:42,500 - crypto_bot - INFO - ❌ No signal: UNIUSDT
2026-03-18 23:47:42,500 - crypto_bot - INFO - 📊 Total signals after scan: 0
2026-03-18 23:47:42,500 - crypto_bot - INFO - 📊 Signals found: 0
2026-03-18 23:47:42,500 - crypto_bot - INFO - ⏳ Sleeping for 300 seconds
2026-03-18 23:52:42,500 - crypto_bot - INFO - 🔍 Starting market scan for top-50 symbols...
2026-03-18 23:52:43,034 - crypto_bot - INFO - 📈 Top-50 symbols fetched: 50
2026-03-18 23:52:43,569 - crypto_bot - INFO - 🔥 Active symbols after filter: 47 / 50
2026-03-18 23:52:43,570 - crypto_bot - INFO - 🔍 Scanning BTC/USDT:USDT
2026-03-18 23:52:43,779 - crypto_bot - INFO - ❌ No signal: BTCUSDT
2026-03-18 23:52:43,780 - crypto_bot - INFO - 🔍 Scanning ETH/USDT:USDT
2026-03-18 23:52:43,997 - crypto_bot - INFO - ❌ No signal: ETHUSDT
2026-03-18 23:52:43,997 - crypto_bot - INFO - 🔍 Scanning SOL/USDT:USDT
2026-03-18 23:52:44,215 - crypto_bot - INFO - ❌ No signal: SOLUSDT
2026-03-18 23:52:44,215 - crypto_bot - INFO - 🔍 Scanning HYPE/USDT:USDT
2026-03-18 23:52:44,599 - crypto_bot - INFO - ❌ No signal: HYPEUSDT
2026-03-18 23:52:44,599 - crypto_bot - INFO - 🔍 Scanning XRP/USDT:USDT
2026-03-18 23:52:44,808 - crypto_bot - INFO - ❌ No signal: XRPUSDT
2026-03-18 23:52:44,808 - crypto_bot - INFO - 🔍 Scanning DOGE/USDT:USDT
2026-03-18 23:52:45,010 - crypto_bot - INFO - ❌ No signal: DOGEUSDT
2026-03-18 23:52:45,010 - crypto_bot - INFO - 🔍 Scanning BARD/USDT:USDT
2026-03-18 23:52:45,232 - crypto_bot - INFO - ❌ No signal: BARDUSDT
2026-03-18 23:52:45,232 - crypto_bot - INFO - 🔍 Scanning FARTCOIN/USDT:USDT
2026-03-18 23:52:45,443 - crypto_bot - INFO - ❌ No signal: FARTCOINUSDT
2026-03-18 23:52:45,443 - crypto_bot - INFO - 🔍 Scanning 1000PEPE/USDT:USDT
2026-03-18 23:52:45,654 - crypto_bot - INFO - ❌ No signal: 1000PEPEUSDT
2026-03-18 23:52:45,654 - crypto_bot - INFO - 🔍 Scanning XAUT/USDT:USDT
2026-03-18 23:52:45,877 - crypto_bot - INFO - ❌ No signal: XAUTUSDT
2026-03-18 23:52:45,877 - crypto_bot - INFO - 🔍 Scanning RIVER/USDT:USDT
2026-03-18 23:52:46,091 - crypto_bot - INFO - ❌ No signal: RIVERUSDT
2026-03-18 23:52:46,091 - crypto_bot - INFO - 🔍 Scanning ZEC/USDT:USDT
2026-03-18 23:52:46,308 - crypto_bot - INFO - ❌ No signal: ZECUSDT
2026-03-18 23:52:46,308 - crypto_bot - INFO - 🔍 Scanning LYN/USDT:USDT
2026-03-18 23:52:46,518 - crypto_bot - INFO - ❌ No signal: LYNUSDT
2026-03-18 23:52:46,518 - crypto_bot - INFO - 🔍 Scanning PIPPIN/USDT:USDT
2026-03-18 23:52:46,743 - crypto_bot - INFO - ❌ No signal: PIPPINUSDT
2026-03-18 23:52:46,743 - crypto_bot - INFO - 🔍 Scanning TAO/USDT:USDT
2026-03-18 23:52:46,973 - crypto_bot - INFO - ❌ No signal: TAOUSDT
2026-03-18 23:52:46,973 - crypto_bot - INFO - 🔍 Scanning ADA/USDT:USDT
2026-03-18 23:52:47,184 - crypto_bot - INFO - ❌ No signal: ADAUSDT
2026-03-18 23:52:47,185 - crypto_bot - INFO - 🔍 Scanning TRUMP/USDT:USDT
2026-03-18 23:52:47,401 - crypto_bot - INFO - ❌ No signal: TRUMPUSDT
2026-03-18 23:52:47,402 - crypto_bot - INFO - 🔍 Scanning SUI/USDT:USDT
2026-03-18 23:52:47,622 - crypto_bot - INFO - ❌ No signal: SUIUSDT
2026-03-18 23:52:47,622 - crypto_bot - INFO - 🔍 Scanning ASTER/USDT:USDT
2026-03-18 23:52:47,835 - crypto_bot - INFO - ❌ No signal: ASTERUSDT
2026-03-18 23:52:47,835 - crypto_bot - INFO - 🔍 Scanning ENJ/USDT:USDT
2026-03-18 23:52:48,053 - crypto_bot - INFO - ❌ No signal: ENJUSDT
2026-03-18 23:52:48,054 - crypto_bot - INFO - 🔍 Scanning BAN/USDT:USDT
2026-03-18 23:52:48,799 - crypto_bot - INFO - ❌ No signal: BANUSDT
2026-03-18 23:52:48,799 - crypto_bot - INFO - 🔍 Scanning NEAR/USDT:USDT
2026-03-18 23:52:49,028 - crypto_bot - INFO - ❌ No signal: NEARUSDT
2026-03-18 23:52:49,029 - crypto_bot - INFO - 🔍 Scanning 1000BONK/USDT:USDT
2026-03-18 23:52:49,241 - crypto_bot - INFO - ❌ No signal: 1000BONKUSDT
2026-03-18 23:52:49,242 - crypto_bot - INFO - 🔍 Scanning LINK/USDT:USDT
2026-03-18 23:52:49,455 - crypto_bot - INFO - ❌ No signal: LINKUSDT
2026-03-18 23:52:49,455 - crypto_bot - INFO - 🔍 Scanning ANKR/USDT:USDT
2026-03-18 23:52:49,666 - crypto_bot - INFO - ❌ No signal: ANKRUSDT
2026-03-18 23:52:49,666 - crypto_bot - INFO - 🔍 Scanning BNB/USDT:USDT
2026-03-18 23:52:49,883 - crypto_bot - INFO - ❌ No signal: BNBUSDT
2026-03-18 23:52:49,883 - crypto_bot - INFO - 🔍 Scanning SIREN/USDT:USDT
2026-03-18 23:52:50,626 - crypto_bot - INFO - ❌ No signal: SIRENUSDT
2026-03-18 23:52:50,626 - crypto_bot - INFO - 🔍 Scanning MNT/USDT:USDT
2026-03-18 23:52:50,852 - crypto_bot - INFO - ❌ No signal: MNTUSDT
2026-03-18 23:52:50,852 - crypto_bot - INFO - 🔍 Scanning AAVE/USDT:USDT
2026-03-18 23:52:51,066 - crypto_bot - INFO - ❌ No signal: AAVEUSDT
2026-03-18 23:52:51,066 - crypto_bot - INFO - 🔍 Scanning ENA/USDT:USDT
2026-03-18 23:52:51,283 - crypto_bot - INFO - ❌ No signal: ENAUSDT
2026-03-18 23:52:51,283 - crypto_bot - INFO - 🔍 Scanning WIF/USDT:USDT
2026-03-18 23:52:51,493 - crypto_bot - INFO - ❌ No signal: WIFUSDT
2026-03-18 23:52:51,493 - crypto_bot - INFO - 🔍 Scanning AVAX/USDT:USDT
2026-03-18 23:52:52,293 - crypto_bot - INFO - ❌ No signal: AVAXUSDT
2026-03-18 23:52:52,293 - crypto_bot - INFO - 🔍 Scanning DOT/USDT:USDT
2026-03-18 23:52:52,507 - crypto_bot - INFO - ❌ No signal: DOTUSDT
2026-03-18 23:52:52,507 - crypto_bot - INFO - 🔍 Scanning XAG/USDT:USDT
2026-03-18 23:52:52,717 - crypto_bot - INFO - ❌ No signal: XAGUSDT
2026-03-18 23:52:52,717 - crypto_bot - INFO - 🔍 Scanning LTC/USDT:USDT
2026-03-18 23:52:52,920 - crypto_bot - INFO - ❌ No signal: LTCUSDT
2026-03-18 23:52:52,920 - crypto_bot - INFO - 🔍 Scanning PENGU/USDT:USDT
2026-03-18 23:52:53,147 - crypto_bot - INFO - ❌ No signal: PENGUUSDT
2026-03-18 23:52:53,147 - crypto_bot - INFO - 🔍 Scanning ROBO/USDT:USDT
2026-03-18 23:52:53,362 - crypto_bot - INFO - ❌ No signal: ROBOUSDT
2026-03-18 23:52:53,362 - crypto_bot - INFO - 🔍 Scanning VIRTUAL/USDT:USDT
2026-03-18 23:52:54,107 - crypto_bot - INFO - ❌ No signal: VIRTUALUSDT
2026-03-18 23:52:54,107 - crypto_bot - INFO - 🔍 Scanning IP/USDT:USDT
2026-03-18 23:52:54,320 - crypto_bot - INFO - ❌ No signal: IPUSDT
2026-03-18 23:52:54,320 - crypto_bot - INFO - 🔍 Scanning XPL/USDT:USDT
2026-03-18 23:52:54,547 - crypto_bot - INFO - ❌ No signal: XPLUSDT
2026-03-18 23:52:54,547 - crypto_bot - INFO - 🔍 Scanning HBAR/USDT:USDT
2026-03-18 23:52:54,761 - crypto_bot - INFO - ❌ No signal: HBARUSDT
2026-03-18 23:52:54,761 - crypto_bot - INFO - 🔍 Scanning KAS/USDT:USDT
2026-03-18 23:52:54,983 - crypto_bot - INFO - ❌ No signal: KASUSDT
2026-03-18 23:52:54,983 - crypto_bot - INFO - 🔍 Scanning GALA/USDT:USDT
2026-03-18 23:52:55,200 - crypto_bot - INFO - ❌ No signal: GALAUSDT
2026-03-18 23:52:55,200 - crypto_bot - INFO - 🔍 Scanning AXS/USDT:USDT
2026-03-18 23:52:55,414 - crypto_bot - INFO - ❌ No signal: AXSUSDT
2026-03-18 23:52:55,414 - crypto_bot - INFO - 🔍 Scanning ENSO/USDT:USDT
2026-03-18 23:52:55,640 - crypto_bot - INFO - ❌ No signal: ENSOUSDT
2026-03-18 23:52:55,640 - crypto_bot - INFO - 🔍 Scanning PUMPFUN/USDT:USDT
2026-03-18 23:52:56,037 - crypto_bot - INFO - ❌ No signal: PUMPFUNUSDT
2026-03-18 23:52:56,037 - crypto_bot - INFO - 🔍 Scanning UNI/USDT:USDT
2026-03-18 23:52:56,255 - crypto_bot - INFO - ❌ No signal: UNIUSDT
2026-03-18 23:52:56,255 - crypto_bot - INFO - 📊 Total signals after scan: 0
2026-03-18 23:52:56,255 - crypto_bot - INFO - 📊 Signals found: 0
2026-03-18 23:52:56,255 - crypto_bot - INFO - ⏳ Sleeping for 300 seconds
2026-03-18 23:57:56,281 - crypto_bot - INFO - 🔍 Starting market scan for top-50 symbols...
2026-03-18 23:57:56,849 - crypto_bot - INFO - 📈 Top-50 symbols fetched: 50
2026-03-18 23:57:57,359 - crypto_bot - INFO - 🔥 Active symbols after filter: 47 / 50
2026-03-18 23:57:57,359 - crypto_bot - INFO - 🔍 Scanning BTC/USDT:USDT
2026-03-18 23:57:57,564 - crypto_bot - INFO - ❌ No signal: BTCUSDT
2026-03-18 23:57:57,564 - crypto_bot - INFO - 🔍 Scanning ETH/USDT:USDT
2026-03-18 23:57:57,786 - crypto_bot - INFO - ❌ No signal: ETHUSDT
2026-03-18 23:57:57,786 - crypto_bot - INFO - 🔍 Scanning SOL/USDT:USDT
2026-03-18 23:57:57,982 - crypto_bot - INFO - ❌ No signal: SOLUSDT
2026-03-18 23:57:57,982 - crypto_bot - INFO - 🔍 Scanning HYPE/USDT:USDT
2026-03-18 23:57:58,205 - crypto_bot - INFO - ❌ No signal: HYPEUSDT
2026-03-18 23:57:58,205 - crypto_bot - INFO - 🔍 Scanning XRP/USDT:USDT
2026-03-18 23:57:58,435 - crypto_bot - INFO - ❌ No signal: XRPUSDT
2026-03-18 23:57:58,435 - crypto_bot - INFO - 🔍 Scanning DOGE/USDT:USDT
2026-03-18 23:57:58,642 - crypto_bot - INFO - ❌ No signal: DOGEUSDT
2026-03-18 23:57:58,642 - crypto_bot - INFO - 🔍 Scanning BARD/USDT:USDT
2026-03-18 23:57:58,840 - crypto_bot - INFO - ❌ No signal: BARDUSDT
2026-03-18 23:57:58,840 - crypto_bot - INFO - 🔍 Scanning 1000PEPE/USDT:USDT
2026-03-18 23:57:59,058 - crypto_bot - INFO - ❌ No signal: 1000PEPEUSDT
2026-03-18 23:57:59,058 - crypto_bot - INFO - 🔍 Scanning XAUT/USDT:USDT
2026-03-18 23:57:59,265 - crypto_bot - INFO - ❌ No signal: XAUTUSDT
2026-03-18 23:57:59,265 - crypto_bot - INFO - 🔍 Scanning RIVER/USDT:USDT
2026-03-18 23:57:59,468 - crypto_bot - INFO - ❌ No signal: RIVERUSDT
2026-03-18 23:57:59,468 - crypto_bot - INFO - 🔍 Scanning ZEC/USDT:USDT
2026-03-18 23:57:59,696 - crypto_bot - INFO - ❌ No signal: ZECUSDT
2026-03-18 23:57:59,696 - crypto_bot - INFO - 🔍 Scanning LYN/USDT:USDT
2026-03-18 23:57:59,902 - crypto_bot - INFO - ❌ No signal: LYNUSDT
2026-03-18 23:57:59,902 - crypto_bot - INFO - 🔍 Scanning PIPPIN/USDT:USDT
2026-03-18 23:58:00,126 - crypto_bot - INFO - ❌ No signal: PIPPINUSDT
2026-03-18 23:58:00,126 - crypto_bot - INFO - 🔍 Scanning TAO/USDT:USDT
2026-03-18 23:58:00,335 - crypto_bot - INFO - ❌ No signal: TAOUSDT
2026-03-18 23:58:00,335 - crypto_bot - INFO - 🔍 Scanning ADA/USDT:USDT
2026-03-18 23:58:00,546 - crypto_bot - INFO - ❌ No signal: ADAUSDT
2026-03-18 23:58:00,562 - crypto_bot - INFO - 🔍 Scanning TRUMP/USDT:USDT
2026-03-18 23:58:00,782 - crypto_bot - INFO - ❌ No signal: TRUMPUSDT
2026-03-18 23:58:00,782 - crypto_bot - INFO - 🔍 Scanning SUI/USDT:USDT
2026-03-18 23:58:01,001 - crypto_bot - INFO - ❌ No signal: SUIUSDT
2026-03-18 23:58:01,001 - crypto_bot - INFO - 🔍 Scanning ASTER/USDT:USDT
2026-03-18 23:58:01,203 - crypto_bot - INFO - ❌ No signal: ASTERUSDT
2026-03-18 23:58:01,203 - crypto_bot - INFO - 🔍 Scanning ENJ/USDT:USDT
2026-03-18 23:58:01,414 - crypto_bot - INFO - ❌ No signal: ENJUSDT
2026-03-18 23:58:01,414 - crypto_bot - INFO - 🔍 Scanning BAN/USDT:USDT
2026-03-18 23:58:01,626 - crypto_bot - INFO - ❌ No signal: BANUSDT
2026-03-18 23:58:01,626 - crypto_bot - INFO - 🔍 Scanning NEAR/USDT:USDT
2026-03-18 23:58:01,846 - crypto_bot - INFO - ❌ No signal: NEARUSDT
2026-03-18 23:58:01,846 - crypto_bot - INFO - 🔍 Scanning 1000BONK/USDT:USDT
2026-03-18 23:58:02,054 - crypto_bot - INFO - ❌ No signal: 1000BONKUSDT
2026-03-18 23:58:02,054 - crypto_bot - INFO - 🔍 Scanning ANKR/USDT:USDT
2026-03-18 23:58:02,250 - crypto_bot - INFO - ❌ No signal: ANKRUSDT
2026-03-18 23:58:02,250 - crypto_bot - INFO - 🔍 Scanning LINK/USDT:USDT
2026-03-18 23:58:02,466 - crypto_bot - INFO - ❌ No signal: LINKUSDT
2026-03-18 23:58:02,466 - crypto_bot - INFO - 🔍 Scanning BNB/USDT:USDT
2026-03-18 23:58:02,679 - crypto_bot - INFO - ❌ No signal: BNBUSDT
2026-03-18 23:58:02,679 - crypto_bot - INFO - 🔍 Scanning SIREN/USDT:USDT
2026-03-18 23:58:02,889 - crypto_bot - INFO - ❌ No signal: SIRENUSDT
2026-03-18 23:58:02,889 - crypto_bot - INFO - 🔍 Scanning MNT/USDT:USDT
2026-03-18 23:58:03,098 - crypto_bot - INFO - ❌ No signal: MNTUSDT
2026-03-18 23:58:03,098 - crypto_bot - INFO - 🔍 Scanning AAVE/USDT:USDT
2026-03-18 23:58:03,316 - crypto_bot - INFO - ❌ No signal: AAVEUSDT
2026-03-18 23:58:03,317 - crypto_bot - INFO - 🔍 Scanning ENA/USDT:USDT
2026-03-18 23:58:03,515 - crypto_bot - INFO - ❌ No signal: ENAUSDT
2026-03-18 23:58:03,515 - crypto_bot - INFO - 🔍 Scanning WIF/USDT:USDT
2026-03-18 23:58:03,741 - crypto_bot - INFO - ❌ No signal: WIFUSDT
2026-03-18 23:58:03,741 - crypto_bot - INFO - 🔍 Scanning AVAX/USDT:USDT
2026-03-18 23:58:03,969 - crypto_bot - INFO - ❌ No signal: AVAXUSDT
2026-03-18 23:58:03,969 - crypto_bot - INFO - 🔍 Scanning DOT/USDT:USDT
2026-03-18 23:58:04,187 - crypto_bot - INFO - ❌ No signal: DOTUSDT
2026-03-18 23:58:04,187 - crypto_bot - INFO - 🔍 Scanning XAG/USDT:USDT
2026-03-18 23:58:04,402 - crypto_bot - INFO - ❌ No signal: XAGUSDT
2026-03-18 23:58:04,402 - crypto_bot - INFO - 🔍 Scanning LTC/USDT:USDT
2026-03-18 23:58:04,625 - crypto_bot - INFO - ❌ No signal: LTCUSDT
2026-03-18 23:58:04,625 - crypto_bot - INFO - 🔍 Scanning PENGU/USDT:USDT
2026-03-18 23:58:04,847 - crypto_bot - INFO - ❌ No signal: PENGUUSDT
2026-03-18 23:58:04,847 - crypto_bot - INFO - 🔍 Scanning ROBO/USDT:USDT
2026-03-18 23:58:05,582 - crypto_bot - INFO - ❌ No signal: ROBOUSDT
2026-03-18 23:58:05,582 - crypto_bot - INFO - 🔍 Scanning VIRTUAL/USDT:USDT
2026-03-18 23:58:06,384 - crypto_bot - INFO - ❌ No signal: VIRTUALUSDT
2026-03-18 23:58:06,384 - crypto_bot - INFO - 🔍 Scanning IP/USDT:USDT
2026-03-18 23:58:07,177 - crypto_bot - INFO - ❌ No signal: IPUSDT
2026-03-18 23:58:07,177 - crypto_bot - INFO - 🔍 Scanning XPL/USDT:USDT
2026-03-18 23:58:07,987 - crypto_bot - INFO - ❌ No signal: XPLUSDT
2026-03-18 23:58:07,987 - crypto_bot - INFO - 🔍 Scanning KITE/USDT:USDT
2026-03-18 23:58:08,393 - crypto_bot - INFO - ❌ No signal: KITEUSDT
2026-03-18 23:58:08,393 - crypto_bot - INFO - 🔍 Scanning HBAR/USDT:USDT
2026-03-18 23:58:09,172 - crypto_bot - INFO - ❌ No signal: HBARUSDT
2026-03-18 23:58:09,172 - crypto_bot - INFO - 🔍 Scanning KAS/USDT:USDT
2026-03-18 23:58:09,594 - crypto_bot - INFO - ❌ No signal: KASUSDT
2026-03-18 23:58:09,594 - crypto_bot - INFO - 🔍 Scanning GALA/USDT:USDT
2026-03-18 23:58:09,812 - crypto_bot - INFO - ❌ No signal: GALAUSDT
2026-03-18 23:58:09,812 - crypto_bot - INFO - 🔍 Scanning AXS/USDT:USDT
2026-03-18 23:58:10,188 - crypto_bot - INFO - ❌ No signal: AXSUSDT
2026-03-18 23:58:10,188 - crypto_bot - INFO - 🔍 Scanning ENSO/USDT:USDT
2026-03-18 23:58:10,418 - crypto_bot - INFO - ❌ No signal: ENSOUSDT
2026-03-18 23:58:10,418 - crypto_bot - INFO - 🔍 Scanning PUMPFUN/USDT:USDT
2026-03-18 23:58:10,646 - crypto_bot - INFO - ❌ No signal: PUMPFUNUSDT
2026-03-18 23:58:10,646 - crypto_bot - INFO - 🔍 Scanning UNI/USDT:USDT
2026-03-18 23:58:10,861 - crypto_bot - INFO - ❌ No signal: UNIUSDT
2026-03-18 23:58:10,861 - crypto_bot - INFO - 📊 Total signals after scan: 0
2026-03-18 23:58:10,861 - crypto_bot - INFO - 📊 Signals found: 0
2026-03-18 23:58:10,861 - crypto_bot - INFO - ⏳ Sleeping for 300 seconds
2026-03-19 00:01:12,989 - crypto_bot - INFO - 🛑 Остановка по KeyboardInterrupt
2026-03-19 00:05:00,672 - crypto_bot - INFO - 🚀 Starting bot...
2026-03-19 00:05:00,672 - crypto_bot - WARNING - TELEGRAM_TOKEN не задан — бот запустится в режиме scanner + GUI без Telegram polling
2026-03-19 00:05:00,706 - crypto_bot - INFO - 🖥️ Signal GUI thread started
2026-03-19 00:05:00,707 - crypto_bot - INFO - ✅ Telegram отключён: инициализированы scanner + GUI режим
2026-03-19 00:05:00,707 - crypto_bot - INFO - 📡 Starting polling...
2026-03-19 00:05:00,707 - crypto_bot - INFO - 📡 Telegram polling disabled, running standalone scan loop
2026-03-19 00:05:00,707 - crypto_bot - INFO - 🚀 SCAN LOOP STARTED
2026-03-19 00:05:00,707 - crypto_bot - INFO - 🔍 Starting market scan for top-50 symbols...
2026-03-19 00:05:04,789 - crypto_bot - INFO - 📈 Top-50 symbols fetched: 50
2026-03-19 00:05:07,910 - crypto_bot - INFO - 🔥 Active symbols after filter: 47 / 50
2026-03-19 00:05:07,910 - crypto_bot - INFO - 🔍 Scanning BTC/USDT:USDT
2026-03-19 00:05:08,137 - crypto_bot - INFO - ❌ No signal: BTCUSDT
2026-03-19 00:05:08,137 - crypto_bot - INFO - 🔍 Scanning ETH/USDT:USDT
2026-03-19 00:05:08,359 - crypto_bot - INFO - ❌ No signal: ETHUSDT
2026-03-19 00:05:08,359 - crypto_bot - INFO - 🔍 Scanning SOL/USDT:USDT
2026-03-19 00:05:08,568 - crypto_bot - INFO - ❌ No signal: SOLUSDT
2026-03-19 00:05:08,568 - crypto_bot - INFO - 🔍 Scanning HYPE/USDT:USDT
2026-03-19 00:05:08,774 - crypto_bot - INFO - ❌ No signal: HYPEUSDT
2026-03-19 00:05:08,775 - crypto_bot - INFO - 🔍 Scanning XRP/USDT:USDT
2026-03-19 00:05:08,984 - crypto_bot - INFO - ❌ No signal: XRPUSDT
2026-03-19 00:05:08,985 - crypto_bot - INFO - 🔍 Scanning DOGE/USDT:USDT
2026-03-19 00:05:09,193 - crypto_bot - INFO - ❌ No signal: DOGEUSDT
2026-03-19 00:05:09,194 - crypto_bot - INFO - 🔍 Scanning BARD/USDT:USDT
2026-03-19 00:05:09,401 - crypto_bot - INFO - ❌ No signal: BARDUSDT
2026-03-19 00:05:09,401 - crypto_bot - INFO - 🔍 Scanning 1000PEPE/USDT:USDT
2026-03-19 00:05:09,622 - crypto_bot - INFO - ❌ No signal: 1000PEPEUSDT
2026-03-19 00:05:09,622 - crypto_bot - INFO - 🔍 Scanning XAUT/USDT:USDT
2026-03-19 00:05:09,830 - crypto_bot - INFO - ❌ No signal: XAUTUSDT
2026-03-19 00:05:09,830 - crypto_bot - INFO - 🔍 Scanning RIVER/USDT:USDT
2026-03-19 00:05:10,039 - crypto_bot - INFO - ❌ No signal: RIVERUSDT
2026-03-19 00:05:10,043 - crypto_bot - INFO - 🔍 Scanning ZEC/USDT:USDT
2026-03-19 00:05:10,266 - crypto_bot - INFO - ❌ No signal: ZECUSDT
2026-03-19 00:05:10,266 - crypto_bot - INFO - 🔍 Scanning LYN/USDT:USDT
2026-03-19 00:05:10,475 - crypto_bot - INFO - ❌ No signal: LYNUSDT
2026-03-19 00:05:10,475 - crypto_bot - INFO - 🔍 Scanning PIPPIN/USDT:USDT
2026-03-19 00:05:10,680 - crypto_bot - INFO - ❌ No signal: PIPPINUSDT
2026-03-19 00:05:10,681 - crypto_bot - INFO - 🔍 Scanning TAO/USDT:USDT
2026-03-19 00:05:10,889 - crypto_bot - INFO - ❌ No signal: TAOUSDT
2026-03-19 00:05:10,889 - crypto_bot - INFO - 🔍 Scanning ADA/USDT:USDT
2026-03-19 00:05:11,109 - crypto_bot - INFO - ❌ No signal: ADAUSDT
2026-03-19 00:05:11,109 - crypto_bot - INFO - 🔍 Scanning TRUMP/USDT:USDT
2026-03-19 00:05:11,314 - crypto_bot - INFO - ❌ No signal: TRUMPUSDT
2026-03-19 00:05:11,315 - crypto_bot - INFO - 🔍 Scanning SUI/USDT:USDT
2026-03-19 00:05:12,043 - crypto_bot - INFO - ❌ No signal: SUIUSDT
2026-03-19 00:05:12,043 - crypto_bot - INFO - 🔍 Scanning ENJ/USDT:USDT
2026-03-19 00:05:12,779 - crypto_bot - INFO - ❌ No signal: ENJUSDT
2026-03-19 00:05:12,780 - crypto_bot - INFO - 🔍 Scanning ASTER/USDT:USDT
2026-03-19 00:05:13,516 - crypto_bot - INFO - ❌ No signal: ASTERUSDT
2026-03-19 00:05:13,516 - crypto_bot - INFO - 🔍 Scanning BAN/USDT:USDT
2026-03-19 00:05:13,899 - crypto_bot - INFO - ❌ No signal: BANUSDT
2026-03-19 00:05:13,899 - crypto_bot - INFO - 🔍 Scanning NEAR/USDT:USDT
2026-03-19 00:05:14,107 - crypto_bot - INFO - ❌ No signal: NEARUSDT
2026-03-19 00:05:14,107 - crypto_bot - INFO - 🔍 Scanning 1000BONK/USDT:USDT
2026-03-19 00:05:14,346 - crypto_bot - INFO - ❌ No signal: 1000BONKUSDT
2026-03-19 00:05:14,346 - crypto_bot - INFO - 🔍 Scanning LINK/USDT:USDT
2026-03-19 00:05:14,774 - crypto_bot - INFO - ❌ No signal: LINKUSDT
2026-03-19 00:05:14,775 - crypto_bot - INFO - 🔍 Scanning ANKR/USDT:USDT
2026-03-19 00:05:14,990 - crypto_bot - INFO - ❌ No signal: ANKRUSDT
2026-03-19 00:05:14,990 - crypto_bot - INFO - 🔍 Scanning BNB/USDT:USDT
2026-03-19 00:05:15,196 - crypto_bot - INFO - ❌ No signal: BNBUSDT
2026-03-19 00:05:15,196 - crypto_bot - INFO - 🔍 Scanning SIREN/USDT:USDT
2026-03-19 00:05:15,403 - crypto_bot - INFO - ❌ No signal: SIRENUSDT
2026-03-19 00:05:15,403 - crypto_bot - INFO - 🔍 Scanning MNT/USDT:USDT
2026-03-19 00:05:15,627 - crypto_bot - INFO - ❌ No signal: MNTUSDT
2026-03-19 00:05:15,628 - crypto_bot - INFO - 🔍 Scanning AAVE/USDT:USDT
2026-03-19 00:05:15,835 - crypto_bot - INFO - ❌ No signal: AAVEUSDT
2026-03-19 00:05:15,835 - crypto_bot - INFO - 🔍 Scanning ENA/USDT:USDT
2026-03-19 00:05:16,042 - crypto_bot - INFO - ❌ No signal: ENAUSDT
2026-03-19 00:05:16,042 - crypto_bot - INFO - 🔍 Scanning WIF/USDT:USDT
2026-03-19 00:05:16,272 - crypto_bot - INFO - ❌ No signal: WIFUSDT
2026-03-19 00:05:16,273 - crypto_bot - INFO - 🔍 Scanning AVAX/USDT:USDT
2026-03-19 00:05:16,691 - crypto_bot - INFO - ❌ No signal: AVAXUSDT
2026-03-19 00:05:16,692 - crypto_bot - INFO - 🔍 Scanning DOT/USDT:USDT
2026-03-19 00:05:16,899 - crypto_bot - INFO - ❌ No signal: DOTUSDT
2026-03-19 00:05:16,899 - crypto_bot - INFO - 🔍 Scanning XAG/USDT:USDT
2026-03-19 00:05:17,108 - crypto_bot - INFO - ❌ No signal: XAGUSDT
2026-03-19 00:05:17,108 - crypto_bot - INFO - 🔍 Scanning LTC/USDT:USDT
2026-03-19 00:05:17,315 - crypto_bot - INFO - ❌ No signal: LTCUSDT
2026-03-19 00:05:17,315 - crypto_bot - INFO - 🔍 Scanning PIXEL/USDT:USDT
2026-03-19 00:05:18,050 - crypto_bot - INFO - ❌ No signal: PIXELUSDT
2026-03-19 00:05:18,051 - crypto_bot - INFO - 🔍 Scanning PENGU/USDT:USDT
2026-03-19 00:05:18,275 - crypto_bot - INFO - ❌ No signal: PENGUUSDT
2026-03-19 00:05:18,275 - crypto_bot - INFO - 🔍 Scanning ROBO/USDT:USDT
2026-03-19 00:05:18,501 - crypto_bot - INFO - ❌ No signal: ROBOUSDT
2026-03-19 00:05:18,501 - crypto_bot - INFO - 🔍 Scanning VIRTUAL/USDT:USDT
2026-03-19 00:05:18,916 - crypto_bot - INFO - ❌ No signal: VIRTUALUSDT
2026-03-19 00:05:18,916 - crypto_bot - INFO - 🔍 Scanning IP/USDT:USDT
2026-03-19 00:05:19,122 - crypto_bot - INFO - ❌ No signal: IPUSDT
2026-03-19 00:05:19,124 - crypto_bot - INFO - 🔍 Scanning XPL/USDT:USDT
2026-03-19 00:05:19,871 - crypto_bot - INFO - ❌ No signal: XPLUSDT
2026-03-19 00:05:19,871 - crypto_bot - INFO - 🔍 Scanning HBAR/USDT:USDT
2026-03-19 00:05:20,082 - crypto_bot - INFO - ❌ No signal: HBARUSDT
2026-03-19 00:05:20,082 - crypto_bot - INFO - 🔍 Scanning KAS/USDT:USDT
2026-03-19 00:05:20,299 - crypto_bot - INFO - ❌ No signal: KASUSDT
2026-03-19 00:05:20,299 - crypto_bot - INFO - 🔍 Scanning GALA/USDT:USDT
2026-03-19 00:05:21,097 - crypto_bot - INFO - ❌ No signal: GALAUSDT
2026-03-19 00:05:21,097 - crypto_bot - INFO - 🔍 Scanning AXS/USDT:USDT
2026-03-19 00:05:21,304 - crypto_bot - INFO - ❌ No signal: AXSUSDT
2026-03-19 00:05:21,305 - crypto_bot - INFO - 🔍 Scanning ENSO/USDT:USDT
2026-03-19 00:05:21,522 - crypto_bot - INFO - ❌ No signal: ENSOUSDT
2026-03-19 00:05:21,522 - crypto_bot - INFO - 🔍 Scanning PUMPFUN/USDT:USDT
2026-03-19 00:05:22,325 - crypto_bot - INFO - ❌ No signal: PUMPFUNUSDT
2026-03-19 00:05:22,326 - crypto_bot - INFO - 🔍 Scanning UNI/USDT:USDT
2026-03-19 00:05:23,062 - crypto_bot - INFO - ❌ No signal: UNIUSDT
2026-03-19 00:05:23,062 - crypto_bot - INFO - 📊 Total signals after scan: 0
2026-03-19 00:05:23,062 - crypto_bot - INFO - 📊 Signals found: 0
2026-03-19 00:05:23,063 - crypto_bot - INFO - ⏳ Sleeping for 300 seconds
2026-03-19 00:10:23,064 - crypto_bot - INFO - 🔍 Starting market scan for top-50 symbols...
2026-03-19 00:10:23,685 - crypto_bot - INFO - 📈 Top-50 symbols fetched: 50
2026-03-19 00:10:24,700 - crypto_bot - INFO - 🔥 Active symbols after filter: 47 / 50
2026-03-19 00:10:24,701 - crypto_bot - INFO - 🔍 Scanning BTC/USDT:USDT
2026-03-19 00:10:25,067 - crypto_bot - INFO - ❌ No signal: BTCUSDT
2026-03-19 00:10:25,079 - crypto_bot - INFO - 🔍 Scanning ETH/USDT:USDT
2026-03-19 00:10:25,288 - crypto_bot - INFO - ❌ No signal: ETHUSDT
2026-03-19 00:10:25,288 - crypto_bot - INFO - 🔍 Scanning SOL/USDT:USDT
2026-03-19 00:10:25,508 - crypto_bot - INFO - ❌ No signal: SOLUSDT
2026-03-19 00:10:25,508 - crypto_bot - INFO - 🔍 Scanning HYPE/USDT:USDT
2026-03-19 00:10:25,730 - crypto_bot - INFO - ❌ No signal: HYPEUSDT
2026-03-19 00:10:25,731 - crypto_bot - INFO - 🔍 Scanning XRP/USDT:USDT
2026-03-19 00:10:26,108 - crypto_bot - INFO - ❌ No signal: XRPUSDT
2026-03-19 00:10:26,109 - crypto_bot - INFO - 🔍 Scanning DOGE/USDT:USDT
2026-03-19 00:10:26,311 - crypto_bot - INFO - ❌ No signal: DOGEUSDT
2026-03-19 00:10:26,311 - crypto_bot - INFO - 🔍 Scanning BARD/USDT:USDT
2026-03-19 00:10:26,567 - crypto_bot - INFO - ❌ No signal: BARDUSDT
2026-03-19 00:10:26,567 - crypto_bot - INFO - 🔍 Scanning FARTCOIN/USDT:USDT
2026-03-19 00:10:26,843 - crypto_bot - INFO - ❌ No signal: FARTCOINUSDT
2026-03-19 00:10:26,843 - crypto_bot - INFO - 🔍 Scanning 1000PEPE/USDT:USDT
2026-03-19 00:10:27,062 - crypto_bot - INFO - ❌ No signal: 1000PEPEUSDT
2026-03-19 00:10:27,062 - crypto_bot - INFO - 🔍 Scanning XAUT/USDT:USDT
2026-03-19 00:10:27,472 - crypto_bot - INFO - ❌ No signal: XAUTUSDT
2026-03-19 00:10:27,472 - crypto_bot - INFO - 🔍 Scanning RIVER/USDT:USDT
2026-03-19 00:10:27,688 - crypto_bot - INFO - ❌ No signal: RIVERUSDT
2026-03-19 00:10:27,688 - crypto_bot - INFO - 🔍 Scanning ZEC/USDT:USDT
2026-03-19 00:10:27,939 - crypto_bot - INFO - ❌ No signal: ZECUSDT
2026-03-19 00:10:27,939 - crypto_bot - INFO - 🔍 Scanning LYN/USDT:USDT
2026-03-19 00:10:28,142 - crypto_bot - INFO - ❌ No signal: LYNUSDT
2026-03-19 00:10:28,142 - crypto_bot - INFO - 🔍 Scanning PIPPIN/USDT:USDT
2026-03-19 00:10:28,371 - crypto_bot - INFO - ❌ No signal: PIPPINUSDT
2026-03-19 00:10:28,371 - crypto_bot - INFO - 🔍 Scanning TAO/USDT:USDT
2026-03-19 00:10:28,587 - crypto_bot - INFO - ❌ No signal: TAOUSDT
2026-03-19 00:10:28,587 - crypto_bot - INFO - 🔍 Scanning ADA/USDT:USDT
2026-03-19 00:10:28,800 - crypto_bot - INFO - ❌ No signal: ADAUSDT
2026-03-19 00:10:28,800 - crypto_bot - INFO - 🔍 Scanning TRUMP/USDT:USDT
2026-03-19 00:10:29,008 - crypto_bot - INFO - ❌ No signal: TRUMPUSDT
2026-03-19 00:10:29,008 - crypto_bot - INFO - 🔍 Scanning SUI/USDT:USDT
2026-03-19 00:10:29,393 - crypto_bot - INFO - ❌ No signal: SUIUSDT
2026-03-19 00:10:29,393 - crypto_bot - INFO - 🔍 Scanning ENJ/USDT:USDT
2026-03-19 00:10:29,609 - crypto_bot - INFO - ❌ No signal: ENJUSDT
2026-03-19 00:10:29,609 - crypto_bot - INFO - 🔍 Scanning ASTER/USDT:USDT
2026-03-19 00:10:29,824 - crypto_bot - INFO - ❌ No signal: ASTERUSDT
2026-03-19 00:10:29,824 - crypto_bot - INFO - 🔍 Scanning BAN/USDT:USDT
2026-03-19 00:10:30,040 - crypto_bot - INFO - ❌ No signal: BANUSDT
2026-03-19 00:10:30,040 - crypto_bot - INFO - 🔍 Scanning NEAR/USDT:USDT
2026-03-19 00:10:30,241 - crypto_bot - INFO - ❌ No signal: NEARUSDT
2026-03-19 00:10:30,241 - crypto_bot - INFO - 🔍 Scanning 1000BONK/USDT:USDT
2026-03-19 00:10:30,472 - crypto_bot - INFO - ❌ No signal: 1000BONKUSDT
2026-03-19 00:10:30,473 - crypto_bot - INFO - 🔍 Scanning ANKR/USDT:USDT
2026-03-19 00:10:30,688 - crypto_bot - INFO - ❌ No signal: ANKRUSDT
2026-03-19 00:10:30,689 - crypto_bot - INFO - 🔍 Scanning LINK/USDT:USDT
2026-03-19 00:10:30,904 - crypto_bot - INFO - ❌ No signal: LINKUSDT
2026-03-19 00:10:30,904 - crypto_bot - INFO - 🔍 Scanning BNB/USDT:USDT
2026-03-19 00:10:31,118 - crypto_bot - INFO - ❌ No signal: BNBUSDT
2026-03-19 00:10:31,118 - crypto_bot - INFO - 🔍 Scanning SIREN/USDT:USDT
2026-03-19 00:10:31,334 - crypto_bot - INFO - ❌ No signal: SIRENUSDT
2026-03-19 00:10:31,335 - crypto_bot - INFO - 🔍 Scanning MNT/USDT:USDT
2026-03-19 00:10:31,560 - crypto_bot - INFO - ❌ No signal: MNTUSDT
2026-03-19 00:10:31,560 - crypto_bot - INFO - 🔍 Scanning AAVE/USDT:USDT
2026-03-19 00:10:31,776 - crypto_bot - INFO - ❌ No signal: AAVEUSDT
2026-03-19 00:10:31,777 - crypto_bot - INFO - 🔍 Scanning ENA/USDT:USDT
2026-03-19 00:10:31,992 - crypto_bot - INFO - ❌ No signal: ENAUSDT
2026-03-19 00:10:31,993 - crypto_bot - INFO - 🔍 Scanning WIF/USDT:USDT
2026-03-19 00:10:32,207 - crypto_bot - INFO - ❌ No signal: WIFUSDT
2026-03-19 00:10:32,207 - crypto_bot - INFO - 🔍 Scanning AVAX/USDT:USDT
2026-03-19 00:10:32,587 - crypto_bot - INFO - ❌ No signal: AVAXUSDT
2026-03-19 00:10:32,587 - crypto_bot - INFO - 🔍 Scanning DOT/USDT:USDT
2026-03-19 00:10:32,805 - crypto_bot - INFO - ❌ No signal: DOTUSDT
2026-03-19 00:10:32,805 - crypto_bot - INFO - 🔍 Scanning XAG/USDT:USDT
2026-03-19 00:10:33,021 - crypto_bot - INFO - ❌ No signal: XAGUSDT
2026-03-19 00:10:33,022 - crypto_bot - INFO - 🔍 Scanning LTC/USDT:USDT
2026-03-19 00:10:33,236 - crypto_bot - INFO - ❌ No signal: LTCUSDT
2026-03-19 00:10:33,236 - crypto_bot - INFO - 🔍 Scanning PIXEL/USDT:USDT
2026-03-19 00:10:33,456 - crypto_bot - INFO - ❌ No signal: PIXELUSDT
2026-03-19 00:10:33,456 - crypto_bot - INFO - 🔍 Scanning PENGU/USDT:USDT
2026-03-19 00:10:33,671 - crypto_bot - INFO - ❌ No signal: PENGUUSDT
2026-03-19 00:10:33,672 - crypto_bot - INFO - 🔍 Scanning ROBO/USDT:USDT
2026-03-19 00:10:33,890 - crypto_bot - INFO - ❌ No signal: ROBOUSDT
2026-03-19 00:10:33,890 - crypto_bot - INFO - 🔍 Scanning VIRTUAL/USDT:USDT
2026-03-19 00:10:34,097 - crypto_bot - INFO - ❌ No signal: VIRTUALUSDT
2026-03-19 00:10:34,097 - crypto_bot - INFO - 🔍 Scanning XPL/USDT:USDT
2026-03-19 00:10:34,323 - crypto_bot - INFO - ❌ No signal: XPLUSDT
2026-03-19 00:10:34,325 - crypto_bot - INFO - 🔍 Scanning HBAR/USDT:USDT
2026-03-19 00:10:34,537 - crypto_bot - INFO - ❌ No signal: HBARUSDT
2026-03-19 00:10:34,537 - crypto_bot - INFO - 🔍 Scanning KAS/USDT:USDT
2026-03-19 00:10:34,749 - crypto_bot - INFO - ❌ No signal: KASUSDT
2026-03-19 00:10:34,749 - crypto_bot - INFO - 🔍 Scanning GALA/USDT:USDT
2026-03-19 00:10:34,971 - crypto_bot - INFO - ❌ No signal: GALAUSDT
2026-03-19 00:10:34,971 - crypto_bot - INFO - 🔍 Scanning AXS/USDT:USDT
2026-03-19 00:10:35,184 - crypto_bot - INFO - ❌ No signal: AXSUSDT
2026-03-19 00:10:35,184 - crypto_bot - INFO - 🔍 Scanning PUMPFUN/USDT:USDT
2026-03-19 00:10:35,398 - crypto_bot - INFO - ❌ No signal: PUMPFUNUSDT
2026-03-19 00:10:35,398 - crypto_bot - INFO - 🔍 Scanning ENSO/USDT:USDT
2026-03-19 00:10:35,612 - crypto_bot - INFO - ❌ No signal: ENSOUSDT
2026-03-19 00:10:35,612 - crypto_bot - INFO - 🔍 Scanning UNI/USDT:USDT
2026-03-19 00:10:35,827 - crypto_bot - INFO - ❌ No signal: UNIUSDT
2026-03-19 00:10:35,827 - crypto_bot - INFO - 📊 Total signals after scan: 0
2026-03-19 00:10:35,827 - crypto_bot - INFO - 📊 Signals found: 0
2026-03-19 00:10:35,827 - crypto_bot - INFO - ⏳ Sleeping for 300 seconds
2026-03-19 00:14:39,463 - crypto_bot - INFO - 🛑 Остановка по KeyboardInterrupt
2026-03-19 00:14:42,657 - crypto_bot - INFO - 🚀 Starting bot...
2026-03-19 00:14:42,657 - crypto_bot - WARNING - TELEGRAM_TOKEN не задан — бот запустится в режиме scanner + GUI без Telegram polling
2026-03-19 00:14:42,694 - crypto_bot - INFO - 🖥️ Signal GUI thread started
2026-03-19 00:14:42,694 - crypto_bot - INFO - ✅ Telegram отключён: инициализированы scanner + GUI режим
2026-03-19 00:14:42,695 - crypto_bot - INFO - 📡 Starting polling...
2026-03-19 00:14:42,695 - crypto_bot - INFO - 📡 Telegram polling disabled, running standalone scan loop
2026-03-19 00:14:42,695 - crypto_bot - INFO - 🚀 SCAN LOOP STARTED
2026-03-19 00:14:42,695 - crypto_bot - INFO - 🔍 Starting market scan for top-50 symbols...
2026-03-19 00:14:46,062 - crypto_bot - INFO - 📈 Top-50 symbols fetched: 50
2026-03-19 00:14:49,239 - crypto_bot - INFO - 🔥 Active symbols after filter: 48 / 50
2026-03-19 00:14:49,241 - crypto_bot - INFO - 🔍 Scanning BTC/USDT:USDT
2026-03-19 00:14:49,469 - crypto_bot - INFO - ❌ No signal: BTCUSDT
2026-03-19 00:14:49,469 - crypto_bot - INFO - 🔍 Scanning ETH/USDT:USDT
2026-03-19 00:14:49,698 - crypto_bot - INFO - ❌ No signal: ETHUSDT
2026-03-19 00:14:49,699 - crypto_bot - INFO - 🔍 Scanning SOL/USDT:USDT
2026-03-19 00:14:49,954 - crypto_bot - INFO - ❌ No signal: SOLUSDT
2026-03-19 00:14:49,955 - crypto_bot - INFO - 🔍 Scanning HYPE/USDT:USDT
2026-03-19 00:14:50,179 - crypto_bot - INFO - ❌ No signal: HYPEUSDT
2026-03-19 00:14:50,179 - crypto_bot - INFO - 🔍 Scanning XRP/USDT:USDT
2026-03-19 00:14:50,403 - crypto_bot - INFO - ❌ No signal: XRPUSDT
2026-03-19 00:14:50,404 - crypto_bot - INFO - 🔍 Scanning DOGE/USDT:USDT
2026-03-19 00:14:50,631 - crypto_bot - INFO - ❌ No signal: DOGEUSDT
2026-03-19 00:14:50,632 - crypto_bot - INFO - 🔍 Scanning BARD/USDT:USDT
2026-03-19 00:14:50,855 - crypto_bot - INFO - ❌ No signal: BARDUSDT
2026-03-19 00:14:50,855 - crypto_bot - INFO - 🔍 Scanning 1000PEPE/USDT:USDT
2026-03-19 00:14:51,078 - crypto_bot - INFO - ❌ No signal: 1000PEPEUSDT
2026-03-19 00:14:51,079 - crypto_bot - INFO - 🔍 Scanning XAUT/USDT:USDT
2026-03-19 00:14:51,318 - crypto_bot - INFO - ❌ No signal: XAUTUSDT
2026-03-19 00:14:51,319 - crypto_bot - INFO - 🔍 Scanning RIVER/USDT:USDT
2026-03-19 00:14:51,542 - crypto_bot - INFO - ❌ No signal: RIVERUSDT
2026-03-19 00:14:51,542 - crypto_bot - INFO - 🔍 Scanning ZEC/USDT:USDT
2026-03-19 00:14:51,764 - crypto_bot - INFO - ❌ No signal: ZECUSDT
2026-03-19 00:14:51,764 - crypto_bot - INFO - 🔍 Scanning LYN/USDT:USDT
2026-03-19 00:14:52,188 - crypto_bot - INFO - ❌ No signal: LYNUSDT
2026-03-19 00:14:52,188 - crypto_bot - INFO - 🔍 Scanning PIPPIN/USDT:USDT
2026-03-19 00:14:52,412 - crypto_bot - INFO - ❌ No signal: PIPPINUSDT
2026-03-19 00:14:52,412 - crypto_bot - INFO - 🔍 Scanning TAO/USDT:USDT
2026-03-19 00:14:53,156 - crypto_bot - INFO - ❌ No signal: TAOUSDT
2026-03-19 00:14:53,156 - crypto_bot - INFO - 🔍 Scanning ADA/USDT:USDT
2026-03-19 00:14:53,375 - crypto_bot - INFO - ❌ No signal: ADAUSDT
2026-03-19 00:14:53,375 - crypto_bot - INFO - 🔍 Scanning TRUMP/USDT:USDT
2026-03-19 00:14:53,593 - crypto_bot - INFO - ❌ No signal: TRUMPUSDT
2026-03-19 00:14:53,593 - crypto_bot - INFO - 🔍 Scanning SUI/USDT:USDT
2026-03-19 00:14:54,407 - crypto_bot - INFO - ❌ No signal: SUIUSDT
2026-03-19 00:14:54,407 - crypto_bot - INFO - 🔍 Scanning ENJ/USDT:USDT
2026-03-19 00:14:55,142 - crypto_bot - INFO - ❌ No signal: ENJUSDT
2026-03-19 00:14:55,142 - crypto_bot - INFO - 🔍 Scanning ASTER/USDT:USDT
2026-03-19 00:14:55,373 - crypto_bot - INFO - ❌ No signal: ASTERUSDT
2026-03-19 00:14:55,373 - crypto_bot - INFO - 🔍 Scanning BAN/USDT:USDT
2026-03-19 00:14:56,200 - crypto_bot - INFO - ❌ No signal: BANUSDT
2026-03-19 00:14:56,200 - crypto_bot - INFO - 🔍 Scanning NEAR/USDT:USDT
2026-03-19 00:14:56,438 - crypto_bot - INFO - ❌ No signal: NEARUSDT
2026-03-19 00:14:56,438 - crypto_bot - INFO - 🔍 Scanning 1000BONK/USDT:USDT
2026-03-19 00:14:56,674 - crypto_bot - INFO - ❌ No signal: 1000BONKUSDT
2026-03-19 00:14:56,674 - crypto_bot - INFO - 🔍 Scanning ANKR/USDT:USDT
2026-03-19 00:14:56,914 - crypto_bot - INFO - ❌ No signal: ANKRUSDT
2026-03-19 00:14:56,914 - crypto_bot - INFO - 🔍 Scanning LINK/USDT:USDT
2026-03-19 00:14:57,141 - crypto_bot - INFO - ❌ No signal: LINKUSDT
2026-03-19 00:14:57,141 - crypto_bot - INFO - 🔍 Scanning BNB/USDT:USDT
2026-03-19 00:14:57,362 - crypto_bot - INFO - ❌ No signal: BNBUSDT
2026-03-19 00:14:57,362 - crypto_bot - INFO - 🔍 Scanning SIREN/USDT:USDT
2026-03-19 00:14:57,587 - crypto_bot - INFO - ❌ No signal: SIRENUSDT
2026-03-19 00:14:57,587 - crypto_bot - INFO - 🔍 Scanning MNT/USDT:USDT
2026-03-19 00:14:57,794 - crypto_bot - INFO - ❌ No signal: MNTUSDT
2026-03-19 00:14:57,794 - crypto_bot - INFO - 🔍 Scanning AAVE/USDT:USDT
2026-03-19 00:14:58,029 - crypto_bot - INFO - ❌ No signal: AAVEUSDT
2026-03-19 00:14:58,029 - crypto_bot - INFO - 🔍 Scanning WIF/USDT:USDT
2026-03-19 00:14:58,249 - crypto_bot - INFO - ❌ No signal: WIFUSDT
2026-03-19 00:14:58,265 - crypto_bot - INFO - 🔍 Scanning AVAX/USDT:USDT
2026-03-19 00:14:58,500 - crypto_bot - INFO - ❌ No signal: AVAXUSDT
2026-03-19 00:14:58,500 - crypto_bot - INFO - 🔍 Scanning ENA/USDT:USDT
2026-03-19 00:14:58,718 - crypto_bot - INFO - ❌ No signal: ENAUSDT
2026-03-19 00:14:58,718 - crypto_bot - INFO - 🔍 Scanning DOT/USDT:USDT
2026-03-19 00:14:59,468 - crypto_bot - INFO - ❌ No signal: DOTUSDT
2026-03-19 00:14:59,468 - crypto_bot - INFO - 🔍 Scanning XAG/USDT:USDT
2026-03-19 00:14:59,900 - crypto_bot - INFO - ❌ No signal: XAGUSDT
2026-03-19 00:14:59,900 - crypto_bot - INFO - 🔍 Scanning LTC/USDT:USDT
2026-03-19 00:15:00,642 - crypto_bot - INFO - ❌ No signal: LTCUSDT
2026-03-19 00:15:00,642 - crypto_bot - INFO - 🔍 Scanning PIXEL/USDT:USDT
2026-03-19 00:15:00,879 - crypto_bot - INFO - ❌ No signal: PIXELUSDT
2026-03-19 00:15:00,879 - crypto_bot - INFO - 🔍 Scanning ROBO/USDT:USDT
2026-03-19 00:15:01,105 - crypto_bot - INFO - ❌ No signal: ROBOUSDT
2026-03-19 00:15:01,105 - crypto_bot - INFO - 🔍 Scanning PENGU/USDT:USDT
2026-03-19 00:15:01,339 - crypto_bot - INFO - ❌ No signal: PENGUUSDT
2026-03-19 00:15:01,339 - crypto_bot - INFO - 🔍 Scanning VIRTUAL/USDT:USDT
2026-03-19 00:15:01,565 - crypto_bot - INFO - ❌ No signal: VIRTUALUSDT
2026-03-19 00:15:01,566 - crypto_bot - INFO - 🔍 Scanning IP/USDT:USDT
2026-03-19 00:15:01,953 - crypto_bot - INFO - ❌ No signal: IPUSDT
2026-03-19 00:15:01,953 - crypto_bot - INFO - 🔍 Scanning XPL/USDT:USDT
2026-03-19 00:15:02,172 - crypto_bot - INFO - ❌ No signal: XPLUSDT
2026-03-19 00:15:02,172 - crypto_bot - INFO - 🔍 Scanning KITE/USDT:USDT
2026-03-19 00:15:02,422 - crypto_bot - INFO - ❌ No signal: KITEUSDT
2026-03-19 00:15:02,422 - crypto_bot - INFO - 🔍 Scanning HBAR/USDT:USDT
2026-03-19 00:15:02,654 - crypto_bot - INFO - ❌ No signal: HBARUSDT
2026-03-19 00:15:02,654 - crypto_bot - INFO - 🔍 Scanning KAS/USDT:USDT
2026-03-19 00:15:02,881 - crypto_bot - INFO - ❌ No signal: KASUSDT
2026-03-19 00:15:02,881 - crypto_bot - INFO - 🔍 Scanning GALA/USDT:USDT
2026-03-19 00:15:03,104 - crypto_bot - INFO - ❌ No signal: GALAUSDT
2026-03-19 00:15:03,104 - crypto_bot - INFO - 🔍 Scanning AXS/USDT:USDT
2026-03-19 00:15:03,331 - crypto_bot - INFO - ❌ No signal: AXSUSDT
2026-03-19 00:15:03,332 - crypto_bot - INFO - 🔍 Scanning PUMPFUN/USDT:USDT
2026-03-19 00:15:03,567 - crypto_bot - INFO - ❌ No signal: PUMPFUNUSDT
2026-03-19 00:15:03,567 - crypto_bot - INFO - 🔍 Scanning ENSO/USDT:USDT
2026-03-19 00:15:03,790 - crypto_bot - INFO - ❌ No signal: ENSOUSDT
2026-03-19 00:15:03,790 - crypto_bot - INFO - 🔍 Scanning UNI/USDT:USDT
2026-03-19 00:15:04,192 - crypto_bot - INFO - ❌ No signal: UNIUSDT
2026-03-19 00:15:04,192 - crypto_bot - INFO - 📊 Total signals after scan: 0
2026-03-19 00:15:04,192 - crypto_bot - INFO - 📊 Signals found: 0
2026-03-19 00:15:04,192 - crypto_bot - INFO - ⏳ Sleeping for 300 seconds
2026-03-19 00:15:38,563 - crypto_bot - INFO - 🛑 Остановка по KeyboardInterrupt
2026-03-19 19:38:38,180 - crypto_bot - INFO - 🚀 Starting bot...
2026-03-19 19:38:38,180 - crypto_bot - WARNING - TELEGRAM_TOKEN не задан — бот запустится в режиме scanner + GUI без Telegram polling
2026-03-19 19:38:39,088 - crypto_bot - INFO - 🖥️ Signal GUI thread started
2026-03-19 19:38:39,089 - crypto_bot - INFO - ✅ Telegram отключён: инициализированы scanner + GUI режим
2026-03-19 19:38:39,089 - crypto_bot - INFO - 📡 Starting polling...
2026-03-19 19:38:39,089 - crypto_bot - INFO - 📡 Telegram polling disabled, running standalone scan loop
2026-03-19 19:38:39,089 - crypto_bot - INFO - 🚀 SCAN LOOP STARTED
2026-03-19 19:38:39,089 - crypto_bot - INFO - 🔍 Starting market scan for top-50 symbols...
2026-03-19 19:38:43,565 - crypto_bot - INFO - 📈 Top-50 symbols fetched: 50
2026-03-19 19:38:50,648 - crypto_bot - INFO - 🔥 Active symbols after filter: 50 / 50
2026-03-19 19:38:50,648 - crypto_bot - INFO - 🔍 Scanning BTC/USDT:USDT
2026-03-19 19:38:51,380 - crypto_bot - INFO - ❌ No signal: BTCUSDT
2026-03-19 19:38:51,380 - crypto_bot - INFO - 🔍 Scanning ETH/USDT:USDT
2026-03-19 19:38:51,609 - crypto_bot - INFO - ❌ No signal: ETHUSDT
2026-03-19 19:38:51,609 - crypto_bot - INFO - 🔍 Scanning SOL/USDT:USDT
2026-03-19 19:38:51,841 - crypto_bot - INFO - ❌ No signal: SOLUSDT
2026-03-19 19:38:51,841 - crypto_bot - INFO - 🔍 Scanning XRP/USDT:USDT
2026-03-19 19:38:52,069 - crypto_bot - INFO - ❌ No signal: XRPUSDT
2026-03-19 19:38:52,069 - crypto_bot - INFO - 🔍 Scanning HYPE/USDT:USDT
2026-03-19 19:38:52,306 - crypto_bot - INFO - ❌ No signal: HYPEUSDT
2026-03-19 19:38:52,306 - crypto_bot - INFO - 🔍 Scanning XAUT/USDT:USDT
2026-03-19 19:38:52,538 - crypto_bot - INFO - ❌ No signal: XAUTUSDT
2026-03-19 19:38:52,538 - crypto_bot - INFO - 🔍 Scanning DOGE/USDT:USDT
2026-03-19 19:38:52,765 - crypto_bot - INFO - ❌ No signal: DOGEUSDT
2026-03-19 19:38:52,765 - crypto_bot - INFO - 🔍 Scanning FARTCOIN/USDT:USDT
2026-03-19 19:38:52,988 - crypto_bot - INFO - ❌ No signal: FARTCOINUSDT
2026-03-19 19:38:52,988 - crypto_bot - INFO - 🔍 Scanning LYN/USDT:USDT
2026-03-19 19:38:53,226 - crypto_bot - INFO - ❌ No signal: LYNUSDT
2026-03-19 19:38:53,226 - crypto_bot - INFO - 🔍 Scanning RIVER/USDT:USDT
2026-03-19 19:38:53,628 - crypto_bot - INFO - ❌ No signal: RIVERUSDT
2026-03-19 19:38:53,628 - crypto_bot - INFO - 🔍 Scanning BARD/USDT:USDT
2026-03-19 19:38:53,859 - crypto_bot - INFO - ❌ No signal: BARDUSDT
2026-03-19 19:38:53,859 - crypto_bot - INFO - 🔍 Scanning 1000PEPE/USDT:USDT
2026-03-19 19:38:54,093 - crypto_bot - INFO - ❌ No signal: 1000PEPEUSDT
2026-03-19 19:38:54,093 - crypto_bot - INFO - 🔍 Scanning TAO/USDT:USDT
2026-03-19 19:38:54,322 - crypto_bot - INFO - ❌ No signal: TAOUSDT
2026-03-19 19:38:54,322 - crypto_bot - INFO - 🔍 Scanning PIPPIN/USDT:USDT
2026-03-19 19:38:54,556 - crypto_bot - INFO - ❌ No signal: PIPPINUSDT
2026-03-19 19:38:54,556 - crypto_bot - INFO - 🔍 Scanning ZEC/USDT:USDT
2026-03-19 19:38:54,777 - crypto_bot - INFO - ❌ No signal: ZECUSDT
2026-03-19 19:38:54,777 - crypto_bot - INFO - 🔍 Scanning XAG/USDT:USDT
2026-03-19 19:38:55,018 - crypto_bot - INFO - ❌ No signal: XAGUSDT
2026-03-19 19:38:55,018 - crypto_bot - INFO - 🔍 Scanning ADA/USDT:USDT
2026-03-19 19:38:55,250 - crypto_bot - INFO - ❌ No signal: ADAUSDT
2026-03-19 19:38:55,250 - crypto_bot - INFO - 🔍 Scanning SUI/USDT:USDT
2026-03-19 19:38:55,485 - crypto_bot - INFO - ❌ No signal: SUIUSDT
2026-03-19 19:38:55,485 - crypto_bot - INFO - 🔍 Scanning SAHARA/USDT:USDT
2026-03-19 19:38:55,722 - crypto_bot - INFO - ❌ No signal: SAHARAUSDT
2026-03-19 19:38:55,722 - crypto_bot - INFO - 🔍 Scanning ENJ/USDT:USDT
2026-03-19 19:38:55,952 - crypto_bot - INFO - ❌ No signal: ENJUSDT
2026-03-19 19:38:55,952 - crypto_bot - INFO - 🔍 Scanning PAXG/USDT:USDT
2026-03-19 19:38:56,186 - crypto_bot - INFO - ❌ No signal: PAXGUSDT
2026-03-19 19:38:56,186 - crypto_bot - INFO - 🔍 Scanning LINK/USDT:USDT
2026-03-19 19:38:56,408 - crypto_bot - INFO - ❌ No signal: LINKUSDT
2026-03-19 19:38:56,422 - crypto_bot - INFO - 🔍 Scanning XAU/USDT:USDT
2026-03-19 19:38:56,656 - crypto_bot - INFO - ❌ No signal: XAUUSDT
2026-03-19 19:38:56,656 - crypto_bot - INFO - 🔍 Scanning SIREN/USDT:USDT
2026-03-19 19:38:56,887 - crypto_bot - INFO - ❌ No signal: SIRENUSDT
2026-03-19 19:38:56,887 - crypto_bot - INFO - 🔍 Scanning TRUMP/USDT:USDT
2026-03-19 19:38:57,110 - crypto_bot - INFO - ❌ No signal: TRUMPUSDT
2026-03-19 19:38:57,110 - crypto_bot - INFO - 🔍 Scanning NEAR/USDT:USDT
2026-03-19 19:38:57,344 - crypto_bot - INFO - ❌ No signal: NEARUSDT
2026-03-19 19:38:57,349 - crypto_bot - INFO - 🔍 Scanning BNB/USDT:USDT
2026-03-19 19:38:57,583 - crypto_bot - INFO - ❌ No signal: BNBUSDT
2026-03-19 19:38:57,583 - crypto_bot - INFO - 🔍 Scanning WLD/USDT:USDT
2026-03-19 19:38:57,835 - crypto_bot - INFO - ❌ No signal: WLDUSDT
2026-03-19 19:38:57,835 - crypto_bot - INFO - 🔍 Scanning AAVE/USDT:USDT
2026-03-19 19:38:58,071 - crypto_bot - INFO - ❌ No signal: AAVEUSDT
2026-03-19 19:38:58,073 - crypto_bot - INFO - 🔍 Scanning PIXEL/USDT:USDT
2026-03-19 19:38:58,290 - crypto_bot - INFO - ❌ No signal: PIXELUSDT
2026-03-19 19:38:58,290 - crypto_bot - INFO - 🔍 Scanning ETHFI/USDT:USDT
2026-03-19 19:38:58,533 - crypto_bot - INFO - ❌ No signal: ETHFIUSDT
2026-03-19 19:38:58,533 - crypto_bot - INFO - 🔍 Scanning XAN/USDT:USDT
2026-03-19 19:38:58,764 - crypto_bot - INFO - ❌ No signal: XANUSDT
2026-03-19 19:38:58,764 - crypto_bot - INFO - 🔍 Scanning ASTER/USDT:USDT
2026-03-19 19:38:58,998 - crypto_bot - INFO - ❌ No signal: ASTERUSDT
2026-03-19 19:38:58,998 - crypto_bot - INFO - 🔍 Scanning ENA/USDT:USDT
2026-03-19 19:38:59,230 - crypto_bot - INFO - ❌ No signal: ENAUSDT
2026-03-19 19:38:59,230 - crypto_bot - INFO - 🔍 Scanning WIF/USDT:USDT
2026-03-19 19:38:59,462 - crypto_bot - INFO - ❌ No signal: WIFUSDT
2026-03-19 19:38:59,462 - crypto_bot - INFO - 🔍 Scanning BAN/USDT:USDT
2026-03-19 19:38:59,696 - crypto_bot - INFO - ❌ No signal: BANUSDT
2026-03-19 19:38:59,696 - crypto_bot - INFO - 🔍 Scanning DOT/USDT:USDT
2026-03-19 19:38:59,939 - crypto_bot - INFO - ❌ No signal: DOTUSDT
2026-03-19 19:38:59,939 - crypto_bot - INFO - 🔍 Scanning AVAX/USDT:USDT
2026-03-19 19:39:00,169 - crypto_bot - INFO - ❌ No signal: AVAXUSDT
2026-03-19 19:39:00,169 - crypto_bot - INFO - 🔍 Scanning VIRTUAL/USDT:USDT
2026-03-19 19:39:00,398 - crypto_bot - INFO - ❌ No signal: VIRTUALUSDT
2026-03-19 19:39:00,398 - crypto_bot - INFO - 🔍 Scanning KITE/USDT:USDT
2026-03-19 19:39:00,631 - crypto_bot - INFO - ❌ No signal: KITEUSDT
2026-03-19 19:39:00,631 - crypto_bot - INFO - 🔍 Scanning LTC/USDT:USDT
2026-03-19 19:39:00,859 - crypto_bot - INFO - ❌ No signal: LTCUSDT
2026-03-19 19:39:00,859 - crypto_bot - INFO - 🔍 Scanning PUMPFUN/USDT:USDT
2026-03-19 19:39:01,091 - crypto_bot - INFO - ❌ No signal: PUMPFUNUSDT
2026-03-19 19:39:01,091 - crypto_bot - INFO - 🔍 Scanning GALA/USDT:USDT
2026-03-19 19:39:01,323 - crypto_bot - INFO - ❌ No signal: GALAUSDT
2026-03-19 19:39:01,323 - crypto_bot - INFO - 🔍 Scanning XPL/USDT:USDT
2026-03-19 19:39:01,560 - crypto_bot - INFO - ❌ No signal: XPLUSDT
2026-03-19 19:39:01,560 - crypto_bot - INFO - 🔍 Scanning APT/USDT:USDT
2026-03-19 19:39:01,791 - crypto_bot - INFO - ❌ No signal: APTUSDT
2026-03-19 19:39:01,791 - crypto_bot - INFO - 🔍 Scanning BCH/USDT:USDT
2026-03-19 19:39:02,021 - crypto_bot - INFO - ❌ No signal: BCHUSDT
2026-03-19 19:39:02,021 - crypto_bot - INFO - 🔍 Scanning MNT/USDT:USDT
2026-03-19 19:39:02,256 - crypto_bot - INFO - ❌ No signal: MNTUSDT
2026-03-19 19:39:02,256 - crypto_bot - INFO - 🔍 Scanning PENGU/USDT:USDT
2026-03-19 19:39:02,485 - crypto_bot - INFO - ❌ No signal: PENGUUSDT
2026-03-19 19:39:02,485 - crypto_bot - INFO - 🔍 Scanning HBAR/USDT:USDT
2026-03-19 19:39:02,723 - crypto_bot - INFO - ❌ No signal: HBARUSDT
2026-03-19 19:39:02,724 - crypto_bot - INFO - 🔍 Scanning 1000BONK/USDT:USDT
2026-03-19 19:39:02,958 - crypto_bot - INFO - ❌ No signal: 1000BONKUSDT
2026-03-19 19:39:02,958 - crypto_bot - INFO - 📊 Total signals after scan: 0
2026-03-19 19:39:02,959 - crypto_bot - INFO - 📊 Signals found: 0
2026-03-19 19:39:02,959 - crypto_bot - INFO - ⏳ Sleeping for 300 seconds
2026-03-19 19:44:02,961 - crypto_bot - INFO - 🔍 Starting market scan for top-50 symbols...
2026-03-19 19:44:04,143 - crypto_bot - INFO - 📈 Top-50 symbols fetched: 50
2026-03-19 19:44:05,747 - crypto_bot - INFO - 🔥 Active symbols after filter: 50 / 50
2026-03-19 19:44:05,747 - crypto_bot - INFO - 🔍 Scanning BTC/USDT:USDT
2026-03-19 19:44:06,144 - crypto_bot - INFO - ❌ No signal: BTCUSDT
2026-03-19 19:44:06,144 - crypto_bot - INFO - 🔍 Scanning ETH/USDT:USDT
2026-03-19 19:44:06,376 - crypto_bot - INFO - ❌ No signal: ETHUSDT
2026-03-19 19:44:06,376 - crypto_bot - INFO - 🔍 Scanning SOL/USDT:USDT
2026-03-19 19:44:06,623 - crypto_bot - INFO - ❌ No signal: SOLUSDT
2026-03-19 19:44:06,623 - crypto_bot - INFO - 🔍 Scanning XRP/USDT:USDT
2026-03-19 19:44:06,854 - crypto_bot - INFO - ❌ No signal: XRPUSDT
2026-03-19 19:44:06,856 - crypto_bot - INFO - 🔍 Scanning HYPE/USDT:USDT
2026-03-19 19:44:07,256 - crypto_bot - INFO - ❌ No signal: HYPEUSDT
2026-03-19 19:44:07,257 - crypto_bot - INFO - 🔍 Scanning XAUT/USDT:USDT
2026-03-19 19:44:07,987 - crypto_bot - INFO - ❌ No signal: XAUTUSDT
2026-03-19 19:44:07,987 - crypto_bot - INFO - 🔍 Scanning DOGE/USDT:USDT
2026-03-19 19:44:08,221 - crypto_bot - INFO - ❌ No signal: DOGEUSDT
2026-03-19 19:44:08,221 - crypto_bot - INFO - 🔍 Scanning FARTCOIN/USDT:USDT
2026-03-19 19:44:08,457 - crypto_bot - INFO - ❌ No signal: FARTCOINUSDT
2026-03-19 19:44:08,457 - crypto_bot - INFO - 🔍 Scanning LYN/USDT:USDT
2026-03-19 19:44:08,686 - crypto_bot - INFO - ❌ No signal: LYNUSDT
2026-03-19 19:44:08,686 - crypto_bot - INFO - 🔍 Scanning RIVER/USDT:USDT
2026-03-19 19:44:08,922 - crypto_bot - INFO - ❌ No signal: RIVERUSDT
2026-03-19 19:44:08,922 - crypto_bot - INFO - 🔍 Scanning BARD/USDT:USDT
2026-03-19 19:44:09,153 - crypto_bot - INFO - ❌ No signal: BARDUSDT
2026-03-19 19:44:09,153 - crypto_bot - INFO - 🔍 Scanning 1000PEPE/USDT:USDT
2026-03-19 19:44:09,386 - crypto_bot - INFO - ❌ No signal: 1000PEPEUSDT
2026-03-19 19:44:09,386 - crypto_bot - INFO - 🔍 Scanning TAO/USDT:USDT
2026-03-19 19:44:09,786 - crypto_bot - INFO - ❌ No signal: TAOUSDT
2026-03-19 19:44:09,786 - crypto_bot - INFO - 🔍 Scanning PIPPIN/USDT:USDT
2026-03-19 19:44:10,022 - crypto_bot - INFO - ❌ No signal: PIPPINUSDT
2026-03-19 19:44:10,022 - crypto_bot - INFO - 🔍 Scanning ZEC/USDT:USDT
2026-03-19 19:44:10,268 - crypto_bot - INFO - ❌ No signal: ZECUSDT
2026-03-19 19:44:10,268 - crypto_bot - INFO - 🔍 Scanning XAG/USDT:USDT
2026-03-19 19:44:10,534 - crypto_bot - INFO - ❌ No signal: XAGUSDT
2026-03-19 19:44:10,535 - crypto_bot - INFO - 🔍 Scanning ADA/USDT:USDT
2026-03-19 19:44:10,932 - crypto_bot - INFO - ❌ No signal: ADAUSDT
2026-03-19 19:44:10,932 - crypto_bot - INFO - 🔍 Scanning SUI/USDT:USDT
2026-03-19 19:44:11,177 - crypto_bot - INFO - ❌ No signal: SUIUSDT
2026-03-19 19:44:11,178 - crypto_bot - INFO - 🔍 Scanning SAHARA/USDT:USDT
2026-03-19 19:44:11,419 - crypto_bot - INFO - ❌ No signal: SAHARAUSDT
2026-03-19 19:44:11,420 - crypto_bot - INFO - 🔍 Scanning ENJ/USDT:USDT
2026-03-19 19:44:11,655 - crypto_bot - INFO - ❌ No signal: ENJUSDT
2026-03-19 19:44:11,655 - crypto_bot - INFO - 🔍 Scanning PAXG/USDT:USDT
2026-03-19 19:44:11,889 - crypto_bot - INFO - ❌ No signal: PAXGUSDT
2026-03-19 19:44:11,889 - crypto_bot - INFO - 🔍 Scanning LINK/USDT:USDT
2026-03-19 19:44:12,285 - crypto_bot - INFO - ❌ No signal: LINKUSDT
2026-03-19 19:44:12,285 - crypto_bot - INFO - 🔍 Scanning XAU/USDT:USDT
2026-03-19 19:44:12,519 - crypto_bot - INFO - ❌ No signal: XAUUSDT
2026-03-19 19:44:12,519 - crypto_bot - INFO - 🔍 Scanning SIREN/USDT:USDT
2026-03-19 19:44:12,754 - crypto_bot - INFO - ❌ No signal: SIRENUSDT
2026-03-19 19:44:12,754 - crypto_bot - INFO - 🔍 Scanning TRUMP/USDT:USDT
2026-03-19 19:44:13,155 - crypto_bot - INFO - ❌ No signal: TRUMPUSDT
2026-03-19 19:44:13,156 - crypto_bot - INFO - 🔍 Scanning NEAR/USDT:USDT
2026-03-19 19:44:13,390 - crypto_bot - INFO - ❌ No signal: NEARUSDT
2026-03-19 19:44:13,390 - crypto_bot - INFO - 🔍 Scanning BNB/USDT:USDT
2026-03-19 19:44:13,624 - crypto_bot - INFO - ❌ No signal: BNBUSDT
2026-03-19 19:44:13,624 - crypto_bot - INFO - 🔍 Scanning WLD/USDT:USDT
2026-03-19 19:44:13,861 - crypto_bot - INFO - ❌ No signal: WLDUSDT
2026-03-19 19:44:13,861 - crypto_bot - INFO - 🔍 Scanning AAVE/USDT:USDT
2026-03-19 19:44:14,094 - crypto_bot - INFO - ❌ No signal: AAVEUSDT
2026-03-19 19:44:14,094 - crypto_bot - INFO - 🔍 Scanning PIXEL/USDT:USDT
2026-03-19 19:44:14,327 - crypto_bot - INFO - ❌ No signal: PIXELUSDT
2026-03-19 19:44:14,327 - crypto_bot - INFO - 🔍 Scanning ETHFI/USDT:USDT
2026-03-19 19:44:14,568 - crypto_bot - INFO - ❌ No signal: ETHFIUSDT
2026-03-19 19:44:14,568 - crypto_bot - INFO - 🔍 Scanning XAN/USDT:USDT
2026-03-19 19:44:14,807 - crypto_bot - INFO - ❌ No signal: XANUSDT
2026-03-19 19:44:14,807 - crypto_bot - INFO - 🔍 Scanning ENA/USDT:USDT
2026-03-19 19:44:15,040 - crypto_bot - INFO - ❌ No signal: ENAUSDT
2026-03-19 19:44:15,040 - crypto_bot - INFO - 🔍 Scanning ASTER/USDT:USDT
2026-03-19 19:44:15,276 - crypto_bot - INFO - ❌ No signal: ASTERUSDT
2026-03-19 19:44:15,276 - crypto_bot - INFO - 🔍 Scanning WIF/USDT:USDT
2026-03-19 19:44:15,514 - crypto_bot - INFO - ❌ No signal: WIFUSDT
2026-03-19 19:44:15,515 - crypto_bot - INFO - 🔍 Scanning BAN/USDT:USDT
2026-03-19 19:44:15,749 - crypto_bot - INFO - ❌ No signal: BANUSDT
2026-03-19 19:44:15,749 - crypto_bot - INFO - 🔍 Scanning DOT/USDT:USDT
2026-03-19 19:44:15,980 - crypto_bot - INFO - ❌ No signal: DOTUSDT
2026-03-19 19:44:15,980 - crypto_bot - INFO - 🔍 Scanning AVAX/USDT:USDT
2026-03-19 19:44:16,219 - crypto_bot - INFO - ❌ No signal: AVAXUSDT
2026-03-19 19:44:16,219 - crypto_bot - INFO - 🔍 Scanning VIRTUAL/USDT:USDT
2026-03-19 19:44:16,454 - crypto_bot - INFO - ❌ No signal: VIRTUALUSDT
2026-03-19 19:44:16,454 - crypto_bot - INFO - 🔍 Scanning KITE/USDT:USDT
2026-03-19 19:44:16,691 - crypto_bot - INFO - ❌ No signal: KITEUSDT
2026-03-19 19:44:16,691 - crypto_bot - INFO - 🔍 Scanning LTC/USDT:USDT
2026-03-19 19:44:16,928 - crypto_bot - INFO - ❌ No signal: LTCUSDT
2026-03-19 19:44:16,928 - crypto_bot - INFO - 🔍 Scanning PUMPFUN/USDT:USDT
2026-03-19 19:44:17,159 - crypto_bot - INFO - ❌ No signal: PUMPFUNUSDT
2026-03-19 19:44:17,159 - crypto_bot - INFO - 🔍 Scanning GALA/USDT:USDT
2026-03-19 19:44:17,396 - crypto_bot - INFO - ❌ No signal: GALAUSDT
2026-03-19 19:44:17,396 - crypto_bot - INFO - 🔍 Scanning XPL/USDT:USDT
2026-03-19 19:44:17,632 - crypto_bot - INFO - ❌ No signal: XPLUSDT
2026-03-19 19:44:17,632 - crypto_bot - INFO - 🔍 Scanning APT/USDT:USDT
2026-03-19 19:44:17,863 - crypto_bot - INFO - ❌ No signal: APTUSDT
2026-03-19 19:44:17,864 - crypto_bot - INFO - 🔍 Scanning BCH/USDT:USDT
2026-03-19 19:44:18,098 - crypto_bot - INFO - ❌ No signal: BCHUSDT
2026-03-19 19:44:18,098 - crypto_bot - INFO - 🔍 Scanning MNT/USDT:USDT
2026-03-19 19:44:18,336 - crypto_bot - INFO - ❌ No signal: MNTUSDT
2026-03-19 19:44:18,337 - crypto_bot - INFO - 🔍 Scanning PENGU/USDT:USDT
2026-03-19 19:44:18,571 - crypto_bot - INFO - ❌ No signal: PENGUUSDT
2026-03-19 19:44:18,571 - crypto_bot - INFO - 🔍 Scanning HBAR/USDT:USDT
2026-03-19 19:44:18,807 - crypto_bot - INFO - ❌ No signal: HBARUSDT
2026-03-19 19:44:18,807 - crypto_bot - INFO - 🔍 Scanning 1000BONK/USDT:USDT
2026-03-19 19:44:19,042 - crypto_bot - INFO - ❌ No signal: 1000BONKUSDT
2026-03-19 19:44:19,042 - crypto_bot - INFO - 📊 Total signals after scan: 0
2026-03-19 19:44:19,043 - crypto_bot - INFO - 📊 Signals found: 0
2026-03-19 19:44:19,043 - crypto_bot - INFO - ⏳ Sleeping for 300 seconds
2026-03-19 19:49:19,057 - crypto_bot - INFO - 🔍 Starting market scan for top-50 symbols...
2026-03-19 19:49:19,666 - crypto_bot - INFO - 📈 Top-50 symbols fetched: 50
2026-03-19 19:49:20,298 - crypto_bot - INFO - 🔥 Active symbols after filter: 50 / 50
2026-03-19 19:49:20,298 - crypto_bot - INFO - 🔍 Scanning BTC/USDT:USDT
2026-03-19 19:49:20,525 - crypto_bot - INFO - ❌ No signal: BTCUSDT
2026-03-19 19:49:20,525 - crypto_bot - INFO - 🔍 Scanning ETH/USDT:USDT
2026-03-19 19:49:20,749 - crypto_bot - INFO - ❌ No signal: ETHUSDT
2026-03-19 19:49:20,749 - crypto_bot - INFO - 🔍 Scanning SOL/USDT:USDT
2026-03-19 19:49:21,004 - crypto_bot - INFO - ❌ No signal: SOLUSDT
2026-03-19 19:49:21,004 - crypto_bot - INFO - 🔍 Scanning XRP/USDT:USDT
2026-03-19 19:49:21,233 - crypto_bot - INFO - ❌ No signal: XRPUSDT
2026-03-19 19:49:21,233 - crypto_bot - INFO - 🔍 Scanning HYPE/USDT:USDT
2026-03-19 19:49:21,500 - crypto_bot - INFO - ❌ No signal: HYPEUSDT
2026-03-19 19:49:21,500 - crypto_bot - INFO - 🔍 Scanning XAUT/USDT:USDT
2026-03-19 19:49:21,746 - crypto_bot - INFO - ❌ No signal: XAUTUSDT
2026-03-19 19:49:21,746 - crypto_bot - INFO - 🔍 Scanning DOGE/USDT:USDT
2026-03-19 19:49:21,994 - crypto_bot - INFO - ❌ No signal: DOGEUSDT
2026-03-19 19:49:21,994 - crypto_bot - INFO - 🔍 Scanning FARTCOIN/USDT:USDT
2026-03-19 19:49:22,222 - crypto_bot - INFO - ❌ No signal: FARTCOINUSDT
2026-03-19 19:49:22,223 - crypto_bot - INFO - 🔍 Scanning LYN/USDT:USDT
2026-03-19 19:49:22,452 - crypto_bot - INFO - ❌ No signal: LYNUSDT
2026-03-19 19:49:22,452 - crypto_bot - INFO - 🔍 Scanning RIVER/USDT:USDT
2026-03-19 19:49:22,671 - crypto_bot - INFO - ❌ No signal: RIVERUSDT
2026-03-19 19:49:22,671 - crypto_bot - INFO - 🔍 Scanning BARD/USDT:USDT
2026-03-19 19:49:23,069 - crypto_bot - INFO - ❌ No signal: BARDUSDT
2026-03-19 19:49:23,070 - crypto_bot - INFO - 🔍 Scanning 1000PEPE/USDT:USDT
2026-03-19 19:49:23,297 - crypto_bot - INFO - ❌ No signal: 1000PEPEUSDT
2026-03-19 19:49:23,297 - crypto_bot - INFO - 🔍 Scanning TAO/USDT:USDT
2026-03-19 19:49:23,528 - crypto_bot - INFO - ❌ No signal: TAOUSDT
2026-03-19 19:49:23,528 - crypto_bot - INFO - 🔍 Scanning PIPPIN/USDT:USDT
2026-03-19 19:49:23,763 - crypto_bot - INFO - ❌ No signal: PIPPINUSDT
2026-03-19 19:49:23,763 - crypto_bot - INFO - 🔍 Scanning ZEC/USDT:USDT
2026-03-19 19:49:23,984 - crypto_bot - INFO - ❌ No signal: ZECUSDT
2026-03-19 19:49:23,984 - crypto_bot - INFO - 🔍 Scanning XAG/USDT:USDT
2026-03-19 19:49:24,217 - crypto_bot - INFO - ❌ No signal: XAGUSDT
2026-03-19 19:49:24,217 - crypto_bot - INFO - 🔍 Scanning ADA/USDT:USDT
2026-03-19 19:49:24,466 - crypto_bot - INFO - ❌ No signal: ADAUSDT
2026-03-19 19:49:24,466 - crypto_bot - INFO - 🔍 Scanning SUI/USDT:USDT
2026-03-19 19:49:24,690 - crypto_bot - INFO - ❌ No signal: SUIUSDT
2026-03-19 19:49:24,690 - crypto_bot - INFO - 🔍 Scanning SAHARA/USDT:USDT
2026-03-19 19:49:24,922 - crypto_bot - INFO - ❌ No signal: SAHARAUSDT
2026-03-19 19:49:24,922 - crypto_bot - INFO - 🔍 Scanning ENJ/USDT:USDT
2026-03-19 19:49:25,153 - crypto_bot - INFO - ❌ No signal: ENJUSDT
2026-03-19 19:49:25,153 - crypto_bot - INFO - 🔍 Scanning PAXG/USDT:USDT
2026-03-19 19:49:25,532 - crypto_bot - INFO - ❌ No signal: PAXGUSDT
2026-03-19 19:49:25,532 - crypto_bot - INFO - 🔍 Scanning XAU/USDT:USDT
2026-03-19 19:49:25,754 - crypto_bot - INFO - ❌ No signal: XAUUSDT
2026-03-19 19:49:25,754 - crypto_bot - INFO - 🔍 Scanning LINK/USDT:USDT
2026-03-19 19:49:25,997 - crypto_bot - INFO - ❌ No signal: LINKUSDT
2026-03-19 19:49:25,997 - crypto_bot - INFO - 🔍 Scanning SIREN/USDT:USDT
2026-03-19 19:49:26,222 - crypto_bot - INFO - ❌ No signal: SIRENUSDT
2026-03-19 19:49:26,222 - crypto_bot - INFO - 🔍 Scanning TRUMP/USDT:USDT
2026-03-19 19:49:26,447 - crypto_bot - INFO - ❌ No signal: TRUMPUSDT
2026-03-19 19:49:26,447 - crypto_bot - INFO - 🔍 Scanning NEAR/USDT:USDT
2026-03-19 19:49:26,670 - crypto_bot - INFO - ❌ No signal: NEARUSDT
2026-03-19 19:49:26,670 - crypto_bot - INFO - 🔍 Scanning BNB/USDT:USDT
2026-03-19 19:49:26,904 - crypto_bot - INFO - ❌ No signal: BNBUSDT
2026-03-19 19:49:26,904 - crypto_bot - INFO - 🔍 Scanning WLD/USDT:USDT
2026-03-19 19:49:27,286 - crypto_bot - INFO - ❌ No signal: WLDUSDT
2026-03-19 19:49:27,296 - crypto_bot - INFO - 🔍 Scanning AAVE/USDT:USDT
2026-03-19 19:49:28,000 - crypto_bot - INFO - ❌ No signal: AAVEUSDT
2026-03-19 19:49:28,000 - crypto_bot - INFO - 🔍 Scanning PIXEL/USDT:USDT
2026-03-19 19:49:28,217 - crypto_bot - INFO - ❌ No signal: PIXELUSDT
2026-03-19 19:49:28,233 - crypto_bot - INFO - 🔍 Scanning ETHFI/USDT:USDT
2026-03-19 19:49:28,470 - crypto_bot - INFO - ❌ No signal: ETHFIUSDT
2026-03-19 19:49:28,470 - crypto_bot - INFO - 🔍 Scanning XAN/USDT:USDT
2026-03-19 19:49:28,698 - crypto_bot - INFO - ❌ No signal: XANUSDT
2026-03-19 19:49:28,698 - crypto_bot - INFO - 🔍 Scanning ENA/USDT:USDT
2026-03-19 19:49:28,925 - crypto_bot - INFO - ❌ No signal: ENAUSDT
2026-03-19 19:49:28,925 - crypto_bot - INFO - 🔍 Scanning ASTER/USDT:USDT
2026-03-19 19:49:29,165 - crypto_bot - INFO - ❌ No signal: ASTERUSDT
2026-03-19 19:49:29,165 - crypto_bot - INFO - 🔍 Scanning WIF/USDT:USDT
2026-03-19 19:49:29,403 - crypto_bot - INFO - ❌ No signal: WIFUSDT
2026-03-19 19:49:29,403 - crypto_bot - INFO - 🔍 Scanning BAN/USDT:USDT
2026-03-19 19:49:29,623 - crypto_bot - INFO - ❌ No signal: BANUSDT
2026-03-19 19:49:29,623 - crypto_bot - INFO - 🔍 Scanning DOT/USDT:USDT
2026-03-19 19:49:29,858 - crypto_bot - INFO - ❌ No signal: DOTUSDT
2026-03-19 19:49:29,858 - crypto_bot - INFO - 🔍 Scanning AVAX/USDT:USDT
2026-03-19 19:49:30,081 - crypto_bot - INFO - ❌ No signal: AVAXUSDT
2026-03-19 19:49:30,081 - crypto_bot - INFO - 🔍 Scanning VIRTUAL/USDT:USDT
2026-03-19 19:49:30,314 - crypto_bot - INFO - ❌ No signal: VIRTUALUSDT
2026-03-19 19:49:30,314 - crypto_bot - INFO - 🔍 Scanning KITE/USDT:USDT
2026-03-19 19:49:30,543 - crypto_bot - INFO - ❌ No signal: KITEUSDT
2026-03-19 19:49:30,544 - crypto_bot - INFO - 🔍 Scanning LTC/USDT:USDT
2026-03-19 19:49:30,928 - crypto_bot - INFO - ❌ No signal: LTCUSDT
2026-03-19 19:49:30,928 - crypto_bot - INFO - 🔍 Scanning PUMPFUN/USDT:USDT
2026-03-19 19:49:31,139 - crypto_bot - INFO - ❌ No signal: PUMPFUNUSDT
2026-03-19 19:49:31,139 - crypto_bot - INFO - 🔍 Scanning GALA/USDT:USDT
2026-03-19 19:49:31,388 - crypto_bot - INFO - ❌ No signal: GALAUSDT
2026-03-19 19:49:31,388 - crypto_bot - INFO - 🔍 Scanning XPL/USDT:USDT
2026-03-19 19:49:31,612 - crypto_bot - INFO - ❌ No signal: XPLUSDT
2026-03-19 19:49:31,612 - crypto_bot - INFO - 🔍 Scanning APT/USDT:USDT
2026-03-19 19:49:32,332 - crypto_bot - INFO - ❌ No signal: APTUSDT
2026-03-19 19:49:32,332 - crypto_bot - INFO - 🔍 Scanning BCH/USDT:USDT
2026-03-19 19:49:32,561 - crypto_bot - INFO - ❌ No signal: BCHUSDT
2026-03-19 19:49:32,561 - crypto_bot - INFO - 🔍 Scanning MNT/USDT:USDT
2026-03-19 19:49:32,780 - crypto_bot - INFO - ❌ No signal: MNTUSDT
2026-03-19 19:49:32,780 - crypto_bot - INFO - 🔍 Scanning PENGU/USDT:USDT
2026-03-19 19:49:33,016 - crypto_bot - INFO - ❌ No signal: PENGUUSDT
2026-03-19 19:49:33,016 - crypto_bot - INFO - 🔍 Scanning HBAR/USDT:USDT
2026-03-19 19:49:33,252 - crypto_bot - INFO - ❌ No signal: HBARUSDT
2026-03-19 19:49:33,252 - crypto_bot - INFO - 🔍 Scanning UAI/USDT:USDT
2026-03-19 19:49:33,643 - crypto_bot - INFO - ❌ No signal: UAIUSDT
2026-03-19 19:49:33,644 - crypto_bot - INFO - 📊 Total signals after scan: 0
2026-03-19 19:49:33,644 - crypto_bot - INFO - 📊 Signals found: 0
2026-03-19 19:49:33,644 - crypto_bot - INFO - ⏳ Sleeping for 300 seconds
2026-03-19 19:54:33,648 - crypto_bot - INFO - 🔍 Starting market scan for top-50 symbols...
2026-03-19 19:54:34,543 - crypto_bot - INFO - 📈 Top-50 symbols fetched: 50
2026-03-19 19:54:35,143 - crypto_bot - INFO - 🔥 Active symbols after filter: 50 / 50
2026-03-19 19:54:35,143 - crypto_bot - INFO - 🔍 Scanning BTC/USDT:USDT
2026-03-19 19:54:35,379 - crypto_bot - INFO - ❌ No signal: BTCUSDT
2026-03-19 19:54:35,380 - crypto_bot - INFO - 🔍 Scanning ETH/USDT:USDT
2026-03-19 19:54:35,623 - crypto_bot - INFO - ❌ No signal: ETHUSDT
2026-03-19 19:54:35,623 - crypto_bot - INFO - 🔍 Scanning SOL/USDT:USDT
2026-03-19 19:54:35,868 - crypto_bot - INFO - ❌ No signal: SOLUSDT
2026-03-19 19:54:35,869 - crypto_bot - INFO - 🔍 Scanning XRP/USDT:USDT
2026-03-19 19:54:36,104 - crypto_bot - INFO - ❌ No signal: XRPUSDT
2026-03-19 19:54:36,104 - crypto_bot - INFO - 🔍 Scanning HYPE/USDT:USDT
2026-03-19 19:54:36,340 - crypto_bot - INFO - ❌ No signal: HYPEUSDT
2026-03-19 19:54:36,340 - crypto_bot - INFO - 🔍 Scanning XAUT/USDT:USDT
2026-03-19 19:54:36,581 - crypto_bot - INFO - ❌ No signal: XAUTUSDT
2026-03-19 19:54:36,581 - crypto_bot - INFO - 🔍 Scanning DOGE/USDT:USDT
2026-03-19 19:54:36,828 - crypto_bot - INFO - ❌ No signal: DOGEUSDT
2026-03-19 19:54:36,828 - crypto_bot - INFO - 🔍 Scanning FARTCOIN/USDT:USDT
2026-03-19 19:54:37,062 - crypto_bot - INFO - ❌ No signal: FARTCOINUSDT
2026-03-19 19:54:37,062 - crypto_bot - INFO - 🔍 Scanning LYN/USDT:USDT
2026-03-19 19:54:37,309 - crypto_bot - INFO - ❌ No signal: LYNUSDT
2026-03-19 19:54:37,310 - crypto_bot - INFO - 🔍 Scanning RIVER/USDT:USDT
2026-03-19 19:54:37,544 - crypto_bot - INFO - ❌ No signal: RIVERUSDT
2026-03-19 19:54:37,544 - crypto_bot - INFO - 🔍 Scanning BARD/USDT:USDT
2026-03-19 19:54:37,778 - crypto_bot - INFO - ❌ No signal: BARDUSDT
2026-03-19 19:54:37,778 - crypto_bot - INFO - 🔍 Scanning 1000PEPE/USDT:USDT
2026-03-19 19:54:38,013 - crypto_bot - INFO - ❌ No signal: 1000PEPEUSDT
2026-03-19 19:54:38,013 - crypto_bot - INFO - 🔍 Scanning TAO/USDT:USDT
2026-03-19 19:54:38,250 - crypto_bot - INFO - ❌ No signal: TAOUSDT
2026-03-19 19:54:38,250 - crypto_bot - INFO - 🔍 Scanning PIPPIN/USDT:USDT
2026-03-19 19:54:38,493 - crypto_bot - INFO - ❌ No signal: PIPPINUSDT
2026-03-19 19:54:38,493 - crypto_bot - INFO - 🔍 Scanning ZEC/USDT:USDT
2026-03-19 19:54:38,726 - crypto_bot - INFO - ❌ No signal: ZECUSDT
2026-03-19 19:54:38,726 - crypto_bot - INFO - 🔍 Scanning XAG/USDT:USDT
2026-03-19 19:54:38,962 - crypto_bot - INFO - ❌ No signal: XAGUSDT
2026-03-19 19:54:38,963 - crypto_bot - INFO - 🔍 Scanning ADA/USDT:USDT
2026-03-19 19:54:39,261 - crypto_bot - INFO - ❌ No signal: ADAUSDT
2026-03-19 19:54:39,262 - crypto_bot - INFO - 🔍 Scanning SUI/USDT:USDT
2026-03-19 19:54:39,493 - crypto_bot - INFO - ❌ No signal: SUIUSDT
2026-03-19 19:54:39,494 - crypto_bot - INFO - 🔍 Scanning SAHARA/USDT:USDT
2026-03-19 19:54:39,736 - crypto_bot - INFO - ❌ No signal: SAHARAUSDT
2026-03-19 19:54:39,736 - crypto_bot - INFO - 🔍 Scanning ENJ/USDT:USDT
2026-03-19 19:54:39,969 - crypto_bot - INFO - ❌ No signal: ENJUSDT
2026-03-19 19:54:39,969 - crypto_bot - INFO - 🔍 Scanning PAXG/USDT:USDT
2026-03-19 19:54:40,208 - crypto_bot - INFO - ❌ No signal: PAXGUSDT
2026-03-19 19:54:40,208 - crypto_bot - INFO - 🔍 Scanning XAU/USDT:USDT
2026-03-19 19:54:40,442 - crypto_bot - INFO - ❌ No signal: XAUUSDT
2026-03-19 19:54:40,443 - crypto_bot - INFO - 🔍 Scanning LINK/USDT:USDT
2026-03-19 19:54:40,677 - crypto_bot - INFO - ❌ No signal: LINKUSDT
2026-03-19 19:54:40,677 - crypto_bot - INFO - 🔍 Scanning SIREN/USDT:USDT
2026-03-19 19:54:40,916 - crypto_bot - INFO - ❌ No signal: SIRENUSDT
2026-03-19 19:54:40,917 - crypto_bot - INFO - 🔍 Scanning TRUMP/USDT:USDT
2026-03-19 19:54:41,151 - crypto_bot - INFO - ❌ No signal: TRUMPUSDT
2026-03-19 19:54:41,151 - crypto_bot - INFO - 🔍 Scanning NEAR/USDT:USDT
2026-03-19 19:54:41,384 - crypto_bot - INFO - ❌ No signal: NEARUSDT
2026-03-19 19:54:41,385 - crypto_bot - INFO - 🔍 Scanning BNB/USDT:USDT
2026-03-19 19:54:41,625 - crypto_bot - INFO - ❌ No signal: BNBUSDT
2026-03-19 19:54:41,626 - crypto_bot - INFO - 🔍 Scanning WLD/USDT:USDT
2026-03-19 19:54:41,859 - crypto_bot - INFO - ❌ No signal: WLDUSDT
2026-03-19 19:54:41,859 - crypto_bot - INFO - 🔍 Scanning AAVE/USDT:USDT
2026-03-19 19:54:42,592 - crypto_bot - INFO - ❌ No signal: AAVEUSDT
2026-03-19 19:54:42,592 - crypto_bot - INFO - 🔍 Scanning PIXEL/USDT:USDT
2026-03-19 19:54:42,829 - crypto_bot - INFO - ❌ No signal: PIXELUSDT
2026-03-19 19:54:42,830 - crypto_bot - INFO - 🔍 Scanning ETHFI/USDT:USDT
2026-03-19 19:54:43,560 - crypto_bot - INFO - ❌ No signal: ETHFIUSDT
2026-03-19 19:54:43,560 - crypto_bot - INFO - 🔍 Scanning XAN/USDT:USDT
2026-03-19 19:54:43,794 - crypto_bot - INFO - ❌ No signal: XANUSDT
2026-03-19 19:54:43,794 - crypto_bot - INFO - 🔍 Scanning ENA/USDT:USDT
2026-03-19 19:54:44,026 - crypto_bot - INFO - ❌ No signal: ENAUSDT
2026-03-19 19:54:44,027 - crypto_bot - INFO - 🔍 Scanning ASTER/USDT:USDT
2026-03-19 19:54:44,762 - crypto_bot - INFO - ❌ No signal: ASTERUSDT
2026-03-19 19:54:44,762 - crypto_bot - INFO - 🔍 Scanning WIF/USDT:USDT
2026-03-19 19:54:45,000 - crypto_bot - INFO - ❌ No signal: WIFUSDT
2026-03-19 19:54:45,000 - crypto_bot - INFO - 🔍 Scanning BAN/USDT:USDT
2026-03-19 19:54:45,733 - crypto_bot - INFO - ❌ No signal: BANUSDT
2026-03-19 19:54:45,733 - crypto_bot - INFO - 🔍 Scanning DOT/USDT:USDT
2026-03-19 19:54:45,971 - crypto_bot - INFO - ❌ No signal: DOTUSDT
2026-03-19 19:54:45,972 - crypto_bot - INFO - 🔍 Scanning AVAX/USDT:USDT
2026-03-19 19:54:46,702 - crypto_bot - INFO - ❌ No signal: AVAXUSDT
2026-03-19 19:54:46,702 - crypto_bot - INFO - 🔍 Scanning VIRTUAL/USDT:USDT
2026-03-19 19:54:46,941 - crypto_bot - INFO - ❌ No signal: VIRTUALUSDT
2026-03-19 19:54:46,941 - crypto_bot - INFO - 🔍 Scanning KITE/USDT:USDT
2026-03-19 19:54:47,346 - crypto_bot - INFO - ❌ No signal: KITEUSDT
2026-03-19 19:54:47,346 - crypto_bot - INFO - 🔍 Scanning LTC/USDT:USDT
2026-03-19 19:54:47,583 - crypto_bot - INFO - ❌ No signal: LTCUSDT
2026-03-19 19:54:47,583 - crypto_bot - INFO - 🔍 Scanning PUMPFUN/USDT:USDT
2026-03-19 19:54:47,823 - crypto_bot - INFO - ❌ No signal: PUMPFUNUSDT
2026-03-19 19:54:47,823 - crypto_bot - INFO - 🔍 Scanning GALA/USDT:USDT
2026-03-19 19:54:48,060 - crypto_bot - INFO - ❌ No signal: GALAUSDT
2026-03-19 19:54:48,060 - crypto_bot - INFO - 🔍 Scanning XPL/USDT:USDT
2026-03-19 19:54:48,298 - crypto_bot - INFO - ❌ No signal: XPLUSDT
2026-03-19 19:54:48,299 - crypto_bot - INFO - 🔍 Scanning APT/USDT:USDT
2026-03-19 19:54:48,534 - crypto_bot - INFO - ❌ No signal: APTUSDT
2026-03-19 19:54:48,534 - crypto_bot - INFO - 🔍 Scanning BCH/USDT:USDT
2026-03-19 19:54:48,779 - crypto_bot - INFO - ❌ No signal: BCHUSDT
2026-03-19 19:54:48,779 - crypto_bot - INFO - 🔍 Scanning MNT/USDT:USDT
2026-03-19 19:54:49,026 - crypto_bot - INFO - ❌ No signal: MNTUSDT
2026-03-19 19:54:49,026 - crypto_bot - INFO - 🔍 Scanning UAI/USDT:USDT
2026-03-19 19:54:49,266 - crypto_bot - INFO - ❌ No signal: UAIUSDT
2026-03-19 19:54:49,266 - crypto_bot - INFO - 🔍 Scanning PENGU/USDT:USDT
2026-03-19 19:54:49,675 - crypto_bot - INFO - ❌ No signal: PENGUUSDT
2026-03-19 19:54:49,675 - crypto_bot - INFO - 🔍 Scanning HBAR/USDT:USDT
2026-03-19 19:54:50,124 - crypto_bot - INFO - ❌ No signal: HBARUSDT
2026-03-19 19:54:50,125 - crypto_bot - INFO - 📊 Total signals after scan: 0
2026-03-19 19:54:50,125 - crypto_bot - INFO - 📊 Signals found: 0
2026-03-19 19:54:50,125 - crypto_bot - INFO - ⏳ Sleeping for 300 seconds
2026-03-19 19:59:50,149 - crypto_bot - INFO - 🔍 Starting market scan for top-50 symbols...
2026-03-19 19:59:50,984 - crypto_bot - INFO - 📈 Top-50 symbols fetched: 50
2026-03-19 19:59:51,586 - crypto_bot - INFO - 🔥 Active symbols after filter: 50 / 50
2026-03-19 19:59:51,586 - crypto_bot - INFO - 🔍 Scanning BTC/USDT:USDT
2026-03-19 19:59:51,818 - crypto_bot - INFO - ❌ No signal: BTCUSDT
2026-03-19 19:59:51,818 - crypto_bot - INFO - 🔍 Scanning ETH/USDT:USDT
2026-03-19 19:59:52,059 - crypto_bot - INFO - ❌ No signal: ETHUSDT
2026-03-19 19:59:52,059 - crypto_bot - INFO - 🔍 Scanning SOL/USDT:USDT
2026-03-19 19:59:52,289 - crypto_bot - INFO - ❌ No signal: SOLUSDT
2026-03-19 19:59:52,289 - crypto_bot - INFO - 🔍 Scanning XRP/USDT:USDT
2026-03-19 19:59:52,522 - crypto_bot - INFO - ❌ No signal: XRPUSDT
2026-03-19 19:59:52,522 - crypto_bot - INFO - 🔍 Scanning HYPE/USDT:USDT
2026-03-19 19:59:52,754 - crypto_bot - INFO - ❌ No signal: HYPEUSDT
2026-03-19 19:59:52,754 - crypto_bot - INFO - 🔍 Scanning XAUT/USDT:USDT
2026-03-19 19:59:52,976 - crypto_bot - INFO - ❌ No signal: XAUTUSDT
2026-03-19 19:59:52,976 - crypto_bot - INFO - 🔍 Scanning DOGE/USDT:USDT
2026-03-19 19:59:53,222 - crypto_bot - INFO - ❌ No signal: DOGEUSDT
2026-03-19 19:59:53,222 - crypto_bot - INFO - 🔍 Scanning FARTCOIN/USDT:USDT
2026-03-19 19:59:53,452 - crypto_bot - INFO - ❌ No signal: FARTCOINUSDT
2026-03-19 19:59:53,452 - crypto_bot - INFO - 🔍 Scanning LYN/USDT:USDT
2026-03-19 19:59:53,680 - crypto_bot - INFO - ❌ No signal: LYNUSDT
2026-03-19 19:59:53,680 - crypto_bot - INFO - 🔍 Scanning RIVER/USDT:USDT
2026-03-19 19:59:53,916 - crypto_bot - INFO - ❌ No signal: RIVERUSDT
2026-03-19 19:59:53,916 - crypto_bot - INFO - 🔍 Scanning BARD/USDT:USDT
2026-03-19 19:59:54,150 - crypto_bot - INFO - ❌ No signal: BARDUSDT
2026-03-19 19:59:54,150 - crypto_bot - INFO - 🔍 Scanning 1000PEPE/USDT:USDT
2026-03-19 19:59:54,404 - crypto_bot - INFO - ❌ No signal: 1000PEPEUSDT
2026-03-19 19:59:54,404 - crypto_bot - INFO - 🔍 Scanning TAO/USDT:USDT
2026-03-19 19:59:54,645 - crypto_bot - INFO - ❌ No signal: TAOUSDT
2026-03-19 19:59:54,645 - crypto_bot - INFO - 🔍 Scanning PIPPIN/USDT:USDT
2026-03-19 19:59:54,878 - crypto_bot - INFO - ❌ No signal: PIPPINUSDT
2026-03-19 19:59:54,878 - crypto_bot - INFO - 🔍 Scanning ZEC/USDT:USDT
2026-03-19 19:59:55,145 - crypto_bot - INFO - ❌ No signal: ZECUSDT
2026-03-19 19:59:55,145 - crypto_bot - INFO - 🔍 Scanning XAG/USDT:USDT
2026-03-19 19:59:55,367 - crypto_bot - INFO - ❌ No signal: XAGUSDT
2026-03-19 19:59:55,383 - crypto_bot - INFO - 🔍 Scanning ADA/USDT:USDT
2026-03-19 19:59:55,617 - crypto_bot - INFO - ❌ No signal: ADAUSDT
2026-03-19 19:59:55,617 - crypto_bot - INFO - 🔍 Scanning SUI/USDT:USDT
2026-03-19 19:59:55,852 - crypto_bot - INFO - ❌ No signal: SUIUSDT
2026-03-19 19:59:55,852 - crypto_bot - INFO - 🔍 Scanning SAHARA/USDT:USDT
2026-03-19 19:59:56,087 - crypto_bot - INFO - ❌ No signal: SAHARAUSDT
2026-03-19 19:59:56,087 - crypto_bot - INFO - 🔍 Scanning ENJ/USDT:USDT
2026-03-19 19:59:56,316 - crypto_bot - INFO - ❌ No signal: ENJUSDT
2026-03-19 19:59:56,316 - crypto_bot - INFO - 🔍 Scanning PAXG/USDT:USDT
2026-03-19 19:59:56,556 - crypto_bot - INFO - ❌ No signal: PAXGUSDT
2026-03-19 19:59:56,556 - crypto_bot - INFO - 🔍 Scanning XAU/USDT:USDT
2026-03-19 19:59:56,795 - crypto_bot - INFO - ❌ No signal: XAUUSDT
2026-03-19 19:59:56,795 - crypto_bot - INFO - 🔍 Scanning LINK/USDT:USDT
2026-03-19 19:59:57,039 - crypto_bot - INFO - ❌ No signal: LINKUSDT
2026-03-19 19:59:57,039 - crypto_bot - INFO - 🔍 Scanning SIREN/USDT:USDT
2026-03-19 19:59:57,431 - crypto_bot - INFO - ❌ No signal: SIRENUSDT
2026-03-19 19:59:57,431 - crypto_bot - INFO - 🔍 Scanning TRUMP/USDT:USDT
2026-03-19 19:59:57,669 - crypto_bot - INFO - ❌ No signal: TRUMPUSDT
2026-03-19 19:59:57,669 - crypto_bot - INFO - 🔍 Scanning NEAR/USDT:USDT
2026-03-19 19:59:57,899 - crypto_bot - INFO - ❌ No signal: NEARUSDT
2026-03-19 19:59:57,899 - crypto_bot - INFO - 🔍 Scanning BNB/USDT:USDT
2026-03-19 19:59:58,118 - crypto_bot - INFO - ❌ No signal: BNBUSDT
2026-03-19 19:59:58,118 - crypto_bot - INFO - 🔍 Scanning WLD/USDT:USDT
2026-03-19 19:59:58,352 - crypto_bot - INFO - ❌ No signal: WLDUSDT
2026-03-19 19:59:58,352 - crypto_bot - INFO - 🔍 Scanning AAVE/USDT:USDT
2026-03-19 19:59:58,595 - crypto_bot - INFO - ❌ No signal: AAVEUSDT
2026-03-19 19:59:58,595 - crypto_bot - INFO - 🔍 Scanning PIXEL/USDT:USDT
2026-03-19 19:59:59,610 - crypto_bot - INFO - ❌ No signal: PIXELUSDT
2026-03-19 19:59:59,610 - crypto_bot - INFO - 🔍 Scanning XAN/USDT:USDT
2026-03-19 19:59:59,822 - crypto_bot - INFO - ❌ No signal: XANUSDT
2026-03-19 19:59:59,822 - crypto_bot - INFO - 🔍 Scanning ETHFI/USDT:USDT
2026-03-19 20:00:00,065 - crypto_bot - INFO - ❌ No signal: ETHFIUSDT
2026-03-19 20:00:00,066 - crypto_bot - INFO - 🔍 Scanning ENA/USDT:USDT
2026-03-19 20:00:00,289 - crypto_bot - INFO - ❌ No signal: ENAUSDT
2026-03-19 20:00:00,289 - crypto_bot - INFO - 🔍 Scanning ASTER/USDT:USDT
2026-03-19 20:00:00,523 - crypto_bot - INFO - ❌ No signal: ASTERUSDT
2026-03-19 20:00:00,523 - crypto_bot - INFO - 🔍 Scanning WIF/USDT:USDT
2026-03-19 20:00:00,758 - crypto_bot - INFO - ❌ No signal: WIFUSDT
2026-03-19 20:00:00,758 - crypto_bot - INFO - 🔍 Scanning BAN/USDT:USDT
2026-03-19 20:00:01,237 - crypto_bot - INFO - ❌ No signal: BANUSDT
2026-03-19 20:00:01,238 - crypto_bot - INFO - 🔍 Scanning DOT/USDT:USDT
2026-03-19 20:00:01,479 - crypto_bot - INFO - ❌ No signal: DOTUSDT
2026-03-19 20:00:01,479 - crypto_bot - INFO - 🔍 Scanning AVAX/USDT:USDT
2026-03-19 20:00:02,204 - crypto_bot - INFO - ❌ No signal: AVAXUSDT
2026-03-19 20:00:02,204 - crypto_bot - INFO - 🔍 Scanning VIRTUAL/USDT:USDT
2026-03-19 20:00:02,602 - crypto_bot - INFO - ❌ No signal: VIRTUALUSDT
2026-03-19 20:00:02,602 - crypto_bot - INFO - 🔍 Scanning KITE/USDT:USDT
2026-03-19 20:00:02,853 - crypto_bot - INFO - ❌ No signal: KITEUSDT
2026-03-19 20:00:02,853 - crypto_bot - INFO - 🔍 Scanning LTC/USDT:USDT
2026-03-19 20:00:03,097 - crypto_bot - INFO - ❌ No signal: LTCUSDT
2026-03-19 20:00:03,097 - crypto_bot - INFO - 🔍 Scanning PUMPFUN/USDT:USDT
2026-03-19 20:00:03,806 - crypto_bot - INFO - ❌ No signal: PUMPFUNUSDT
2026-03-19 20:00:03,806 - crypto_bot - INFO - 🔍 Scanning GALA/USDT:USDT
2026-03-19 20:00:04,242 - crypto_bot - INFO - ❌ No signal: GALAUSDT
2026-03-19 20:00:04,243 - crypto_bot - INFO - 🔍 Scanning XPL/USDT:USDT
2026-03-19 20:00:04,634 - crypto_bot - INFO - ❌ No signal: XPLUSDT
2026-03-19 20:00:04,634 - crypto_bot - INFO - 🔍 Scanning UAI/USDT:USDT
2026-03-19 20:00:04,870 - crypto_bot - INFO - ❌ No signal: UAIUSDT
2026-03-19 20:00:04,885 - crypto_bot - INFO - 🔍 Scanning APT/USDT:USDT
2026-03-19 20:00:05,102 - crypto_bot - WARNING - APT/USDT:USDT | ошибка загрузки свечей: bybit {"retCode":10006,"retMsg":"Too many visits. Exceeded the API Rate Limit.","result":{},"retExtInfo":{},"time":1773939605159}
2026-03-19 20:00:05,102 - crypto_bot - WARNING - ⚠️ Could not fetch OHLCV for APT/USDT:USDT
2026-03-19 20:00:05,102 - crypto_bot - INFO - 🔍 Scanning MNT/USDT:USDT
2026-03-19 20:00:05,498 - crypto_bot - INFO - ❌ No signal: MNTUSDT
2026-03-19 20:00:05,498 - crypto_bot - INFO - 🔍 Scanning BCH/USDT:USDT
2026-03-19 20:00:05,728 - crypto_bot - INFO - ❌ No signal: BCHUSDT
2026-03-19 20:00:05,728 - crypto_bot - INFO - 🔍 Scanning HBAR/USDT:USDT
2026-03-19 20:00:05,969 - crypto_bot - WARNING - HBAR/USDT:USDT | ошибка загрузки свечей: bybit {"retCode":10006,"retMsg":"Too many visits. Exceeded the API Rate Limit.","result":{},"retExtInfo":{},"time":1773939606016}
2026-03-19 20:00:05,969 - crypto_bot - WARNING - ⚠️ Could not fetch OHLCV for HBAR/USDT:USDT
2026-03-19 20:00:05,970 - crypto_bot - INFO - 🔍 Scanning PENGU/USDT:USDT
2026-03-19 20:00:06,184 - crypto_bot - WARNING - PENGU/USDT:USDT | ошибка загрузки свечей: bybit {"retCode":10006,"retMsg":"Too many visits. Exceeded the API Rate Limit.","result":{},"retExtInfo":{},"time":1773939606243}
2026-03-19 20:00:06,184 - crypto_bot - WARNING - ⚠️ Could not fetch OHLCV for PENGU/USDT:USDT
2026-03-19 20:00:06,185 - crypto_bot - INFO - 📊 Total signals after scan: 0
2026-03-19 20:00:06,185 - crypto_bot - INFO - 📊 Signals found: 0
2026-03-19 20:00:06,185 - crypto_bot - INFO - ⏳ Sleeping for 300 seconds
2026-03-19 20:03:27,976 - crypto_bot - INFO - 🛑 Остановка по KeyboardInterrupt
2026-03-19 20:23:16,957 - crypto_bot - INFO - 🚀 Starting bot...
2026-03-19 20:23:16,957 - crypto_bot - WARNING - TELEGRAM_TOKEN не задан — бот запустится в режиме scanner + GUI без Telegram polling
2026-03-19 20:23:17,258 - crypto_bot - INFO - 🖥️ Signal GUI thread started
2026-03-19 20:23:17,259 - crypto_bot - INFO - ✅ Telegram отключён: инициализированы scanner + GUI режим
2026-03-19 20:23:17,259 - crypto_bot - INFO - 📡 Starting polling...
2026-03-19 20:23:17,259 - crypto_bot - INFO - 📡 Telegram polling disabled, running standalone scan loop
2026-03-19 20:23:17,260 - crypto_bot - INFO - 🚀 SCAN LOOP STARTED
2026-03-19 20:23:17,261 - crypto_bot - INFO - 🔍 Starting market scan for top-50 symbols...
2026-03-19 20:23:21,132 - crypto_bot - INFO - 📈 Top-50 symbols fetched: 50
2026-03-19 20:23:25,094 - crypto_bot - INFO - 🔥 Active symbols after filter: 40 / 50
2026-03-19 20:23:25,094 - crypto_bot - INFO - 🔍 Scanning BTC/USDT:USDT
2026-03-19 20:23:25,341 - crypto_bot - INFO - ❌ No signal: BTCUSDT
2026-03-19 20:23:25,341 - crypto_bot - INFO - 🔍 Scanning ETH/USDT:USDT
2026-03-19 20:23:25,581 - crypto_bot - INFO - ❌ No signal: ETHUSDT
2026-03-19 20:23:25,581 - crypto_bot - INFO - 🔍 Scanning SOL/USDT:USDT
2026-03-19 20:23:25,809 - crypto_bot - INFO - ❌ No signal: SOLUSDT
2026-03-19 20:23:25,809 - crypto_bot - INFO - 🔍 Scanning HYPE/USDT:USDT
2026-03-19 20:23:26,315 - crypto_bot - INFO - ❌ No signal: HYPEUSDT
2026-03-19 20:23:26,315 - crypto_bot - INFO - 🔍 Scanning XAUT/USDT:USDT
2026-03-19 20:23:26,557 - crypto_bot - INFO - ❌ No signal: XAUTUSDT
2026-03-19 20:23:26,557 - crypto_bot - INFO - 🔍 Scanning DOGE/USDT:USDT
2026-03-19 20:23:26,798 - crypto_bot - INFO - ❌ No signal: DOGEUSDT
2026-03-19 20:23:26,798 - crypto_bot - INFO - 🔍 Scanning FARTCOIN/USDT:USDT
2026-03-19 20:23:27,022 - crypto_bot - INFO - ❌ No signal: FARTCOINUSDT
2026-03-19 20:23:27,022 - crypto_bot - INFO - 🔍 Scanning LYN/USDT:USDT
2026-03-19 20:23:27,278 - crypto_bot - INFO - ❌ No signal: LYNUSDT
2026-03-19 20:23:27,278 - crypto_bot - INFO - 🔍 Scanning RIVER/USDT:USDT
2026-03-19 20:23:27,682 - crypto_bot - INFO - ❌ No signal: RIVERUSDT
2026-03-19 20:23:27,682 - crypto_bot - INFO - 🔍 Scanning 1000PEPE/USDT:USDT
2026-03-19 20:23:27,956 - crypto_bot - INFO - ❌ No signal: 1000PEPEUSDT
2026-03-19 20:23:27,956 - crypto_bot - INFO - 🔍 Scanning BARD/USDT:USDT
2026-03-19 20:23:28,191 - crypto_bot - INFO - ❌ No signal: BARDUSDT
2026-03-19 20:23:28,191 - crypto_bot - INFO - 🔍 Scanning TAO/USDT:USDT
2026-03-19 20:23:28,421 - crypto_bot - INFO - ❌ No signal: TAOUSDT
2026-03-19 20:23:28,421 - crypto_bot - INFO - 🔍 Scanning ZEC/USDT:USDT
2026-03-19 20:23:28,652 - crypto_bot - INFO - ❌ No signal: ZECUSDT
2026-03-19 20:23:28,652 - crypto_bot - INFO - 🔍 Scanning XAG/USDT:USDT
2026-03-19 20:23:28,881 - crypto_bot - INFO - ❌ No signal: XAGUSDT
2026-03-19 20:23:28,881 - crypto_bot - INFO - 🔍 Scanning ADA/USDT:USDT
2026-03-19 20:23:29,103 - crypto_bot - INFO - ❌ No signal: ADAUSDT
2026-03-19 20:23:29,103 - crypto_bot - INFO - 🔍 Scanning SUI/USDT:USDT
2026-03-19 20:23:29,342 - crypto_bot - INFO - ❌ No signal: SUIUSDT
2026-03-19 20:23:29,342 - crypto_bot - INFO - 🔍 Scanning SAHARA/USDT:USDT
2026-03-19 20:23:29,572 - crypto_bot - INFO - ❌ No signal: SAHARAUSDT
2026-03-19 20:23:29,572 - crypto_bot - INFO - 🔍 Scanning PAXG/USDT:USDT
2026-03-19 20:23:29,812 - crypto_bot - INFO - ❌ No signal: PAXGUSDT
2026-03-19 20:23:29,812 - crypto_bot - INFO - 🔍 Scanning XAU/USDT:USDT
2026-03-19 20:23:30,044 - crypto_bot - INFO - ❌ No signal: XAUUSDT
2026-03-19 20:23:30,044 - crypto_bot - INFO - 🔍 Scanning LINK/USDT:USDT
2026-03-19 20:23:30,263 - crypto_bot - INFO - ❌ No signal: LINKUSDT
2026-03-19 20:23:30,263 - crypto_bot - INFO - 🔍 Scanning SIREN/USDT:USDT
2026-03-19 20:23:30,503 - crypto_bot - INFO - ❌ No signal: SIRENUSDT
2026-03-19 20:23:30,503 - crypto_bot - INFO - 🔍 Scanning TRUMP/USDT:USDT
2026-03-19 20:23:30,729 - crypto_bot - INFO - ❌ No signal: TRUMPUSDT
2026-03-19 20:23:30,729 - crypto_bot - INFO - 🔍 Scanning BNB/USDT:USDT
2026-03-19 20:23:30,973 - crypto_bot - INFO - ❌ No signal: BNBUSDT
2026-03-19 20:23:30,973 - crypto_bot - INFO - 🔍 Scanning NEAR/USDT:USDT
2026-03-19 20:23:31,197 - crypto_bot - INFO - ❌ No signal: NEARUSDT
2026-03-19 20:23:31,197 - crypto_bot - INFO - 🔍 Scanning WLD/USDT:USDT
2026-03-19 20:23:31,441 - crypto_bot - INFO - ❌ No signal: WLDUSDT
2026-03-19 20:23:31,441 - crypto_bot - INFO - 🔍 Scanning AAVE/USDT:USDT
2026-03-19 20:23:31,688 - crypto_bot - INFO - ❌ No signal: AAVEUSDT
2026-03-19 20:23:31,688 - crypto_bot - INFO - 🔍 Scanning PIXEL/USDT:USDT
2026-03-19 20:23:31,922 - crypto_bot - INFO - ❌ No signal: PIXELUSDT
2026-03-19 20:23:31,922 - crypto_bot - INFO - 🔍 Scanning XAN/USDT:USDT
2026-03-19 20:23:32,161 - crypto_bot - INFO - ❌ No signal: XANUSDT
2026-03-19 20:23:32,161 - crypto_bot - INFO - 🔍 Scanning ETHFI/USDT:USDT
2026-03-19 20:23:32,405 - crypto_bot - INFO - ❌ No signal: ETHFIUSDT
2026-03-19 20:23:32,405 - crypto_bot - INFO - 🔍 Scanning ENA/USDT:USDT
2026-03-19 20:23:32,628 - crypto_bot - INFO - ❌ No signal: ENAUSDT
2026-03-19 20:23:32,628 - crypto_bot - INFO - 🔍 Scanning WIF/USDT:USDT
2026-03-19 20:23:32,879 - crypto_bot - INFO - ❌ No signal: WIFUSDT
2026-03-19 20:23:32,879 - crypto_bot - INFO - 🔍 Scanning BAN/USDT:USDT
2026-03-19 20:23:33,109 - crypto_bot - INFO - ❌ No signal: BANUSDT
2026-03-19 20:23:33,109 - crypto_bot - INFO - 🔍 Scanning DOT/USDT:USDT
2026-03-19 20:23:33,336 - crypto_bot - INFO - ❌ No signal: DOTUSDT
2026-03-19 20:23:33,336 - crypto_bot - INFO - 🔍 Scanning AVAX/USDT:USDT
2026-03-19 20:23:33,581 - crypto_bot - INFO - ❌ No signal: AVAXUSDT
2026-03-19 20:23:33,581 - crypto_bot - INFO - 🔍 Scanning VIRTUAL/USDT:USDT
2026-03-19 20:23:33,803 - crypto_bot - INFO - ❌ No signal: VIRTUALUSDT
2026-03-19 20:23:33,803 - crypto_bot - INFO - 🔍 Scanning KITE/USDT:USDT
2026-03-19 20:23:34,043 - crypto_bot - INFO - ❌ No signal: KITEUSDT
2026-03-19 20:23:34,043 - crypto_bot - INFO - 🔍 Scanning PUMPFUN/USDT:USDT
2026-03-19 20:23:34,281 - crypto_bot - INFO - ❌ No signal: PUMPFUNUSDT
2026-03-19 20:23:34,281 - crypto_bot - INFO - 🔍 Scanning GALA/USDT:USDT
2026-03-19 20:23:34,504 - crypto_bot - INFO - ❌ No signal: GALAUSDT
2026-03-19 20:23:34,504 - crypto_bot - INFO - 🔍 Scanning UAI/USDT:USDT
2026-03-19 20:23:34,751 - crypto_bot - INFO - ❌ No signal: UAIUSDT
2026-03-19 20:23:34,751 - crypto_bot - INFO - 🔍 Scanning XPL/USDT:USDT
2026-03-19 20:23:34,971 - crypto_bot - INFO - ❌ No signal: XPLUSDT
2026-03-19 20:23:34,971 - crypto_bot - INFO - 📊 Total signals after scan: 0
2026-03-19 20:23:34,971 - crypto_bot - INFO - 📊 Signals found: 0
2026-03-19 20:23:34,971 - crypto_bot - INFO - ⏳ Sleeping for 300 seconds
2026-03-19 20:23:42,911 - crypto_bot - INFO - 🛑 Остановка по KeyboardInterrupt
2026-03-19 20:24:07,819 - crypto_bot - INFO - 🚀 Starting bot...
2026-03-19 20:24:07,821 - crypto_bot - WARNING - TELEGRAM_TOKEN не задан — бот запустится в режиме scanner + GUI без Telegram polling
2026-03-19 20:24:07,854 - crypto_bot - INFO - 🖥️ Signal GUI thread started
2026-03-19 20:24:07,854 - crypto_bot - INFO - ✅ Telegram отключён: инициализированы scanner + GUI режим
2026-03-19 20:24:07,854 - crypto_bot - INFO - 📡 Starting polling...
2026-03-19 20:24:07,854 - crypto_bot - INFO - 📡 Telegram polling disabled, running standalone scan loop
2026-03-19 20:24:07,854 - crypto_bot - INFO - 🚀 SCAN LOOP STARTED
2026-03-19 20:24:07,854 - crypto_bot - INFO - 🔍 Starting market scan for top-50 symbols...
2026-03-19 20:24:11,175 - crypto_bot - INFO - 📈 Top-50 symbols fetched: 50
2026-03-19 20:24:14,412 - crypto_bot - INFO - 🔥 Active symbols after filter: 42 / 50
2026-03-19 20:24:14,412 - crypto_bot - INFO - 🔍 Scanning BTC/USDT:USDT
2026-03-19 20:24:14,653 - crypto_bot - INFO - ❌ No signal: BTCUSDT
2026-03-19 20:24:14,653 - crypto_bot - INFO - 🔍 Scanning ETH/USDT:USDT
2026-03-19 20:24:14,884 - crypto_bot - INFO - ❌ No signal: ETHUSDT
2026-03-19 20:24:14,884 - crypto_bot - INFO - 🔍 Scanning SOL/USDT:USDT
2026-03-19 20:24:15,124 - crypto_bot - INFO - ❌ No signal: SOLUSDT
2026-03-19 20:24:15,124 - crypto_bot - INFO - 🔍 Scanning HYPE/USDT:USDT
2026-03-19 20:24:15,351 - crypto_bot - INFO - ❌ No signal: HYPEUSDT
2026-03-19 20:24:15,362 - crypto_bot - INFO - 🔍 Scanning XAUT/USDT:USDT
2026-03-19 20:24:15,606 - crypto_bot - INFO - ❌ No signal: XAUTUSDT
2026-03-19 20:24:15,606 - crypto_bot - INFO - 🔍 Scanning DOGE/USDT:USDT
2026-03-19 20:24:15,892 - crypto_bot - INFO - ❌ No signal: DOGEUSDT
2026-03-19 20:24:15,893 - crypto_bot - INFO - 🔍 Scanning FARTCOIN/USDT:USDT
2026-03-19 20:24:16,126 - crypto_bot - INFO - ❌ No signal: FARTCOINUSDT
2026-03-19 20:24:16,126 - crypto_bot - INFO - 🔍 Scanning LYN/USDT:USDT
2026-03-19 20:24:16,360 - crypto_bot - INFO - ❌ No signal: LYNUSDT
2026-03-19 20:24:16,360 - crypto_bot - INFO - 🔍 Scanning RIVER/USDT:USDT
2026-03-19 20:24:16,601 - crypto_bot - INFO - ❌ No signal: RIVERUSDT
2026-03-19 20:24:16,601 - crypto_bot - INFO - 🔍 Scanning 1000PEPE/USDT:USDT
2026-03-19 20:24:16,834 - crypto_bot - INFO - ❌ No signal: 1000PEPEUSDT
2026-03-19 20:24:16,834 - crypto_bot - INFO - 🔍 Scanning BARD/USDT:USDT
2026-03-19 20:24:17,074 - crypto_bot - INFO - ❌ No signal: BARDUSDT
2026-03-19 20:24:17,075 - crypto_bot - INFO - 🔍 Scanning TAO/USDT:USDT
2026-03-19 20:24:17,341 - crypto_bot - INFO - ❌ No signal: TAOUSDT
2026-03-19 20:24:17,341 - crypto_bot - INFO - 🔍 Scanning PIPPIN/USDT:USDT
2026-03-19 20:24:17,577 - crypto_bot - INFO - ❌ No signal: PIPPINUSDT
2026-03-19 20:24:17,577 - crypto_bot - INFO - 🔍 Scanning ZEC/USDT:USDT
2026-03-19 20:24:17,820 - crypto_bot - INFO - ❌ No signal: ZECUSDT
2026-03-19 20:24:17,820 - crypto_bot - INFO - 🔍 Scanning XAG/USDT:USDT
2026-03-19 20:24:18,064 - crypto_bot - INFO - ❌ No signal: XAGUSDT
2026-03-19 20:24:18,064 - crypto_bot - INFO - 🔍 Scanning ADA/USDT:USDT
2026-03-19 20:24:18,300 - crypto_bot - INFO - ❌ No signal: ADAUSDT
2026-03-19 20:24:18,300 - crypto_bot - INFO - 🔍 Scanning SUI/USDT:USDT
2026-03-19 20:24:18,530 - crypto_bot - INFO - ❌ No signal: SUIUSDT
2026-03-19 20:24:18,530 - crypto_bot - INFO - 🔍 Scanning SAHARA/USDT:USDT
2026-03-19 20:24:18,770 - crypto_bot - INFO - ❌ No signal: SAHARAUSDT
2026-03-19 20:24:18,770 - crypto_bot - INFO - 🔍 Scanning PAXG/USDT:USDT
2026-03-19 20:24:19,020 - crypto_bot - INFO - ❌ No signal: PAXGUSDT
2026-03-19 20:24:19,020 - crypto_bot - INFO - 🔍 Scanning XAU/USDT:USDT
2026-03-19 20:24:19,259 - crypto_bot - INFO - ❌ No signal: XAUUSDT
2026-03-19 20:24:19,259 - crypto_bot - INFO - 🔍 Scanning LINK/USDT:USDT
2026-03-19 20:24:20,027 - crypto_bot - INFO - ❌ No signal: LINKUSDT
2026-03-19 20:24:20,027 - crypto_bot - INFO - 🔍 Scanning SIREN/USDT:USDT
2026-03-19 20:24:20,268 - crypto_bot - INFO - ❌ No signal: SIRENUSDT
2026-03-19 20:24:20,268 - crypto_bot - INFO - 🔍 Scanning TRUMP/USDT:USDT
2026-03-19 20:24:20,502 - crypto_bot - INFO - ❌ No signal: TRUMPUSDT
2026-03-19 20:24:20,502 - crypto_bot - INFO - 🔍 Scanning BNB/USDT:USDT
2026-03-19 20:24:20,739 - crypto_bot - INFO - ❌ No signal: BNBUSDT
2026-03-19 20:24:20,739 - crypto_bot - INFO - 🔍 Scanning NEAR/USDT:USDT
2026-03-19 20:24:20,979 - crypto_bot - INFO - ❌ No signal: NEARUSDT
2026-03-19 20:24:20,979 - crypto_bot - INFO - 🔍 Scanning WLD/USDT:USDT
2026-03-19 20:24:21,206 - crypto_bot - INFO - ❌ No signal: WLDUSDT
2026-03-19 20:24:21,206 - crypto_bot - INFO - 🔍 Scanning AAVE/USDT:USDT
2026-03-19 20:24:21,446 - crypto_bot - INFO - ❌ No signal: AAVEUSDT
2026-03-19 20:24:21,446 - crypto_bot - INFO - 🔍 Scanning PIXEL/USDT:USDT
2026-03-19 20:24:21,684 - crypto_bot - INFO - ❌ No signal: PIXELUSDT
2026-03-19 20:24:21,685 - crypto_bot - INFO - 🔍 Scanning XAN/USDT:USDT
2026-03-19 20:24:21,917 - crypto_bot - INFO - ❌ No signal: XANUSDT
2026-03-19 20:24:21,917 - crypto_bot - INFO - 🔍 Scanning ETHFI/USDT:USDT
2026-03-19 20:24:22,155 - crypto_bot - INFO - ❌ No signal: ETHFIUSDT
2026-03-19 20:24:22,155 - crypto_bot - INFO - 🔍 Scanning ENA/USDT:USDT
2026-03-19 20:24:22,381 - crypto_bot - INFO - ❌ No signal: ENAUSDT
2026-03-19 20:24:22,381 - crypto_bot - INFO - 🔍 Scanning WIF/USDT:USDT
2026-03-19 20:24:22,622 - crypto_bot - INFO - ❌ No signal: WIFUSDT
2026-03-19 20:24:22,622 - crypto_bot - INFO - 🔍 Scanning BAN/USDT:USDT
2026-03-19 20:24:22,861 - crypto_bot - INFO - ❌ No signal: BANUSDT
2026-03-19 20:24:22,861 - crypto_bot - INFO - 🔍 Scanning DOT/USDT:USDT
2026-03-19 20:24:23,098 - crypto_bot - INFO - ❌ No signal: DOTUSDT
2026-03-19 20:24:23,098 - crypto_bot - INFO - 🔍 Scanning AVAX/USDT:USDT
2026-03-19 20:24:23,355 - crypto_bot - INFO - ❌ No signal: AVAXUSDT
2026-03-19 20:24:23,355 - crypto_bot - INFO - 🔍 Scanning VIRTUAL/USDT:USDT
2026-03-19 20:24:23,644 - crypto_bot - INFO - ❌ No signal: VIRTUALUSDT
2026-03-19 20:24:23,644 - crypto_bot - INFO - 🔍 Scanning LTC/USDT:USDT
2026-03-19 20:24:23,886 - crypto_bot - INFO - ❌ No signal: LTCUSDT
2026-03-19 20:24:23,886 - crypto_bot - INFO - 🔍 Scanning KITE/USDT:USDT
2026-03-19 20:24:24,114 - crypto_bot - INFO - ❌ No signal: KITEUSDT
2026-03-19 20:24:24,114 - crypto_bot - INFO - 🔍 Scanning PUMPFUN/USDT:USDT
2026-03-19 20:24:24,368 - crypto_bot - INFO - ❌ No signal: PUMPFUNUSDT
2026-03-19 20:24:24,368 - crypto_bot - INFO - 🔍 Scanning GALA/USDT:USDT
2026-03-19 20:24:24,605 - crypto_bot - INFO - ❌ No signal: GALAUSDT
2026-03-19 20:24:24,605 - crypto_bot - INFO - 🔍 Scanning UAI/USDT:USDT
2026-03-19 20:24:24,902 - crypto_bot - INFO - ❌ No signal: UAIUSDT
2026-03-19 20:24:24,902 - crypto_bot - INFO - 🔍 Scanning XPL/USDT:USDT
2026-03-19 20:24:25,141 - crypto_bot - INFO - ❌ No signal: XPLUSDT
2026-03-19 20:24:25,142 - crypto_bot - INFO - 📊 Total signals after scan: 0
2026-03-19 20:24:25,142 - crypto_bot - INFO - 📊 Signals found: 0
2026-03-19 20:24:25,142 - crypto_bot - INFO - ⏳ Sleeping for 300 seconds
2026-03-19 20:25:00,581 - crypto_bot - INFO - 🛑 Остановка по KeyboardInterrupt
2026-03-19 20:33:50,538 - crypto_bot - INFO - 🚀 Starting bot...
2026-03-19 20:33:50,538 - crypto_bot - WARNING - TELEGRAM_TOKEN не задан — бот запустится в режиме scanner + GUI без Telegram polling
2026-03-19 20:33:50,576 - crypto_bot - INFO - 🖥️ Signal GUI thread started
2026-03-19 20:33:50,576 - crypto_bot - INFO - ✅ Telegram отключён: инициализированы scanner + GUI режим
2026-03-19 20:33:50,576 - crypto_bot - INFO - 📡 Starting polling...
2026-03-19 20:33:50,576 - crypto_bot - INFO - 📡 Telegram polling disabled, running standalone scan loop
2026-03-19 20:33:50,576 - crypto_bot - INFO - 🚀 SCAN LOOP STARTED
2026-03-19 20:33:50,576 - crypto_bot - INFO - 🔍 Starting market scan for top-50 symbols...
2026-03-19 20:33:54,411 - crypto_bot - INFO - 📈 Top-50 symbols fetched: 50
2026-03-19 20:33:58,000 - crypto_bot - INFO - 🔥 Active symbols after filter: 42 / 50
2026-03-19 20:33:58,000 - crypto_bot - INFO - 🔍 Scanning BTC/USDT:USDT
2026-03-19 20:33:58,240 - crypto_bot - ERROR - Ошибка адаптера backtest-стратегии для BTCUSDT: No module named 'core.trace'
Traceback (most recent call last):
  File "C:\Users\user\Desktop\crypto_botV2\services\strategy_adapter.py", line 86, in generate_signal
    from core.trace import TraceContext  # убедись, что импорт есть
    ^^^^^^^^^^^^^^^^^^^^^^^^^^^^^^^^^^^
ModuleNotFoundError: No module named 'core.trace'
2026-03-19 20:33:58,243 - crypto_bot - INFO - ❌ No signal: BTCUSDT
2026-03-19 20:33:58,243 - crypto_bot - INFO - 🔍 Scanning ETH/USDT:USDT
2026-03-19 20:33:58,482 - crypto_bot - ERROR - Ошибка адаптера backtest-стратегии для ETHUSDT: No module named 'core.trace'
Traceback (most recent call last):
  File "C:\Users\user\Desktop\crypto_botV2\services\strategy_adapter.py", line 86, in generate_signal
    from core.trace import TraceContext  # убедись, что импорт есть
    ^^^^^^^^^^^^^^^^^^^^^^^^^^^^^^^^^^^
ModuleNotFoundError: No module named 'core.trace'
2026-03-19 20:33:58,482 - crypto_bot - INFO - ❌ No signal: ETHUSDT
2026-03-19 20:33:58,483 - crypto_bot - INFO - 🔍 Scanning SOL/USDT:USDT
2026-03-19 20:33:58,705 - crypto_bot - ERROR - Ошибка адаптера backtest-стратегии для SOLUSDT: No module named 'core.trace'
Traceback (most recent call last):
  File "C:\Users\user\Desktop\crypto_botV2\services\strategy_adapter.py", line 86, in generate_signal
    from core.trace import TraceContext  # убедись, что импорт есть
    ^^^^^^^^^^^^^^^^^^^^^^^^^^^^^^^^^^^
ModuleNotFoundError: No module named 'core.trace'
2026-03-19 20:33:58,718 - crypto_bot - INFO - ❌ No signal: SOLUSDT
2026-03-19 20:33:58,718 - crypto_bot - INFO - 🔍 Scanning XRP/USDT:USDT
2026-03-19 20:33:58,961 - crypto_bot - ERROR - Ошибка адаптера backtest-стратегии для XRPUSDT: No module named 'core.trace'
Traceback (most recent call last):
  File "C:\Users\user\Desktop\crypto_botV2\services\strategy_adapter.py", line 86, in generate_signal
    from core.trace import TraceContext  # убедись, что импорт есть
    ^^^^^^^^^^^^^^^^^^^^^^^^^^^^^^^^^^^
ModuleNotFoundError: No module named 'core.trace'
2026-03-19 20:33:58,961 - crypto_bot - INFO - ❌ No signal: XRPUSDT
2026-03-19 20:33:58,961 - crypto_bot - INFO - 🔍 Scanning HYPE/USDT:USDT
2026-03-19 20:33:59,200 - crypto_bot - ERROR - Ошибка адаптера backtest-стратегии для HYPEUSDT: No module named 'core.trace'
Traceback (most recent call last):
  File "C:\Users\user\Desktop\crypto_botV2\services\strategy_adapter.py", line 86, in generate_signal
    from core.trace import TraceContext  # убедись, что импорт есть
    ^^^^^^^^^^^^^^^^^^^^^^^^^^^^^^^^^^^
ModuleNotFoundError: No module named 'core.trace'
2026-03-19 20:33:59,200 - crypto_bot - INFO - ❌ No signal: HYPEUSDT
2026-03-19 20:33:59,200 - crypto_bot - INFO - 🔍 Scanning XAUT/USDT:USDT
2026-03-19 20:33:59,471 - crypto_bot - ERROR - Ошибка адаптера backtest-стратегии для XAUTUSDT: No module named 'core.trace'
Traceback (most recent call last):
  File "C:\Users\user\Desktop\crypto_botV2\services\strategy_adapter.py", line 86, in generate_signal
    from core.trace import TraceContext  # убедись, что импорт есть
    ^^^^^^^^^^^^^^^^^^^^^^^^^^^^^^^^^^^
ModuleNotFoundError: No module named 'core.trace'
2026-03-19 20:33:59,471 - crypto_bot - INFO - ❌ No signal: XAUTUSDT
2026-03-19 20:33:59,471 - crypto_bot - INFO - 🔍 Scanning DOGE/USDT:USDT
2026-03-19 20:33:59,707 - crypto_bot - ERROR - Ошибка адаптера backtest-стратегии для DOGEUSDT: No module named 'core.trace'
Traceback (most recent call last):
  File "C:\Users\user\Desktop\crypto_botV2\services\strategy_adapter.py", line 86, in generate_signal
    from core.trace import TraceContext  # убедись, что импорт есть
    ^^^^^^^^^^^^^^^^^^^^^^^^^^^^^^^^^^^
ModuleNotFoundError: No module named 'core.trace'
2026-03-19 20:33:59,708 - crypto_bot - INFO - ❌ No signal: DOGEUSDT
2026-03-19 20:33:59,708 - crypto_bot - INFO - 🔍 Scanning FARTCOIN/USDT:USDT
2026-03-19 20:33:59,941 - crypto_bot - ERROR - Ошибка адаптера backtest-стратегии для FARTCOINUSDT: No module named 'core.trace'
Traceback (most recent call last):
  File "C:\Users\user\Desktop\crypto_botV2\services\strategy_adapter.py", line 86, in generate_signal
    from core.trace import TraceContext  # убедись, что импорт есть
    ^^^^^^^^^^^^^^^^^^^^^^^^^^^^^^^^^^^
ModuleNotFoundError: No module named 'core.trace'
2026-03-19 20:33:59,941 - crypto_bot - INFO - ❌ No signal: FARTCOINUSDT
2026-03-19 20:33:59,941 - crypto_bot - INFO - 🔍 Scanning LYN/USDT:USDT
2026-03-19 20:34:00,171 - crypto_bot - ERROR - Ошибка адаптера backtest-стратегии для LYNUSDT: No module named 'core.trace'
Traceback (most recent call last):
  File "C:\Users\user\Desktop\crypto_botV2\services\strategy_adapter.py", line 86, in generate_signal
    from core.trace import TraceContext  # убедись, что импорт есть
    ^^^^^^^^^^^^^^^^^^^^^^^^^^^^^^^^^^^
ModuleNotFoundError: No module named 'core.trace'
2026-03-19 20:34:00,181 - crypto_bot - INFO - ❌ No signal: LYNUSDT
2026-03-19 20:34:00,181 - crypto_bot - INFO - 🔍 Scanning 1000PEPE/USDT:USDT
2026-03-19 20:34:00,431 - crypto_bot - ERROR - Ошибка адаптера backtest-стратегии для 1000PEPEUSDT: No module named 'core.trace'
Traceback (most recent call last):
  File "C:\Users\user\Desktop\crypto_botV2\services\strategy_adapter.py", line 86, in generate_signal
    from core.trace import TraceContext  # убедись, что импорт есть
    ^^^^^^^^^^^^^^^^^^^^^^^^^^^^^^^^^^^
ModuleNotFoundError: No module named 'core.trace'
2026-03-19 20:34:00,432 - crypto_bot - INFO - ❌ No signal: 1000PEPEUSDT
2026-03-19 20:34:00,432 - crypto_bot - INFO - 🔍 Scanning BARD/USDT:USDT
2026-03-19 20:34:00,670 - crypto_bot - ERROR - Ошибка адаптера backtest-стратегии для BARDUSDT: No module named 'core.trace'
Traceback (most recent call last):
  File "C:\Users\user\Desktop\crypto_botV2\services\strategy_adapter.py", line 86, in generate_signal
    from core.trace import TraceContext  # убедись, что импорт есть
    ^^^^^^^^^^^^^^^^^^^^^^^^^^^^^^^^^^^
ModuleNotFoundError: No module named 'core.trace'
2026-03-19 20:34:00,671 - crypto_bot - INFO - ❌ No signal: BARDUSDT
2026-03-19 20:34:00,671 - crypto_bot - INFO - 🔍 Scanning TAO/USDT:USDT
2026-03-19 20:34:00,912 - crypto_bot - ERROR - Ошибка адаптера backtest-стратегии для TAOUSDT: No module named 'core.trace'
Traceback (most recent call last):
  File "C:\Users\user\Desktop\crypto_botV2\services\strategy_adapter.py", line 86, in generate_signal
    from core.trace import TraceContext  # убедись, что импорт есть
    ^^^^^^^^^^^^^^^^^^^^^^^^^^^^^^^^^^^
ModuleNotFoundError: No module named 'core.trace'
2026-03-19 20:34:00,912 - crypto_bot - INFO - ❌ No signal: TAOUSDT
2026-03-19 20:34:00,912 - crypto_bot - INFO - 🔍 Scanning PIPPIN/USDT:USDT
2026-03-19 20:34:01,161 - crypto_bot - ERROR - Ошибка адаптера backtest-стратегии для PIPPINUSDT: No module named 'core.trace'
Traceback (most recent call last):
  File "C:\Users\user\Desktop\crypto_botV2\services\strategy_adapter.py", line 86, in generate_signal
    from core.trace import TraceContext  # убедись, что импорт есть
    ^^^^^^^^^^^^^^^^^^^^^^^^^^^^^^^^^^^
ModuleNotFoundError: No module named 'core.trace'
2026-03-19 20:34:01,163 - crypto_bot - INFO - ❌ No signal: PIPPINUSDT
2026-03-19 20:34:01,163 - crypto_bot - INFO - 🔍 Scanning ZEC/USDT:USDT
2026-03-19 20:34:01,454 - crypto_bot - ERROR - Ошибка адаптера backtest-стратегии для ZECUSDT: No module named 'core.trace'
Traceback (most recent call last):
  File "C:\Users\user\Desktop\crypto_botV2\services\strategy_adapter.py", line 86, in generate_signal
    from core.trace import TraceContext  # убедись, что импорт есть
    ^^^^^^^^^^^^^^^^^^^^^^^^^^^^^^^^^^^
ModuleNotFoundError: No module named 'core.trace'
2026-03-19 20:34:01,456 - crypto_bot - INFO - ❌ No signal: ZECUSDT
2026-03-19 20:34:01,456 - crypto_bot - INFO - 🔍 Scanning XAG/USDT:USDT
2026-03-19 20:34:01,725 - crypto_bot - ERROR - Ошибка адаптера backtest-стратегии для XAGUSDT: No module named 'core.trace'
Traceback (most recent call last):
  File "C:\Users\user\Desktop\crypto_botV2\services\strategy_adapter.py", line 86, in generate_signal
    from core.trace import TraceContext  # убедись, что импорт есть
    ^^^^^^^^^^^^^^^^^^^^^^^^^^^^^^^^^^^
ModuleNotFoundError: No module named 'core.trace'
2026-03-19 20:34:01,726 - crypto_bot - INFO - ❌ No signal: XAGUSDT
2026-03-19 20:34:01,726 - crypto_bot - INFO - 🔍 Scanning ADA/USDT:USDT
2026-03-19 20:34:01,966 - crypto_bot - ERROR - Ошибка адаптера backtest-стратегии для ADAUSDT: No module named 'core.trace'
Traceback (most recent call last):
  File "C:\Users\user\Desktop\crypto_botV2\services\strategy_adapter.py", line 86, in generate_signal
    from core.trace import TraceContext  # убедись, что импорт есть
    ^^^^^^^^^^^^^^^^^^^^^^^^^^^^^^^^^^^
ModuleNotFoundError: No module named 'core.trace'
2026-03-19 20:34:01,967 - crypto_bot - INFO - ❌ No signal: ADAUSDT
2026-03-19 20:34:01,967 - crypto_bot - INFO - 🔍 Scanning SUI/USDT:USDT
2026-03-19 20:34:02,210 - crypto_bot - ERROR - Ошибка адаптера backtest-стратегии для SUIUSDT: No module named 'core.trace'
Traceback (most recent call last):
  File "C:\Users\user\Desktop\crypto_botV2\services\strategy_adapter.py", line 86, in generate_signal
    from core.trace import TraceContext  # убедись, что импорт есть
    ^^^^^^^^^^^^^^^^^^^^^^^^^^^^^^^^^^^
ModuleNotFoundError: No module named 'core.trace'
2026-03-19 20:34:02,210 - crypto_bot - INFO - ❌ No signal: SUIUSDT
2026-03-19 20:34:02,210 - crypto_bot - INFO - 🔍 Scanning SAHARA/USDT:USDT
2026-03-19 20:34:02,502 - crypto_bot - ERROR - Ошибка адаптера backtest-стратегии для SAHARAUSDT: No module named 'core.trace'
Traceback (most recent call last):
  File "C:\Users\user\Desktop\crypto_botV2\services\strategy_adapter.py", line 86, in generate_signal
    from core.trace import TraceContext  # убедись, что импорт есть
    ^^^^^^^^^^^^^^^^^^^^^^^^^^^^^^^^^^^
ModuleNotFoundError: No module named 'core.trace'
2026-03-19 20:34:02,502 - crypto_bot - INFO - ❌ No signal: SAHARAUSDT
2026-03-19 20:34:02,502 - crypto_bot - INFO - 🔍 Scanning PAXG/USDT:USDT
2026-03-19 20:34:02,740 - crypto_bot - ERROR - Ошибка адаптера backtest-стратегии для PAXGUSDT: No module named 'core.trace'
Traceback (most recent call last):
  File "C:\Users\user\Desktop\crypto_botV2\services\strategy_adapter.py", line 86, in generate_signal
    from core.trace import TraceContext  # убедись, что импорт есть
    ^^^^^^^^^^^^^^^^^^^^^^^^^^^^^^^^^^^
ModuleNotFoundError: No module named 'core.trace'
2026-03-19 20:34:02,741 - crypto_bot - INFO - ❌ No signal: PAXGUSDT
2026-03-19 20:34:02,741 - crypto_bot - INFO - 🔍 Scanning XAU/USDT:USDT
2026-03-19 20:34:02,997 - crypto_bot - ERROR - Ошибка адаптера backtest-стратегии для XAUUSDT: No module named 'core.trace'
Traceback (most recent call last):
  File "C:\Users\user\Desktop\crypto_botV2\services\strategy_adapter.py", line 86, in generate_signal
    from core.trace import TraceContext  # убедись, что импорт есть
    ^^^^^^^^^^^^^^^^^^^^^^^^^^^^^^^^^^^
ModuleNotFoundError: No module named 'core.trace'
2026-03-19 20:34:03,012 - crypto_bot - INFO - ❌ No signal: XAUUSDT
2026-03-19 20:34:03,012 - crypto_bot - INFO - 🔍 Scanning LINK/USDT:USDT
2026-03-19 20:34:03,272 - crypto_bot - ERROR - Ошибка адаптера backtest-стратегии для LINKUSDT: No module named 'core.trace'
Traceback (most recent call last):
  File "C:\Users\user\Desktop\crypto_botV2\services\strategy_adapter.py", line 86, in generate_signal
    from core.trace import TraceContext  # убедись, что импорт есть
    ^^^^^^^^^^^^^^^^^^^^^^^^^^^^^^^^^^^
ModuleNotFoundError: No module named 'core.trace'
2026-03-19 20:34:03,273 - crypto_bot - INFO - ❌ No signal: LINKUSDT
2026-03-19 20:34:03,273 - crypto_bot - INFO - 🔍 Scanning SIREN/USDT:USDT
2026-03-19 20:34:03,516 - crypto_bot - ERROR - Ошибка адаптера backtest-стратегии для SIRENUSDT: No module named 'core.trace'
Traceback (most recent call last):
  File "C:\Users\user\Desktop\crypto_botV2\services\strategy_adapter.py", line 86, in generate_signal
    from core.trace import TraceContext  # убедись, что импорт есть
    ^^^^^^^^^^^^^^^^^^^^^^^^^^^^^^^^^^^
ModuleNotFoundError: No module named 'core.trace'
2026-03-19 20:34:03,517 - crypto_bot - INFO - ❌ No signal: SIRENUSDT
2026-03-19 20:34:03,517 - crypto_bot - INFO - 🔍 Scanning TRUMP/USDT:USDT
2026-03-19 20:34:03,756 - crypto_bot - ERROR - Ошибка адаптера backtest-стратегии для TRUMPUSDT: No module named 'core.trace'
Traceback (most recent call last):
  File "C:\Users\user\Desktop\crypto_botV2\services\strategy_adapter.py", line 86, in generate_signal
    from core.trace import TraceContext  # убедись, что импорт есть
    ^^^^^^^^^^^^^^^^^^^^^^^^^^^^^^^^^^^
ModuleNotFoundError: No module named 'core.trace'
2026-03-19 20:34:03,756 - crypto_bot - INFO - ❌ No signal: TRUMPUSDT
2026-03-19 20:34:03,756 - crypto_bot - INFO - 🔍 Scanning BNB/USDT:USDT
2026-03-19 20:34:04,017 - crypto_bot - ERROR - Ошибка адаптера backtest-стратегии для BNBUSDT: No module named 'core.trace'
Traceback (most recent call last):
  File "C:\Users\user\Desktop\crypto_botV2\services\strategy_adapter.py", line 86, in generate_signal
    from core.trace import TraceContext  # убедись, что импорт есть
    ^^^^^^^^^^^^^^^^^^^^^^^^^^^^^^^^^^^
ModuleNotFoundError: No module named 'core.trace'
2026-03-19 20:34:04,019 - crypto_bot - INFO - ❌ No signal: BNBUSDT
2026-03-19 20:34:04,019 - crypto_bot - INFO - 🔍 Scanning NEAR/USDT:USDT
2026-03-19 20:34:04,259 - crypto_bot - ERROR - Ошибка адаптера backtest-стратегии для NEARUSDT: No module named 'core.trace'
Traceback (most recent call last):
  File "C:\Users\user\Desktop\crypto_botV2\services\strategy_adapter.py", line 86, in generate_signal
    from core.trace import TraceContext  # убедись, что импорт есть
    ^^^^^^^^^^^^^^^^^^^^^^^^^^^^^^^^^^^
ModuleNotFoundError: No module named 'core.trace'
2026-03-19 20:34:04,260 - crypto_bot - INFO - ❌ No signal: NEARUSDT
2026-03-19 20:34:04,260 - crypto_bot - INFO - 🔍 Scanning WLD/USDT:USDT
2026-03-19 20:34:04,498 - crypto_bot - ERROR - Ошибка адаптера backtest-стратегии для WLDUSDT: No module named 'core.trace'
Traceback (most recent call last):
  File "C:\Users\user\Desktop\crypto_botV2\services\strategy_adapter.py", line 86, in generate_signal
    from core.trace import TraceContext  # убедись, что импорт есть
    ^^^^^^^^^^^^^^^^^^^^^^^^^^^^^^^^^^^
ModuleNotFoundError: No module named 'core.trace'
2026-03-19 20:34:04,501 - crypto_bot - INFO - ❌ No signal: WLDUSDT
2026-03-19 20:34:04,501 - crypto_bot - INFO - 🔍 Scanning AAVE/USDT:USDT
2026-03-19 20:34:04,741 - crypto_bot - ERROR - Ошибка адаптера backtest-стратегии для AAVEUSDT: No module named 'core.trace'
Traceback (most recent call last):
  File "C:\Users\user\Desktop\crypto_botV2\services\strategy_adapter.py", line 86, in generate_signal
    from core.trace import TraceContext  # убедись, что импорт есть
    ^^^^^^^^^^^^^^^^^^^^^^^^^^^^^^^^^^^
ModuleNotFoundError: No module named 'core.trace'
2026-03-19 20:34:04,741 - crypto_bot - INFO - ❌ No signal: AAVEUSDT
2026-03-19 20:34:04,741 - crypto_bot - INFO - 🔍 Scanning XAN/USDT:USDT
2026-03-19 20:34:05,160 - crypto_bot - ERROR - Ошибка адаптера backtest-стратегии для XANUSDT: No module named 'core.trace'
Traceback (most recent call last):
  File "C:\Users\user\Desktop\crypto_botV2\services\strategy_adapter.py", line 86, in generate_signal
    from core.trace import TraceContext  # убедись, что импорт есть
    ^^^^^^^^^^^^^^^^^^^^^^^^^^^^^^^^^^^
ModuleNotFoundError: No module named 'core.trace'
2026-03-19 20:34:05,160 - crypto_bot - INFO - ❌ No signal: XANUSDT
2026-03-19 20:34:05,160 - crypto_bot - INFO - 🔍 Scanning PIXEL/USDT:USDT
2026-03-19 20:34:05,397 - crypto_bot - ERROR - Ошибка адаптера backtest-стратегии для PIXELUSDT: No module named 'core.trace'
Traceback (most recent call last):
  File "C:\Users\user\Desktop\crypto_botV2\services\strategy_adapter.py", line 86, in generate_signal
    from core.trace import TraceContext  # убедись, что импорт есть
    ^^^^^^^^^^^^^^^^^^^^^^^^^^^^^^^^^^^
ModuleNotFoundError: No module named 'core.trace'
2026-03-19 20:34:05,397 - crypto_bot - INFO - ❌ No signal: PIXELUSDT
2026-03-19 20:34:05,397 - crypto_bot - INFO - 🔍 Scanning ETHFI/USDT:USDT
2026-03-19 20:34:05,643 - crypto_bot - ERROR - Ошибка адаптера backtest-стратегии для ETHFIUSDT: No module named 'core.trace'
Traceback (most recent call last):
  File "C:\Users\user\Desktop\crypto_botV2\services\strategy_adapter.py", line 86, in generate_signal
    from core.trace import TraceContext  # убедись, что импорт есть
    ^^^^^^^^^^^^^^^^^^^^^^^^^^^^^^^^^^^
ModuleNotFoundError: No module named 'core.trace'
2026-03-19 20:34:05,644 - crypto_bot - INFO - ❌ No signal: ETHFIUSDT
2026-03-19 20:34:05,644 - crypto_bot - INFO - 🔍 Scanning ENA/USDT:USDT
2026-03-19 20:34:06,050 - crypto_bot - ERROR - Ошибка адаптера backtest-стратегии для ENAUSDT: No module named 'core.trace'
Traceback (most recent call last):
  File "C:\Users\user\Desktop\crypto_botV2\services\strategy_adapter.py", line 86, in generate_signal
    from core.trace import TraceContext  # убедись, что импорт есть
    ^^^^^^^^^^^^^^^^^^^^^^^^^^^^^^^^^^^
ModuleNotFoundError: No module named 'core.trace'
2026-03-19 20:34:06,064 - crypto_bot - INFO - ❌ No signal: ENAUSDT
2026-03-19 20:34:06,064 - crypto_bot - INFO - 🔍 Scanning WIF/USDT:USDT
2026-03-19 20:34:06,308 - crypto_bot - ERROR - Ошибка адаптера backtest-стратегии для WIFUSDT: No module named 'core.trace'
Traceback (most recent call last):
  File "C:\Users\user\Desktop\crypto_botV2\services\strategy_adapter.py", line 86, in generate_signal
    from core.trace import TraceContext  # убедись, что импорт есть
    ^^^^^^^^^^^^^^^^^^^^^^^^^^^^^^^^^^^
ModuleNotFoundError: No module named 'core.trace'
2026-03-19 20:34:06,308 - crypto_bot - INFO - ❌ No signal: WIFUSDT
2026-03-19 20:34:06,308 - crypto_bot - INFO - 🔍 Scanning BAN/USDT:USDT
2026-03-19 20:34:06,556 - crypto_bot - ERROR - Ошибка адаптера backtest-стратегии для BANUSDT: No module named 'core.trace'
Traceback (most recent call last):
  File "C:\Users\user\Desktop\crypto_botV2\services\strategy_adapter.py", line 86, in generate_signal
    from core.trace import TraceContext  # убедись, что импорт есть
    ^^^^^^^^^^^^^^^^^^^^^^^^^^^^^^^^^^^
ModuleNotFoundError: No module named 'core.trace'
2026-03-19 20:34:06,557 - crypto_bot - INFO - ❌ No signal: BANUSDT
2026-03-19 20:34:06,557 - crypto_bot - INFO - 🔍 Scanning DOT/USDT:USDT
2026-03-19 20:34:06,794 - crypto_bot - ERROR - Ошибка адаптера backtest-стратегии для DOTUSDT: No module named 'core.trace'
Traceback (most recent call last):
  File "C:\Users\user\Desktop\crypto_botV2\services\strategy_adapter.py", line 86, in generate_signal
    from core.trace import TraceContext  # убедись, что импорт есть
    ^^^^^^^^^^^^^^^^^^^^^^^^^^^^^^^^^^^
ModuleNotFoundError: No module named 'core.trace'
2026-03-19 20:34:06,794 - crypto_bot - INFO - ❌ No signal: DOTUSDT
2026-03-19 20:34:06,794 - crypto_bot - INFO - 🔍 Scanning AVAX/USDT:USDT
2026-03-19 20:34:07,034 - crypto_bot - ERROR - Ошибка адаптера backtest-стратегии для AVAXUSDT: No module named 'core.trace'
Traceback (most recent call last):
  File "C:\Users\user\Desktop\crypto_botV2\services\strategy_adapter.py", line 86, in generate_signal
    from core.trace import TraceContext  # убедись, что импорт есть
    ^^^^^^^^^^^^^^^^^^^^^^^^^^^^^^^^^^^
ModuleNotFoundError: No module named 'core.trace'
2026-03-19 20:34:07,040 - crypto_bot - INFO - ❌ No signal: AVAXUSDT
2026-03-19 20:34:07,041 - crypto_bot - INFO - 🔍 Scanning VIRTUAL/USDT:USDT
2026-03-19 20:34:07,261 - crypto_bot - ERROR - Ошибка адаптера backtest-стратегии для VIRTUALUSDT: No module named 'core.trace'
Traceback (most recent call last):
  File "C:\Users\user\Desktop\crypto_botV2\services\strategy_adapter.py", line 86, in generate_signal
    from core.trace import TraceContext  # убедись, что импорт есть
    ^^^^^^^^^^^^^^^^^^^^^^^^^^^^^^^^^^^
ModuleNotFoundError: No module named 'core.trace'
2026-03-19 20:34:07,276 - crypto_bot - INFO - ❌ No signal: VIRTUALUSDT
2026-03-19 20:34:07,277 - crypto_bot - INFO - 🔍 Scanning LTC/USDT:USDT
2026-03-19 20:34:07,508 - crypto_bot - ERROR - Ошибка адаптера backtest-стратегии для LTCUSDT: No module named 'core.trace'
Traceback (most recent call last):
  File "C:\Users\user\Desktop\crypto_botV2\services\strategy_adapter.py", line 86, in generate_signal
    from core.trace import TraceContext  # убедись, что импорт есть
    ^^^^^^^^^^^^^^^^^^^^^^^^^^^^^^^^^^^
ModuleNotFoundError: No module named 'core.trace'
2026-03-19 20:34:07,508 - crypto_bot - INFO - ❌ No signal: LTCUSDT
2026-03-19 20:34:07,508 - crypto_bot - INFO - 🔍 Scanning PUMPFUN/USDT:USDT
2026-03-19 20:34:07,755 - crypto_bot - ERROR - Ошибка адаптера backtest-стратегии для PUMPFUNUSDT: No module named 'core.trace'
Traceback (most recent call last):
  File "C:\Users\user\Desktop\crypto_botV2\services\strategy_adapter.py", line 86, in generate_signal
    from core.trace import TraceContext  # убедись, что импорт есть
    ^^^^^^^^^^^^^^^^^^^^^^^^^^^^^^^^^^^
ModuleNotFoundError: No module named 'core.trace'
2026-03-19 20:34:07,755 - crypto_bot - INFO - ❌ No signal: PUMPFUNUSDT
2026-03-19 20:34:07,755 - crypto_bot - INFO - 🔍 Scanning KITE/USDT:USDT
2026-03-19 20:34:08,006 - crypto_bot - ERROR - Ошибка адаптера backtest-стратегии для KITEUSDT: No module named 'core.trace'
Traceback (most recent call last):
  File "C:\Users\user\Desktop\crypto_botV2\services\strategy_adapter.py", line 86, in generate_signal
    from core.trace import TraceContext  # убедись, что импорт есть
    ^^^^^^^^^^^^^^^^^^^^^^^^^^^^^^^^^^^
ModuleNotFoundError: No module named 'core.trace'
2026-03-19 20:34:08,007 - crypto_bot - INFO - ❌ No signal: KITEUSDT
2026-03-19 20:34:08,007 - crypto_bot - INFO - 🔍 Scanning GALA/USDT:USDT
2026-03-19 20:34:08,249 - crypto_bot - ERROR - Ошибка адаптера backtest-стратегии для GALAUSDT: No module named 'core.trace'
Traceback (most recent call last):
  File "C:\Users\user\Desktop\crypto_botV2\services\strategy_adapter.py", line 86, in generate_signal
    from core.trace import TraceContext  # убедись, что импорт есть
    ^^^^^^^^^^^^^^^^^^^^^^^^^^^^^^^^^^^
ModuleNotFoundError: No module named 'core.trace'
2026-03-19 20:34:08,249 - crypto_bot - INFO - ❌ No signal: GALAUSDT
2026-03-19 20:34:08,249 - crypto_bot - INFO - 🔍 Scanning UAI/USDT:USDT
2026-03-19 20:34:08,675 - crypto_bot - ERROR - Ошибка адаптера backtest-стратегии для UAIUSDT: No module named 'core.trace'
Traceback (most recent call last):
  File "C:\Users\user\Desktop\crypto_botV2\services\strategy_adapter.py", line 86, in generate_signal
    from core.trace import TraceContext  # убедись, что импорт есть
    ^^^^^^^^^^^^^^^^^^^^^^^^^^^^^^^^^^^
ModuleNotFoundError: No module named 'core.trace'
2026-03-19 20:34:08,675 - crypto_bot - INFO - ❌ No signal: UAIUSDT
2026-03-19 20:34:08,675 - crypto_bot - INFO - 🔍 Scanning XPL/USDT:USDT
2026-03-19 20:34:08,915 - crypto_bot - ERROR - Ошибка адаптера backtest-стратегии для XPLUSDT: No module named 'core.trace'
Traceback (most recent call last):
  File "C:\Users\user\Desktop\crypto_botV2\services\strategy_adapter.py", line 86, in generate_signal
    from core.trace import TraceContext  # убедись, что импорт есть
    ^^^^^^^^^^^^^^^^^^^^^^^^^^^^^^^^^^^
ModuleNotFoundError: No module named 'core.trace'
2026-03-19 20:34:08,916 - crypto_bot - INFO - ❌ No signal: XPLUSDT
2026-03-19 20:34:08,916 - crypto_bot - INFO - 📊 Total signals after scan: 0
2026-03-19 20:34:08,917 - crypto_bot - INFO - 📊 Signals found: 0
2026-03-19 20:34:08,917 - crypto_bot - INFO - ⏳ Sleeping for 300 seconds
2026-03-19 20:34:11,858 - crypto_bot - INFO - 🛑 Остановка по KeyboardInterrupt
2026-03-19 20:36:19,864 - crypto_bot - INFO - 🚀 Starting bot...
2026-03-19 20:36:19,864 - crypto_bot - WARNING - TELEGRAM_TOKEN не задан — бот запустится в режиме scanner + GUI без Telegram polling
2026-03-19 20:36:19,908 - crypto_bot - INFO - 🖥️ Signal GUI thread started
2026-03-19 20:36:19,908 - crypto_bot - INFO - ✅ Telegram отключён: инициализированы scanner + GUI режим
2026-03-19 20:36:19,908 - crypto_bot - INFO - 📡 Starting polling...
2026-03-19 20:36:19,908 - crypto_bot - INFO - 📡 Telegram polling disabled, running standalone scan loop
2026-03-19 20:36:19,908 - crypto_bot - INFO - 🚀 SCAN LOOP STARTED
2026-03-19 20:36:19,908 - crypto_bot - INFO - 🔍 Starting market scan for top-50 symbols...
2026-03-19 20:36:24,426 - crypto_bot - INFO - 📈 Top-50 symbols fetched: 50
2026-03-19 20:36:31,063 - crypto_bot - INFO - 🔥 Active symbols after filter: 42 / 50
2026-03-19 20:36:31,063 - crypto_bot - INFO - 🔍 Scanning BTC/USDT:USDT
2026-03-19 20:36:31,324 - crypto_bot - INFO - ❌ No signal: BTCUSDT
2026-03-19 20:36:31,324 - crypto_bot - INFO - 🔍 Scanning ETH/USDT:USDT
2026-03-19 20:36:31,732 - crypto_bot - INFO - ❌ No signal: ETHUSDT
2026-03-19 20:36:31,734 - crypto_bot - INFO - 🔍 Scanning SOL/USDT:USDT
2026-03-19 20:36:31,989 - crypto_bot - INFO - ❌ No signal: SOLUSDT
2026-03-19 20:36:31,989 - crypto_bot - INFO - 🔍 Scanning XRP/USDT:USDT
2026-03-19 20:36:32,220 - crypto_bot - INFO - ❌ No signal: XRPUSDT
2026-03-19 20:36:32,223 - crypto_bot - INFO - 🔍 Scanning HYPE/USDT:USDT
2026-03-19 20:36:32,621 - crypto_bot - INFO - ❌ No signal: HYPEUSDT
2026-03-19 20:36:32,622 - crypto_bot - INFO - 🔍 Scanning XAUT/USDT:USDT
2026-03-19 20:36:32,856 - crypto_bot - INFO - ❌ No signal: XAUTUSDT
2026-03-19 20:36:32,861 - crypto_bot - INFO - 🔍 Scanning DOGE/USDT:USDT
2026-03-19 20:36:33,099 - crypto_bot - INFO - ❌ No signal: DOGEUSDT
2026-03-19 20:36:33,099 - crypto_bot - INFO - 🔍 Scanning FARTCOIN/USDT:USDT
2026-03-19 20:36:33,349 - crypto_bot - INFO - ❌ No signal: FARTCOINUSDT
2026-03-19 20:36:33,349 - crypto_bot - INFO - 🔍 Scanning LYN/USDT:USDT
2026-03-19 20:36:33,592 - crypto_bot - INFO - ❌ No signal: LYNUSDT
2026-03-19 20:36:33,592 - crypto_bot - INFO - 🔍 Scanning 1000PEPE/USDT:USDT
2026-03-19 20:36:33,831 - crypto_bot - INFO - ❌ No signal: 1000PEPEUSDT
2026-03-19 20:36:33,831 - crypto_bot - INFO - 🔍 Scanning BARD/USDT:USDT
2026-03-19 20:36:34,065 - crypto_bot - INFO - ❌ No signal: BARDUSDT
2026-03-19 20:36:34,065 - crypto_bot - INFO - 🔍 Scanning TAO/USDT:USDT
2026-03-19 20:36:34,315 - crypto_bot - INFO - ❌ No signal: TAOUSDT
2026-03-19 20:36:34,316 - crypto_bot - INFO - 🔍 Scanning PIPPIN/USDT:USDT
2026-03-19 20:36:34,551 - crypto_bot - INFO - ❌ No signal: PIPPINUSDT
2026-03-19 20:36:34,551 - crypto_bot - INFO - 🔍 Scanning ZEC/USDT:USDT
2026-03-19 20:36:34,791 - crypto_bot - INFO - ❌ No signal: ZECUSDT
2026-03-19 20:36:34,791 - crypto_bot - INFO - 🔍 Scanning XAG/USDT:USDT
2026-03-19 20:36:35,031 - crypto_bot - INFO - ❌ No signal: XAGUSDT
2026-03-19 20:36:35,031 - crypto_bot - INFO - 🔍 Scanning ADA/USDT:USDT
2026-03-19 20:36:35,268 - crypto_bot - INFO - ❌ No signal: ADAUSDT
2026-03-19 20:36:35,269 - crypto_bot - INFO - 🔍 Scanning SUI/USDT:USDT
2026-03-19 20:36:35,503 - crypto_bot - INFO - ❌ No signal: SUIUSDT
2026-03-19 20:36:35,504 - crypto_bot - INFO - 🔍 Scanning SAHARA/USDT:USDT
2026-03-19 20:36:35,746 - crypto_bot - INFO - ❌ No signal: SAHARAUSDT
2026-03-19 20:36:35,746 - crypto_bot - INFO - 🔍 Scanning PAXG/USDT:USDT
2026-03-19 20:36:36,324 - crypto_bot - INFO - ❌ No signal: PAXGUSDT
2026-03-19 20:36:36,324 - crypto_bot - INFO - 🔍 Scanning XAU/USDT:USDT
2026-03-19 20:36:36,565 - crypto_bot - INFO - ❌ No signal: XAUUSDT
2026-03-19 20:36:36,565 - crypto_bot - INFO - 🔍 Scanning LINK/USDT:USDT
2026-03-19 20:36:36,823 - crypto_bot - INFO - ❌ No signal: LINKUSDT
2026-03-19 20:36:36,823 - crypto_bot - INFO - 🔍 Scanning SIREN/USDT:USDT
2026-03-19 20:36:37,055 - crypto_bot - INFO - ❌ No signal: SIRENUSDT
2026-03-19 20:36:37,055 - crypto_bot - INFO - 🔍 Scanning TRUMP/USDT:USDT
2026-03-19 20:36:37,293 - crypto_bot - INFO - ❌ No signal: TRUMPUSDT
2026-03-19 20:36:37,296 - crypto_bot - INFO - 🔍 Scanning BNB/USDT:USDT
2026-03-19 20:36:37,539 - crypto_bot - INFO - ❌ No signal: BNBUSDT
2026-03-19 20:36:37,539 - crypto_bot - INFO - 🔍 Scanning NEAR/USDT:USDT
2026-03-19 20:36:37,779 - crypto_bot - INFO - ❌ No signal: NEARUSDT
2026-03-19 20:36:37,779 - crypto_bot - INFO - 🔍 Scanning WLD/USDT:USDT
2026-03-19 20:36:38,023 - crypto_bot - INFO - ❌ No signal: WLDUSDT
2026-03-19 20:36:38,023 - crypto_bot - INFO - 🔍 Scanning AAVE/USDT:USDT
2026-03-19 20:36:38,467 - crypto_bot - INFO - ❌ No signal: AAVEUSDT
2026-03-19 20:36:38,467 - crypto_bot - INFO - 🔍 Scanning XAN/USDT:USDT
2026-03-19 20:36:38,702 - crypto_bot - INFO - ❌ No signal: XANUSDT
2026-03-19 20:36:38,703 - crypto_bot - INFO - 🔍 Scanning PIXEL/USDT:USDT
2026-03-19 20:36:38,955 - crypto_bot - INFO - ❌ No signal: PIXELUSDT
2026-03-19 20:36:38,955 - crypto_bot - INFO - 🔍 Scanning ETHFI/USDT:USDT
2026-03-19 20:36:39,189 - crypto_bot - INFO - ❌ No signal: ETHFIUSDT
2026-03-19 20:36:39,189 - crypto_bot - INFO - 🔍 Scanning ENA/USDT:USDT
2026-03-19 20:36:39,915 - crypto_bot - INFO - ❌ No signal: ENAUSDT
2026-03-19 20:36:39,916 - crypto_bot - INFO - 🔍 Scanning WIF/USDT:USDT
2026-03-19 20:36:40,638 - crypto_bot - INFO - ❌ No signal: WIFUSDT
2026-03-19 20:36:40,638 - crypto_bot - INFO - 🔍 Scanning BAN/USDT:USDT
2026-03-19 20:36:41,371 - crypto_bot - INFO - ❌ No signal: BANUSDT
2026-03-19 20:36:41,371 - crypto_bot - INFO - 🔍 Scanning DOT/USDT:USDT
2026-03-19 20:36:41,766 - crypto_bot - INFO - ❌ No signal: DOTUSDT
2026-03-19 20:36:41,769 - crypto_bot - INFO - 🔍 Scanning AVAX/USDT:USDT
2026-03-19 20:36:42,003 - crypto_bot - INFO - ❌ No signal: AVAXUSDT
2026-03-19 20:36:42,003 - crypto_bot - INFO - 🔍 Scanning VIRTUAL/USDT:USDT
2026-03-19 20:36:42,232 - crypto_bot - INFO - ❌ No signal: VIRTUALUSDT
2026-03-19 20:36:42,232 - crypto_bot - INFO - 🔍 Scanning LTC/USDT:USDT
2026-03-19 20:36:42,660 - crypto_bot - INFO - ❌ No signal: LTCUSDT
2026-03-19 20:36:42,660 - crypto_bot - INFO - 🔍 Scanning PUMPFUN/USDT:USDT
2026-03-19 20:36:43,063 - crypto_bot - INFO - ❌ No signal: PUMPFUNUSDT
2026-03-19 20:36:43,064 - crypto_bot - INFO - 🔍 Scanning KITE/USDT:USDT
2026-03-19 20:36:43,302 - crypto_bot - INFO - ❌ No signal: KITEUSDT
2026-03-19 20:36:43,302 - crypto_bot - INFO - 🔍 Scanning GALA/USDT:USDT
2026-03-19 20:36:43,533 - crypto_bot - INFO - ❌ No signal: GALAUSDT
2026-03-19 20:36:43,533 - crypto_bot - INFO - 🔍 Scanning UAI/USDT:USDT
2026-03-19 20:36:43,766 - crypto_bot - INFO - ❌ No signal: UAIUSDT
2026-03-19 20:36:43,766 - crypto_bot - INFO - 🔍 Scanning XPL/USDT:USDT
2026-03-19 20:36:44,167 - crypto_bot - INFO - ❌ No signal: XPLUSDT
2026-03-19 20:36:44,167 - crypto_bot - INFO - 📊 Total signals after scan: 0
2026-03-19 20:36:44,167 - crypto_bot - INFO - 📊 Signals found: 0
2026-03-19 20:36:44,168 - crypto_bot - INFO - ⏳ Sleeping for 300 seconds
2026-03-19 20:38:31,136 - crypto_bot - INFO - 🛑 Остановка по KeyboardInterrupt
2026-03-19 21:07:07,167 - crypto_bot - INFO - 🚀 Starting bot...
2026-03-19 21:07:07,167 - crypto_bot - WARNING - TELEGRAM_TOKEN не задан — бот запустится в режиме scanner + GUI без Telegram polling
2026-03-19 21:07:07,167 - crypto_bot - INFO - [MAIN] scanner initialized | mode=MAIN | timeframe=1h | candle_limit=300 | execution_tfs=4h, 1h, 30m, 15m
2026-03-19 21:07:07,200 - crypto_bot - INFO - 🖥️ Signal GUI thread started
2026-03-19 21:07:07,200 - crypto_bot - INFO - ✅ Telegram отключён: инициализированы scanner + GUI режим
2026-03-19 21:07:07,200 - crypto_bot - INFO - 📡 Starting polling...
2026-03-19 21:07:07,200 - crypto_bot - INFO - 📡 Telegram polling disabled, running standalone scan loop
2026-03-19 21:07:07,200 - crypto_bot - INFO - 🚀 SCAN LOOP STARTED
2026-03-19 21:07:07,200 - crypto_bot - INFO - 🔍 Starting market scan for top-50 symbols...
2026-03-19 21:07:12,077 - crypto_bot - INFO - 📈 Top-50 symbols fetched: 50
2026-03-19 21:07:19,049 - crypto_bot - INFO - 🔥 Active symbols after filter: 42 / 50
2026-03-19 21:07:19,049 - crypto_bot - INFO - 🔍 Scanning BTC/USDT:USDT
2026-03-19 21:07:19,272 - crypto_bot - INFO - ❌ No signal: BTCUSDT
2026-03-19 21:07:19,272 - crypto_bot - INFO - 🔍 Scanning ETH/USDT:USDT
2026-03-19 21:07:19,472 - crypto_bot - INFO - ❌ No signal: ETHUSDT
2026-03-19 21:07:19,472 - crypto_bot - INFO - 🔍 Scanning SOL/USDT:USDT
2026-03-19 21:07:19,856 - crypto_bot - INFO - ❌ No signal: SOLUSDT
2026-03-19 21:07:19,856 - crypto_bot - INFO - 🔍 Scanning XRP/USDT:USDT
2026-03-19 21:07:20,062 - crypto_bot - INFO - ❌ No signal: XRPUSDT
2026-03-19 21:07:20,062 - crypto_bot - INFO - 🔍 Scanning HYPE/USDT:USDT
2026-03-19 21:07:20,269 - crypto_bot - INFO - ❌ No signal: HYPEUSDT
2026-03-19 21:07:20,269 - crypto_bot - INFO - 🔍 Scanning XAUT/USDT:USDT
2026-03-19 21:07:20,978 - crypto_bot - INFO - ❌ No signal: XAUTUSDT
2026-03-19 21:07:20,978 - crypto_bot - INFO - 🔍 Scanning DOGE/USDT:USDT
2026-03-19 21:07:21,353 - crypto_bot - INFO - ❌ No signal: DOGEUSDT
2026-03-19 21:07:21,353 - crypto_bot - INFO - 🔍 Scanning FARTCOIN/USDT:USDT
2026-03-19 21:07:21,728 - crypto_bot - INFO - ❌ No signal: FARTCOINUSDT
2026-03-19 21:07:21,728 - crypto_bot - INFO - 🔍 Scanning LYN/USDT:USDT
2026-03-19 21:07:21,942 - crypto_bot - INFO - ❌ No signal: LYNUSDT
2026-03-19 21:07:21,942 - crypto_bot - INFO - 🔍 Scanning RIVER/USDT:USDT
2026-03-19 21:07:22,505 - crypto_bot - INFO - ❌ No signal: RIVERUSDT
2026-03-19 21:07:22,505 - crypto_bot - INFO - 🔍 Scanning 1000PEPE/USDT:USDT
2026-03-19 21:07:22,867 - crypto_bot - INFO - ❌ No signal: 1000PEPEUSDT
2026-03-19 21:07:22,867 - crypto_bot - INFO - 🔍 Scanning TAO/USDT:USDT
2026-03-19 21:07:23,079 - crypto_bot - INFO - ❌ No signal: TAOUSDT
2026-03-19 21:07:23,079 - crypto_bot - INFO - 🔍 Scanning PIPPIN/USDT:USDT
2026-03-19 21:07:23,298 - crypto_bot - INFO - ❌ No signal: PIPPINUSDT
2026-03-19 21:07:23,298 - crypto_bot - INFO - 🔍 Scanning ZEC/USDT:USDT
2026-03-19 21:07:23,685 - crypto_bot - INFO - ❌ No signal: ZECUSDT
2026-03-19 21:07:23,685 - crypto_bot - INFO - 🔍 Scanning XAG/USDT:USDT
2026-03-19 21:07:23,899 - crypto_bot - INFO - ❌ No signal: XAGUSDT
2026-03-19 21:07:23,899 - crypto_bot - INFO - 🔍 Scanning ADA/USDT:USDT
2026-03-19 21:07:24,601 - crypto_bot - INFO - ❌ No signal: ADAUSDT
2026-03-19 21:07:24,601 - crypto_bot - INFO - 🔍 Scanning SAHARA/USDT:USDT
2026-03-19 21:07:24,827 - crypto_bot - INFO - ❌ No signal: SAHARAUSDT
2026-03-19 21:07:24,827 - crypto_bot - INFO - 🔍 Scanning SUI/USDT:USDT
2026-03-19 21:07:25,203 - crypto_bot - INFO - ❌ No signal: SUIUSDT
2026-03-19 21:07:25,203 - crypto_bot - INFO - 🔍 Scanning PAXG/USDT:USDT
2026-03-19 21:07:25,432 - crypto_bot - INFO - ❌ No signal: PAXGUSDT
2026-03-19 21:07:25,432 - crypto_bot - INFO - 🔍 Scanning XAU/USDT:USDT
2026-03-19 21:07:25,652 - crypto_bot - INFO - ❌ No signal: XAUUSDT
2026-03-19 21:07:25,652 - crypto_bot - INFO - 🔍 Scanning LINK/USDT:USDT
2026-03-19 21:07:26,041 - crypto_bot - INFO - ❌ No signal: LINKUSDT
2026-03-19 21:07:26,041 - crypto_bot - INFO - 🔍 Scanning SIREN/USDT:USDT
2026-03-19 21:07:26,735 - crypto_bot - INFO - ❌ No signal: SIRENUSDT
2026-03-19 21:07:26,735 - crypto_bot - INFO - 🔍 Scanning TRUMP/USDT:USDT
2026-03-19 21:07:26,950 - crypto_bot - INFO - ❌ No signal: TRUMPUSDT
2026-03-19 21:07:26,950 - crypto_bot - INFO - 🔍 Scanning NEAR/USDT:USDT
2026-03-19 21:07:27,165 - crypto_bot - INFO - ❌ No signal: NEARUSDT
2026-03-19 21:07:27,167 - crypto_bot - INFO - 🔍 Scanning WLD/USDT:USDT
2026-03-19 21:07:27,382 - crypto_bot - INFO - ❌ No signal: WLDUSDT
2026-03-19 21:07:27,383 - crypto_bot - INFO - 🔍 Scanning BNB/USDT:USDT
2026-03-19 21:07:27,580 - crypto_bot - INFO - ❌ No signal: BNBUSDT
2026-03-19 21:07:27,580 - crypto_bot - INFO - 🔍 Scanning AAVE/USDT:USDT
2026-03-19 21:07:27,962 - crypto_bot - INFO - ❌ No signal: AAVEUSDT
2026-03-19 21:07:27,962 - crypto_bot - INFO - 🔍 Scanning XAN/USDT:USDT
2026-03-19 21:07:28,181 - crypto_bot - INFO - ❌ No signal: XANUSDT
2026-03-19 21:07:28,181 - crypto_bot - INFO - 🔍 Scanning ETHFI/USDT:USDT
2026-03-19 21:07:28,394 - crypto_bot - INFO - ❌ No signal: ETHFIUSDT
2026-03-19 21:07:28,395 - crypto_bot - INFO - 🔍 Scanning PIXEL/USDT:USDT
2026-03-19 21:07:28,775 - crypto_bot - INFO - ❌ No signal: PIXELUSDT
2026-03-19 21:07:28,775 - crypto_bot - INFO - 🔍 Scanning ENA/USDT:USDT
2026-03-19 21:07:28,989 - crypto_bot - INFO - ❌ No signal: ENAUSDT
2026-03-19 21:07:28,989 - crypto_bot - INFO - 🔍 Scanning BAN/USDT:USDT
2026-03-19 21:07:29,197 - crypto_bot - INFO - ❌ No signal: BANUSDT
2026-03-19 21:07:29,197 - crypto_bot - INFO - 🔍 Scanning ASTER/USDT:USDT
2026-03-19 21:07:29,406 - crypto_bot - INFO - ❌ No signal: ASTERUSDT
2026-03-19 21:07:29,406 - crypto_bot - INFO - 🔍 Scanning WIF/USDT:USDT
2026-03-19 21:07:29,795 - crypto_bot - INFO - ❌ No signal: WIFUSDT
2026-03-19 21:07:29,795 - crypto_bot - INFO - 🔍 Scanning DOT/USDT:USDT
2026-03-19 21:07:30,002 - crypto_bot - INFO - ❌ No signal: DOTUSDT
2026-03-19 21:07:30,002 - crypto_bot - INFO - 🔍 Scanning AVAX/USDT:USDT
2026-03-19 21:07:30,390 - crypto_bot - INFO - ❌ No signal: AVAXUSDT
2026-03-19 21:07:30,390 - crypto_bot - INFO - 🔍 Scanning VIRTUAL/USDT:USDT
2026-03-19 21:07:30,618 - crypto_bot - INFO - ❌ No signal: VIRTUALUSDT
2026-03-19 21:07:30,618 - crypto_bot - INFO - 🔍 Scanning UAI/USDT:USDT
2026-03-19 21:07:31,326 - crypto_bot - INFO - ❌ No signal: UAIUSDT
2026-03-19 21:07:31,326 - crypto_bot - INFO - 🔍 Scanning PUMPFUN/USDT:USDT
2026-03-19 21:07:31,588 - crypto_bot - INFO - ❌ No signal: PUMPFUNUSDT
2026-03-19 21:07:31,589 - crypto_bot - INFO - 🔍 Scanning LTC/USDT:USDT
2026-03-19 21:07:31,798 - crypto_bot - INFO - ❌ No signal: LTCUSDT
2026-03-19 21:07:31,798 - crypto_bot - INFO - 🔍 Scanning GALA/USDT:USDT
2026-03-19 21:07:32,004 - crypto_bot - INFO - ❌ No signal: GALAUSDT
2026-03-19 21:07:32,004 - crypto_bot - INFO - 🔍 Scanning XPL/USDT:USDT
2026-03-19 21:07:32,228 - crypto_bot - INFO - ❌ No signal: XPLUSDT
2026-03-19 21:07:32,228 - crypto_bot - INFO - 📊 Total signals after scan: 0
2026-03-19 21:07:32,228 - crypto_bot - INFO - 📊 Signals found: 0
2026-03-19 21:07:32,228 - crypto_bot - INFO - ⏳ Sleeping for 300 seconds
2026-03-19 21:07:35,065 - crypto_bot - INFO - 🛑 Остановка по KeyboardInterrupt
2026-03-19 21:07:42,089 - crypto_bot - INFO - 🚀 Starting bot...
2026-03-19 21:07:42,089 - crypto_bot - WARNING - TELEGRAM_TOKEN не задан — бот запустится в режиме scanner + GUI без Telegram polling
2026-03-19 21:07:42,093 - crypto_bot - INFO - [SCALP] scanner initialized | mode=SCALPING | timeframe=30m | candle_limit=120 | execution_tfs=30m, 15m
2026-03-19 21:07:42,126 - crypto_bot - INFO - 🖥️ Signal GUI thread started
2026-03-19 21:07:42,127 - crypto_bot - INFO - ✅ Telegram отключён: инициализированы scanner + GUI режим
2026-03-19 21:07:42,128 - crypto_bot - INFO - 📡 Starting polling...
2026-03-19 21:07:42,128 - crypto_bot - INFO - 📡 Telegram polling disabled, running standalone scan loop
2026-03-19 21:07:42,129 - crypto_bot - INFO - 🚀 SCAN LOOP STARTED
2026-03-19 21:07:42,129 - crypto_bot - INFO - 🔍 Starting market scan for top-50 symbols...
2026-03-19 21:07:46,100 - crypto_bot - INFO - [SCALP] 📈 Top-50 symbols fetched: 50
2026-03-19 21:07:50,535 - crypto_bot - INFO - [SCALP] 🔥 Active symbols after filter: 43 / 50
2026-03-19 21:07:50,535 - crypto_bot - INFO - [SCALP] 🔍 Scanning BTC/USDT:USDT
2026-03-19 21:07:50,749 - crypto_bot - INFO - [SCALP] ❌ No signal: BTCUSDT
2026-03-19 21:07:50,749 - crypto_bot - INFO - [SCALP] 🔍 Scanning ETH/USDT:USDT
2026-03-19 21:07:50,956 - crypto_bot - INFO - [SCALP] ❌ No signal: ETHUSDT
2026-03-19 21:07:50,956 - crypto_bot - INFO - [SCALP] 🔍 Scanning SOL/USDT:USDT
2026-03-19 21:07:51,173 - crypto_bot - INFO - [SCALP] ❌ No signal: SOLUSDT
2026-03-19 21:07:51,173 - crypto_bot - INFO - [SCALP] 🔍 Scanning XRP/USDT:USDT
2026-03-19 21:07:51,378 - crypto_bot - INFO - [SCALP] ❌ No signal: XRPUSDT
2026-03-19 21:07:51,378 - crypto_bot - INFO - [SCALP] 🔍 Scanning HYPE/USDT:USDT
2026-03-19 21:07:51,596 - crypto_bot - INFO - [SCALP] ❌ No signal: HYPEUSDT
2026-03-19 21:07:51,596 - crypto_bot - INFO - [SCALP] 🔍 Scanning XAUT/USDT:USDT
2026-03-19 21:07:51,809 - crypto_bot - INFO - [SCALP] ❌ No signal: XAUTUSDT
2026-03-19 21:07:51,809 - crypto_bot - INFO - [SCALP] 🔍 Scanning DOGE/USDT:USDT
2026-03-19 21:07:52,021 - crypto_bot - INFO - [SCALP] ❌ No signal: DOGEUSDT
2026-03-19 21:07:52,022 - crypto_bot - INFO - [SCALP] 🔍 Scanning FARTCOIN/USDT:USDT
2026-03-19 21:07:52,224 - crypto_bot - INFO - [SCALP] ❌ No signal: FARTCOINUSDT
2026-03-19 21:07:52,224 - crypto_bot - INFO - [SCALP] 🔍 Scanning LYN/USDT:USDT
2026-03-19 21:07:52,443 - crypto_bot - INFO - [SCALP] ❌ No signal: LYNUSDT
2026-03-19 21:07:52,443 - crypto_bot - INFO - [SCALP] 🔍 Scanning RIVER/USDT:USDT
2026-03-19 21:07:52,646 - crypto_bot - INFO - [SCALP] ❌ No signal: RIVERUSDT
2026-03-19 21:07:52,646 - crypto_bot - INFO - [SCALP] 🔍 Scanning 1000PEPE/USDT:USDT
2026-03-19 21:07:52,864 - crypto_bot - INFO - [SCALP] ❌ No signal: 1000PEPEUSDT
2026-03-19 21:07:52,864 - crypto_bot - INFO - [SCALP] 🔍 Scanning TAO/USDT:USDT
2026-03-19 21:07:53,077 - crypto_bot - INFO - [SCALP] ❌ No signal: TAOUSDT
2026-03-19 21:07:53,077 - crypto_bot - INFO - [SCALP] 🔍 Scanning PIPPIN/USDT:USDT
2026-03-19 21:07:53,289 - crypto_bot - INFO - [SCALP] ❌ No signal: PIPPINUSDT
2026-03-19 21:07:53,290 - crypto_bot - INFO - [SCALP] 🔍 Scanning ZEC/USDT:USDT
2026-03-19 21:07:53,489 - crypto_bot - INFO - [SCALP] ❌ No signal: ZECUSDT
2026-03-19 21:07:53,489 - crypto_bot - INFO - [SCALP] 🔍 Scanning XAG/USDT:USDT
2026-03-19 21:07:53,718 - crypto_bot - INFO - [SCALP] ❌ No signal: XAGUSDT
2026-03-19 21:07:53,718 - crypto_bot - INFO - [SCALP] 🔍 Scanning ADA/USDT:USDT
2026-03-19 21:07:53,932 - crypto_bot - INFO - [SCALP] ❌ No signal: ADAUSDT
2026-03-19 21:07:53,932 - crypto_bot - INFO - [SCALP] 🔍 Scanning SAHARA/USDT:USDT
2026-03-19 21:07:54,153 - crypto_bot - INFO - [SCALP] ❌ No signal: SAHARAUSDT
2026-03-19 21:07:54,153 - crypto_bot - INFO - [SCALP] 🔍 Scanning SUI/USDT:USDT
2026-03-19 21:07:54,365 - crypto_bot - INFO - [SCALP] ❌ No signal: SUIUSDT
2026-03-19 21:07:54,365 - crypto_bot - INFO - [SCALP] 🔍 Scanning PAXG/USDT:USDT
2026-03-19 21:07:54,573 - crypto_bot - INFO - [SCALP] ❌ No signal: PAXGUSDT
2026-03-19 21:07:54,573 - crypto_bot - INFO - [SCALP] 🔍 Scanning XAU/USDT:USDT
2026-03-19 21:07:54,787 - crypto_bot - INFO - [SCALP] ❌ No signal: XAUUSDT
2026-03-19 21:07:54,787 - crypto_bot - INFO - [SCALP] 🔍 Scanning LINK/USDT:USDT
2026-03-19 21:07:54,997 - crypto_bot - INFO - [SCALP] ❌ No signal: LINKUSDT
2026-03-19 21:07:54,997 - crypto_bot - INFO - [SCALP] 🔍 Scanning SIREN/USDT:USDT
2026-03-19 21:07:55,198 - crypto_bot - INFO - [SCALP] ❌ No signal: SIRENUSDT
2026-03-19 21:07:55,198 - crypto_bot - INFO - [SCALP] 🔍 Scanning TRUMP/USDT:USDT
2026-03-19 21:07:55,417 - crypto_bot - INFO - [SCALP] ❌ No signal: TRUMPUSDT
2026-03-19 21:07:55,417 - crypto_bot - INFO - [SCALP] 🔍 Scanning NEAR/USDT:USDT
2026-03-19 21:07:55,638 - crypto_bot - INFO - [SCALP] ❌ No signal: NEARUSDT
2026-03-19 21:07:55,638 - crypto_bot - INFO - [SCALP] 🔍 Scanning WLD/USDT:USDT
2026-03-19 21:07:55,847 - crypto_bot - INFO - [SCALP] ❌ No signal: WLDUSDT
2026-03-19 21:07:55,847 - crypto_bot - INFO - [SCALP] 🔍 Scanning BNB/USDT:USDT
2026-03-19 21:07:56,060 - crypto_bot - INFO - [SCALP] ❌ No signal: BNBUSDT
2026-03-19 21:07:56,061 - crypto_bot - INFO - [SCALP] 🔍 Scanning AAVE/USDT:USDT
2026-03-19 21:07:56,274 - crypto_bot - INFO - [SCALP] ❌ No signal: AAVEUSDT
2026-03-19 21:07:56,274 - crypto_bot - INFO - [SCALP] 🔍 Scanning XAN/USDT:USDT
2026-03-19 21:07:56,500 - crypto_bot - INFO - [SCALP] ❌ No signal: XANUSDT
2026-03-19 21:07:56,500 - crypto_bot - INFO - [SCALP] 🔍 Scanning ETHFI/USDT:USDT
2026-03-19 21:07:56,713 - crypto_bot - INFO - [SCALP] ❌ No signal: ETHFIUSDT
2026-03-19 21:07:56,713 - crypto_bot - INFO - [SCALP] 🔍 Scanning PIXEL/USDT:USDT
2026-03-19 21:07:56,924 - crypto_bot - INFO - [SCALP] ❌ No signal: PIXELUSDT
2026-03-19 21:07:56,924 - crypto_bot - INFO - [SCALP] 🔍 Scanning ENA/USDT:USDT
2026-03-19 21:07:57,137 - crypto_bot - INFO - [SCALP] ❌ No signal: ENAUSDT
2026-03-19 21:07:57,138 - crypto_bot - INFO - [SCALP] 🔍 Scanning BAN/USDT:USDT
2026-03-19 21:07:57,351 - crypto_bot - INFO - [SCALP] ❌ No signal: BANUSDT
2026-03-19 21:07:57,351 - crypto_bot - INFO - [SCALP] 🔍 Scanning ASTER/USDT:USDT
2026-03-19 21:07:57,552 - crypto_bot - INFO - [SCALP] ❌ No signal: ASTERUSDT
2026-03-19 21:07:57,552 - crypto_bot - INFO - [SCALP] 🔍 Scanning WIF/USDT:USDT
2026-03-19 21:07:58,092 - crypto_bot - INFO - [SCALP] ❌ No signal: WIFUSDT
2026-03-19 21:07:58,092 - crypto_bot - INFO - [SCALP] 🔍 Scanning DOT/USDT:USDT
2026-03-19 21:07:58,298 - crypto_bot - INFO - [SCALP] ❌ No signal: DOTUSDT
2026-03-19 21:07:58,298 - crypto_bot - INFO - [SCALP] 🔍 Scanning AVAX/USDT:USDT
2026-03-19 21:07:58,837 - crypto_bot - INFO - [SCALP] ❌ No signal: AVAXUSDT
2026-03-19 21:07:58,837 - crypto_bot - INFO - [SCALP] 🔍 Scanning VIRTUAL/USDT:USDT
2026-03-19 21:07:59,052 - crypto_bot - INFO - [SCALP] ❌ No signal: VIRTUALUSDT
2026-03-19 21:07:59,052 - crypto_bot - INFO - [SCALP] 🔍 Scanning UAI/USDT:USDT
2026-03-19 21:07:59,262 - crypto_bot - INFO - [SCALP] ❌ No signal: UAIUSDT
2026-03-19 21:07:59,262 - crypto_bot - INFO - [SCALP] 🔍 Scanning PUMPFUN/USDT:USDT
2026-03-19 21:07:59,466 - crypto_bot - INFO - [SCALP] ❌ No signal: PUMPFUNUSDT
2026-03-19 21:07:59,466 - crypto_bot - INFO - [SCALP] 🔍 Scanning LTC/USDT:USDT
2026-03-19 21:07:59,686 - crypto_bot - INFO - [SCALP] ❌ No signal: LTCUSDT
2026-03-19 21:07:59,686 - crypto_bot - INFO - [SCALP] 🔍 Scanning KITE/USDT:USDT
2026-03-19 21:07:59,899 - crypto_bot - INFO - [SCALP] ❌ No signal: KITEUSDT
2026-03-19 21:07:59,899 - crypto_bot - INFO - [SCALP] 🔍 Scanning GALA/USDT:USDT
2026-03-19 21:08:00,111 - crypto_bot - INFO - [SCALP] ❌ No signal: GALAUSDT
2026-03-19 21:08:00,111 - crypto_bot - INFO - [SCALP] 🔍 Scanning XPL/USDT:USDT
2026-03-19 21:08:00,310 - crypto_bot - INFO - [SCALP] ❌ No signal: XPLUSDT
2026-03-19 21:08:00,310 - crypto_bot - INFO - [SCALP] 📊 Total signals after scan: 0
2026-03-19 21:08:00,310 - crypto_bot - INFO - 📊 Signals found: 0
2026-03-19 21:08:00,310 - crypto_bot - INFO - ⏳ Sleeping for 300 seconds
2026-03-19 21:12:19,893 - crypto_bot - INFO - 🛑 Остановка по KeyboardInterrupt
2026-03-19 21:12:22,584 - crypto_bot - INFO - 🚀 Starting bot...
2026-03-19 21:12:22,584 - crypto_bot - WARNING - TELEGRAM_TOKEN не задан — бот запустится в режиме scanner + GUI без Telegram polling
2026-03-19 21:12:22,600 - crypto_bot - INFO - [SCALP] scanner initialized | mode=SCALPING | timeframe=30m | candle_limit=120 | execution_tfs=30m, 15m
2026-03-19 21:12:22,629 - crypto_bot - INFO - 🖥️ Signal GUI thread started
2026-03-19 21:12:22,630 - crypto_bot - INFO - ✅ Telegram отключён: инициализированы scanner + GUI режим
2026-03-19 21:12:22,630 - crypto_bot - INFO - 📡 Starting polling...
2026-03-19 21:12:22,630 - crypto_bot - INFO - 📡 Telegram polling disabled, running standalone scan loop
2026-03-19 21:12:22,631 - crypto_bot - INFO - 🚀 SCAN LOOP STARTED
2026-03-19 21:12:22,631 - crypto_bot - INFO - 🔍 Starting market scan for top-50 symbols...
2026-03-19 21:12:27,193 - crypto_bot - INFO - [SCALP] 📈 Top-50 symbols fetched: 50
2026-03-19 21:12:31,651 - crypto_bot - INFO - [SCALP] 🔥 Active symbols after filter: 44 / 50
2026-03-19 21:12:31,651 - crypto_bot - INFO - [SCALP] 🔍 Scanning BTC/USDT:USDT
2026-03-19 21:12:31,887 - crypto_bot - INFO - [SCALP] ❌ No signal: BTCUSDT
2026-03-19 21:12:31,887 - crypto_bot - INFO - [SCALP] 🔍 Scanning ETH/USDT:USDT
2026-03-19 21:12:32,125 - crypto_bot - INFO - [SCALP] ❌ No signal: ETHUSDT
2026-03-19 21:12:32,125 - crypto_bot - INFO - [SCALP] 🔍 Scanning SOL/USDT:USDT
2026-03-19 21:12:32,347 - crypto_bot - INFO - [SCALP] ❌ No signal: SOLUSDT
2026-03-19 21:12:32,347 - crypto_bot - INFO - [SCALP] 🔍 Scanning XRP/USDT:USDT
2026-03-19 21:12:32,904 - crypto_bot - INFO - [SCALP] ❌ No signal: XRPUSDT
2026-03-19 21:12:32,904 - crypto_bot - INFO - [SCALP] 🔍 Scanning HYPE/USDT:USDT
2026-03-19 21:12:33,321 - crypto_bot - INFO - [SCALP] ❌ No signal: HYPEUSDT
2026-03-19 21:12:33,321 - crypto_bot - INFO - [SCALP] 🔍 Scanning XAUT/USDT:USDT
2026-03-19 21:12:33,523 - crypto_bot - INFO - [SCALP] ❌ No signal: XAUTUSDT
2026-03-19 21:12:33,523 - crypto_bot - INFO - [SCALP] 🔍 Scanning DOGE/USDT:USDT
2026-03-19 21:12:33,805 - crypto_bot - INFO - [SCALP] ❌ No signal: DOGEUSDT
2026-03-19 21:12:33,805 - crypto_bot - INFO - [SCALP] 🔍 Scanning FARTCOIN/USDT:USDT
2026-03-19 21:12:34,030 - crypto_bot - INFO - [SCALP] ❌ No signal: FARTCOINUSDT
2026-03-19 21:12:34,030 - crypto_bot - INFO - [SCALP] 🔍 Scanning LYN/USDT:USDT
2026-03-19 21:12:34,558 - crypto_bot - INFO - [SCALP] ❌ No signal: LYNUSDT
2026-03-19 21:12:34,558 - crypto_bot - INFO - [SCALP] 🔍 Scanning RIVER/USDT:USDT
2026-03-19 21:12:34,893 - crypto_bot - INFO - [SCALP] ❌ No signal: RIVERUSDT
2026-03-19 21:12:34,893 - crypto_bot - INFO - [SCALP] 🔍 Scanning 1000PEPE/USDT:USDT
2026-03-19 21:12:35,103 - crypto_bot - INFO - [SCALP] ❌ No signal: 1000PEPEUSDT
2026-03-19 21:12:35,103 - crypto_bot - INFO - [SCALP] 🔍 Scanning TAO/USDT:USDT
2026-03-19 21:12:35,323 - crypto_bot - INFO - [SCALP] ❌ No signal: TAOUSDT
2026-03-19 21:12:35,323 - crypto_bot - INFO - [SCALP] 🔍 Scanning PIPPIN/USDT:USDT
2026-03-19 21:12:35,552 - crypto_bot - INFO - [SCALP] ❌ No signal: PIPPINUSDT
2026-03-19 21:12:35,553 - crypto_bot - INFO - [SCALP] 🔍 Scanning ZEC/USDT:USDT
2026-03-19 21:12:35,776 - crypto_bot - INFO - [SCALP] ❌ No signal: ZECUSDT
2026-03-19 21:12:35,776 - crypto_bot - INFO - [SCALP] 🔍 Scanning BARD/USDT:USDT
2026-03-19 21:12:35,991 - crypto_bot - INFO - [SCALP] ❌ No signal: BARDUSDT
2026-03-19 21:12:35,991 - crypto_bot - INFO - [SCALP] 🔍 Scanning XAG/USDT:USDT
2026-03-19 21:12:36,224 - crypto_bot - INFO - [SCALP] ❌ No signal: XAGUSDT
2026-03-19 21:12:36,224 - crypto_bot - INFO - [SCALP] 🔍 Scanning ADA/USDT:USDT
2026-03-19 21:12:36,783 - crypto_bot - INFO - [SCALP] ❌ No signal: ADAUSDT
2026-03-19 21:12:36,783 - crypto_bot - INFO - [SCALP] 🔍 Scanning SAHARA/USDT:USDT
2026-03-19 21:12:37,499 - crypto_bot - INFO - [SCALP] ❌ No signal: SAHARAUSDT
2026-03-19 21:12:37,499 - crypto_bot - INFO - [SCALP] 🔍 Scanning SUI/USDT:USDT
2026-03-19 21:12:37,742 - crypto_bot - INFO - [SCALP] ❌ No signal: SUIUSDT
2026-03-19 21:12:37,742 - crypto_bot - INFO - [SCALP] 🔍 Scanning PAXG/USDT:USDT
2026-03-19 21:12:37,969 - crypto_bot - INFO - [SCALP] ❌ No signal: PAXGUSDT
2026-03-19 21:12:37,969 - crypto_bot - INFO - [SCALP] 🔍 Scanning XAU/USDT:USDT
2026-03-19 21:12:38,212 - crypto_bot - INFO - [SCALP] ❌ No signal: XAUUSDT
2026-03-19 21:12:38,212 - crypto_bot - INFO - [SCALP] 🔍 Scanning LINK/USDT:USDT
2026-03-19 21:12:38,428 - crypto_bot - INFO - [SCALP] ❌ No signal: LINKUSDT
2026-03-19 21:12:38,444 - crypto_bot - INFO - [SCALP] 🔍 Scanning SIREN/USDT:USDT
2026-03-19 21:12:38,668 - crypto_bot - INFO - [SCALP] ❌ No signal: SIRENUSDT
2026-03-19 21:12:38,669 - crypto_bot - INFO - [SCALP] 🔍 Scanning TRUMP/USDT:USDT
2026-03-19 21:12:38,888 - crypto_bot - INFO - [SCALP] ❌ No signal: TRUMPUSDT
2026-03-19 21:12:38,888 - crypto_bot - INFO - [SCALP] 🔍 Scanning NEAR/USDT:USDT
2026-03-19 21:12:39,111 - crypto_bot - INFO - [SCALP] ❌ No signal: NEARUSDT
2026-03-19 21:12:39,112 - crypto_bot - INFO - [SCALP] 🔍 Scanning WLD/USDT:USDT
2026-03-19 21:12:39,798 - crypto_bot - INFO - [SCALP] ❌ No signal: WLDUSDT
2026-03-19 21:12:39,798 - crypto_bot - INFO - [SCALP] 🔍 Scanning BNB/USDT:USDT
2026-03-19 21:12:40,025 - crypto_bot - INFO - [SCALP] ❌ No signal: BNBUSDT
2026-03-19 21:12:40,025 - crypto_bot - INFO - [SCALP] 🔍 Scanning AAVE/USDT:USDT
2026-03-19 21:12:40,253 - crypto_bot - INFO - [SCALP] ❌ No signal: AAVEUSDT
2026-03-19 21:12:40,253 - crypto_bot - INFO - [SCALP] 🔍 Scanning XAN/USDT:USDT
2026-03-19 21:12:40,484 - crypto_bot - INFO - [SCALP] ❌ No signal: XANUSDT
2026-03-19 21:12:40,484 - crypto_bot - INFO - [SCALP] 🔍 Scanning ETHFI/USDT:USDT
2026-03-19 21:12:40,704 - crypto_bot - INFO - [SCALP] ❌ No signal: ETHFIUSDT
2026-03-19 21:12:40,704 - crypto_bot - INFO - [SCALP] 🔍 Scanning PIXEL/USDT:USDT
2026-03-19 21:12:40,932 - crypto_bot - INFO - [SCALP] ❌ No signal: PIXELUSDT
2026-03-19 21:12:40,932 - crypto_bot - INFO - [SCALP] 🔍 Scanning ENA/USDT:USDT
2026-03-19 21:12:41,144 - crypto_bot - INFO - [SCALP] ❌ No signal: ENAUSDT
2026-03-19 21:12:41,144 - crypto_bot - INFO - [SCALP] 🔍 Scanning BAN/USDT:USDT
2026-03-19 21:12:41,374 - crypto_bot - INFO - [SCALP] ❌ No signal: BANUSDT
2026-03-19 21:12:41,374 - crypto_bot - INFO - [SCALP] 🔍 Scanning ASTER/USDT:USDT
2026-03-19 21:12:41,585 - crypto_bot - INFO - [SCALP] ❌ No signal: ASTERUSDT
2026-03-19 21:12:41,585 - crypto_bot - INFO - [SCALP] 🔍 Scanning WIF/USDT:USDT
2026-03-19 21:12:41,812 - crypto_bot - INFO - [SCALP] ❌ No signal: WIFUSDT
2026-03-19 21:12:41,812 - crypto_bot - INFO - [SCALP] 🔍 Scanning DOT/USDT:USDT
2026-03-19 21:12:42,371 - crypto_bot - INFO - [SCALP] ❌ No signal: DOTUSDT
2026-03-19 21:12:42,372 - crypto_bot - INFO - [SCALP] 🔍 Scanning AVAX/USDT:USDT
2026-03-19 21:12:42,907 - crypto_bot - INFO - [SCALP] ❌ No signal: AVAXUSDT
2026-03-19 21:12:42,907 - crypto_bot - INFO - [SCALP] 🔍 Scanning VIRTUAL/USDT:USDT
2026-03-19 21:12:43,132 - crypto_bot - INFO - [SCALP] ❌ No signal: VIRTUALUSDT
2026-03-19 21:12:43,132 - crypto_bot - INFO - [SCALP] 🔍 Scanning UAI/USDT:USDT
2026-03-19 21:12:43,357 - crypto_bot - INFO - [SCALP] ❌ No signal: UAIUSDT
2026-03-19 21:12:43,357 - crypto_bot - INFO - [SCALP] 🔍 Scanning PUMPFUN/USDT:USDT
2026-03-19 21:12:43,912 - crypto_bot - INFO - [SCALP] ❌ No signal: PUMPFUNUSDT
2026-03-19 21:12:43,912 - crypto_bot - INFO - [SCALP] 🔍 Scanning LTC/USDT:USDT
2026-03-19 21:12:44,139 - crypto_bot - INFO - [SCALP] ❌ No signal: LTCUSDT
2026-03-19 21:12:44,139 - crypto_bot - INFO - [SCALP] 🔍 Scanning KITE/USDT:USDT
2026-03-19 21:12:44,362 - crypto_bot - INFO - [SCALP] ❌ No signal: KITEUSDT
2026-03-19 21:12:44,362 - crypto_bot - INFO - [SCALP] 🔍 Scanning GALA/USDT:USDT
2026-03-19 21:12:44,685 - crypto_bot - INFO - [SCALP] ❌ No signal: GALAUSDT
2026-03-19 21:12:44,685 - crypto_bot - INFO - [SCALP] 🔍 Scanning XPL/USDT:USDT
2026-03-19 21:12:44,908 - crypto_bot - INFO - [SCALP] ❌ No signal: XPLUSDT
2026-03-19 21:12:44,908 - crypto_bot - INFO - [SCALP] 📊 Total signals after scan: 0
2026-03-19 21:12:44,908 - crypto_bot - INFO - 📊 Signals found: 0
2026-03-19 21:12:44,908 - crypto_bot - INFO - ⏳ Sleeping for 300 seconds
2026-03-19 21:14:08,233 - crypto_bot - INFO - 🛑 Остановка по KeyboardInterrupt
2026-03-19 21:14:54,859 - crypto_bot - INFO - 🚀 Starting bot...
2026-03-19 21:14:54,859 - crypto_bot - WARNING - TELEGRAM_TOKEN не задан — бот запустится в режиме scanner + GUI без Telegram polling
2026-03-19 21:14:54,859 - crypto_bot - INFO - [SCALP] scanner initialized | mode=SCALPING | timeframe=30m | candle_limit=120 | execution_tfs=30m, 15m
2026-03-19 21:14:54,896 - crypto_bot - INFO - 🖥️ Signal GUI thread started
2026-03-19 21:14:54,896 - crypto_bot - INFO - ✅ Telegram отключён: инициализированы scanner + GUI режим
2026-03-19 21:14:54,897 - crypto_bot - INFO - 📡 Starting polling...
2026-03-19 21:14:54,897 - crypto_bot - INFO - 📡 Telegram polling disabled, running standalone scan loop
2026-03-19 21:14:54,898 - crypto_bot - INFO - 🚀 SCAN LOOP STARTED
2026-03-19 21:14:54,898 - crypto_bot - INFO - 🔍 Starting market scan for top-50 symbols...
2026-03-19 21:14:58,596 - crypto_bot - INFO - [SCALP] 📈 Top-50 symbols fetched: 50
2026-03-19 21:15:02,881 - crypto_bot - INFO - [SCALP] 🔥 Active symbols after filter: 48 / 50
2026-03-19 21:15:02,881 - crypto_bot - INFO - [SCALP] 🔍 Scanning BTC/USDT:USDT
2026-03-19 21:15:03,130 - crypto_bot - INFO - [SCALP] ❌ No signal: BTCUSDT
2026-03-19 21:15:03,130 - crypto_bot - INFO - [SCALP] 🔍 Scanning ETH/USDT:USDT
2026-03-19 21:15:03,379 - crypto_bot - INFO - [SCALP] ❌ No signal: ETHUSDT
2026-03-19 21:15:03,379 - crypto_bot - INFO - [SCALP] 🔍 Scanning SOL/USDT:USDT
2026-03-19 21:15:03,613 - crypto_bot - INFO - [SCALP] ❌ No signal: SOLUSDT
2026-03-19 21:15:03,613 - crypto_bot - INFO - [SCALP] 🔍 Scanning XRP/USDT:USDT
2026-03-19 21:15:03,856 - crypto_bot - INFO - [SCALP] ❌ No signal: XRPUSDT
2026-03-19 21:15:03,856 - crypto_bot - INFO - [SCALP] 🔍 Scanning HYPE/USDT:USDT
2026-03-19 21:15:04,096 - crypto_bot - INFO - [SCALP] ❌ No signal: HYPEUSDT
2026-03-19 21:15:04,096 - crypto_bot - INFO - [SCALP] 🔍 Scanning XAUT/USDT:USDT
2026-03-19 21:15:04,320 - crypto_bot - INFO - [SCALP] ❌ No signal: XAUTUSDT
2026-03-19 21:15:04,320 - crypto_bot - INFO - [SCALP] 🔍 Scanning DOGE/USDT:USDT
2026-03-19 21:15:04,560 - crypto_bot - ERROR - scan_loop error
Traceback (most recent call last):
  File "C:\Users\user\Desktop\crypto_botV2\scanner\market_scanner.py", line 39, in _fetch_ohlcv
    data = await loop.run_in_executor(
           ^^^^^^^^^^^^^^^^^^^^^^^^^^^
  File "D:\Python 3.11\Lib\concurrent\futures\thread.py", line 58, in run
    result = self.fn(*self.args, **self.kwargs)
             ^^^^^^^^^^^^^^^^^^^^^^^^^^^^^^^^^^
  File "C:\Users\user\Desktop\crypto_botV2\scanner\market_scanner.py", line 41, in <lambda>
    lambda: self.exchange.fetch_ohlcv(symbol, self.timeframe, limit=self.candle_limit),
            ^^^^^^^^^^^^^^^^^^^^^^^^^^^^^^^^^^^^^^^^^^^^^^^^^^^^^^^^^^^^^^^^^^^^^^^^^^
  File "C:\Users\user\Desktop\crypto_botV2\venv\Lib\site-packages\ccxt\bybit.py", line 2630, in fetch_ohlcv
    response = self.publicGetV5MarketKline(self.extend(request, params))
               ^^^^^^^^^^^^^^^^^^^^^^^^^^^^^^^^^^^^^^^^^^^^^^^^^^^^^^^^^
  File "C:\Users\user\Desktop\crypto_botV2\venv\Lib\site-packages\ccxt\base\types.py", line 35, in unbound_method
    return _self.request(self.path, self.api, self.method, params, config=self.config)
           ^^^^^^^^^^^^^^^^^^^^^^^^^^^^^^^^^^^^^^^^^^^^^^^^^^^^^^^^^^^^^^^^^^^^^^^^^^^
  File "C:\Users\user\Desktop\crypto_botV2\venv\Lib\site-packages\ccxt\base\exchange.py", line 5313, in request
    return self.fetch2(path, api, method, params, headers, body, config)
           ^^^^^^^^^^^^^^^^^^^^^^^^^^^^^^^^^^^^^^^^^^^^^^^^^^^^^^^^^^^^^
  File "C:\Users\user\Desktop\crypto_botV2\venv\Lib\site-packages\ccxt\base\exchange.py", line 5307, in fetch2
    raise e
  File "C:\Users\user\Desktop\crypto_botV2\venv\Lib\site-packages\ccxt\base\exchange.py", line 5297, in fetch2
    return self.fetch(request['url'], request['method'], request['headers'], request['body'])
           ^^^^^^^^^^^^^^^^^^^^^^^^^^^^^^^^^^^^^^^^^^^^^^^^^^^^^^^^^^^^^^^^^^^^^^^^^^^^^^^^^^
  File "C:\Users\user\Desktop\crypto_botV2\venv\Lib\site-packages\ccxt\base\exchange.py", line 735, in fetch
    self.handle_errors(http_status_code, http_status_text, url, method, headers, http_response, json_response, request_headers, request_body)
  File "C:\Users\user\Desktop\crypto_botV2\venv\Lib\site-packages\ccxt\bybit.py", line 9290, in handle_errors
    self.throw_exactly_matched_exception(self.exceptions['exact'], errorCode, feedback)
  File "C:\Users\user\Desktop\crypto_botV2\venv\Lib\site-packages\ccxt\base\exchange.py", line 5714, in throw_exactly_matched_exception
    raise exact[string](message)
ccxt.base.errors.RateLimitExceeded: bybit {"retCode":10006,"retMsg":"Too many visits. Exceeded the API Rate Limit.","result":{},"retExtInfo":{},"time":1773944104753}

During handling of the above exception, another exception occurred:

Traceback (most recent call last):
  File "C:\Users\user\Desktop\crypto_botV2\telegram_bot\bot.py", line 223, in scan_loop
    signals = await asyncio.wait_for(
              ^^^^^^^^^^^^^^^^^^^^^^^
  File "D:\Python 3.11\Lib\asyncio\tasks.py", line 489, in wait_for
    return fut.result()
           ^^^^^^^^^^^^
  File "C:\Users\user\Desktop\crypto_botV2\scanner\market_scanner.py", line 107, in scan
    df = await self._fetch_ohlcv(symbol)
         ^^^^^^^^^^^^^^^^^^^^^^^^^^^^^^^
  File "C:\Users\user\Desktop\crypto_botV2\scanner\market_scanner.py", line 44, in _fetch_ohlcv
    llogger.warning(f"{self.log_prefix} {symbol} | ошибка загрузки свечей: {exc}".strip())
    ^^^^^^^
NameError: name 'llogger' is not defined
2026-03-19 21:15:10,970 - crypto_bot - INFO - 🛑 Остановка по KeyboardInterrupt
2026-03-19 21:15:30,543 - crypto_bot - INFO - 🚀 Starting bot...
2026-03-19 21:15:30,543 - crypto_bot - WARNING - TELEGRAM_TOKEN не задан — бот запустится в режиме scanner + GUI без Telegram polling
2026-03-19 21:15:30,543 - crypto_bot - INFO - [SCALP] scanner initialized | mode=SCALPING | timeframe=30m | candle_limit=120 | execution_tfs=30m, 15m
2026-03-19 21:15:30,588 - crypto_bot - INFO - 🖥️ Signal GUI thread started
2026-03-19 21:15:30,589 - crypto_bot - INFO - ✅ Telegram отключён: инициализированы scanner + GUI режим
2026-03-19 21:15:30,589 - crypto_bot - INFO - 📡 Starting polling...
2026-03-19 21:15:30,589 - crypto_bot - INFO - 📡 Telegram polling disabled, running standalone scan loop
2026-03-19 21:15:30,590 - crypto_bot - INFO - 🚀 SCAN LOOP STARTED
2026-03-19 21:15:30,591 - crypto_bot - INFO - 🔍 Starting market scan for top-50 symbols...
2026-03-19 21:15:34,481 - crypto_bot - INFO - [SCALP] 📈 Top-50 symbols fetched: 50
2026-03-19 21:15:38,263 - crypto_bot - INFO - [SCALP] 🔥 Active symbols after filter: 48 / 50
2026-03-19 21:15:38,263 - crypto_bot - INFO - [SCALP] 🔍 Scanning BTC/USDT:USDT
2026-03-19 21:15:38,494 - crypto_bot - INFO - [SCALP] ❌ No signal: BTCUSDT
2026-03-19 21:15:38,494 - crypto_bot - INFO - [SCALP] 🔍 Scanning ETH/USDT:USDT
2026-03-19 21:15:38,716 - crypto_bot - INFO - [SCALP] ❌ No signal: ETHUSDT
2026-03-19 21:15:38,716 - crypto_bot - INFO - [SCALP] 🔍 Scanning SOL/USDT:USDT
2026-03-19 21:15:38,942 - crypto_bot - INFO - [SCALP] ❌ No signal: SOLUSDT
2026-03-19 21:15:38,942 - crypto_bot - INFO - [SCALP] 🔍 Scanning XRP/USDT:USDT
2026-03-19 21:15:39,166 - crypto_bot - INFO - [SCALP] ❌ No signal: XRPUSDT
2026-03-19 21:15:39,166 - crypto_bot - INFO - [SCALP] 🔍 Scanning HYPE/USDT:USDT
2026-03-19 21:15:39,381 - crypto_bot - INFO - [SCALP] ❌ No signal: HYPEUSDT
2026-03-19 21:15:39,381 - crypto_bot - INFO - [SCALP] 🔍 Scanning XAUT/USDT:USDT
2026-03-19 21:15:39,599 - crypto_bot - INFO - [SCALP] ❌ No signal: XAUTUSDT
2026-03-19 21:15:39,599 - crypto_bot - INFO - [SCALP] 🔍 Scanning DOGE/USDT:USDT
2026-03-19 21:15:39,832 - crypto_bot - INFO - [SCALP] ❌ No signal: DOGEUSDT
2026-03-19 21:15:39,832 - crypto_bot - INFO - [SCALP] 🔍 Scanning FARTCOIN/USDT:USDT
2026-03-19 21:15:40,051 - crypto_bot - INFO - [SCALP] ❌ No signal: FARTCOINUSDT
2026-03-19 21:15:40,051 - crypto_bot - INFO - [SCALP] 🔍 Scanning LYN/USDT:USDT
2026-03-19 21:15:40,263 - crypto_bot - INFO - [SCALP] ❌ No signal: LYNUSDT
2026-03-19 21:15:40,263 - crypto_bot - INFO - [SCALP] 🔍 Scanning RIVER/USDT:USDT
2026-03-19 21:15:40,493 - crypto_bot - INFO - [SCALP] ❌ No signal: RIVERUSDT
2026-03-19 21:15:40,493 - crypto_bot - INFO - [SCALP] 🔍 Scanning 1000PEPE/USDT:USDT
2026-03-19 21:15:40,703 - crypto_bot - INFO - [SCALP] ❌ No signal: 1000PEPEUSDT
2026-03-19 21:15:40,703 - crypto_bot - INFO - [SCALP] 🔍 Scanning TAO/USDT:USDT
2026-03-19 21:15:40,937 - crypto_bot - INFO - [SCALP] ❌ No signal: TAOUSDT
2026-03-19 21:15:40,937 - crypto_bot - INFO - [SCALP] 🔍 Scanning PIPPIN/USDT:USDT
2026-03-19 21:15:41,178 - crypto_bot - INFO - [SCALP] ❌ No signal: PIPPINUSDT
2026-03-19 21:15:41,179 - crypto_bot - INFO - [SCALP] 🔍 Scanning ZEC/USDT:USDT
2026-03-19 21:15:41,713 - crypto_bot - INFO - [SCALP] ❌ No signal: ZECUSDT
2026-03-19 21:15:41,714 - crypto_bot - INFO - [SCALP] 🔍 Scanning BARD/USDT:USDT
2026-03-19 21:15:41,937 - crypto_bot - INFO - [SCALP] ❌ No signal: BARDUSDT
2026-03-19 21:15:41,937 - crypto_bot - INFO - [SCALP] 🔍 Scanning XAG/USDT:USDT
2026-03-19 21:15:42,160 - crypto_bot - INFO - [SCALP] ❌ No signal: XAGUSDT
2026-03-19 21:15:42,160 - crypto_bot - INFO - [SCALP] 🔍 Scanning ADA/USDT:USDT
2026-03-19 21:15:42,391 - crypto_bot - INFO - [SCALP] ❌ No signal: ADAUSDT
2026-03-19 21:15:42,391 - crypto_bot - INFO - [SCALP] 🔍 Scanning SAHARA/USDT:USDT
2026-03-19 21:15:42,606 - crypto_bot - INFO - [SCALP] ❌ No signal: SAHARAUSDT
2026-03-19 21:15:42,606 - crypto_bot - INFO - [SCALP] 🔍 Scanning SUI/USDT:USDT
2026-03-19 21:15:42,833 - crypto_bot - INFO - [SCALP] ❌ No signal: SUIUSDT
2026-03-19 21:15:42,833 - crypto_bot - INFO - [SCALP] 🔍 Scanning PAXG/USDT:USDT
2026-03-19 21:15:43,048 - crypto_bot - INFO - [SCALP] ❌ No signal: PAXGUSDT
2026-03-19 21:15:43,048 - crypto_bot - INFO - [SCALP] 🔍 Scanning XAU/USDT:USDT
2026-03-19 21:15:43,291 - crypto_bot - INFO - [SCALP] ❌ No signal: XAUUSDT
2026-03-19 21:15:43,291 - crypto_bot - INFO - [SCALP] 🔍 Scanning LINK/USDT:USDT
2026-03-19 21:15:43,512 - crypto_bot - INFO - [SCALP] ❌ No signal: LINKUSDT
2026-03-19 21:15:43,512 - crypto_bot - INFO - [SCALP] 🔍 Scanning SIREN/USDT:USDT
2026-03-19 21:15:43,722 - crypto_bot - INFO - [SCALP] ❌ No signal: SIRENUSDT
2026-03-19 21:15:43,722 - crypto_bot - INFO - [SCALP] 🔍 Scanning TRUMP/USDT:USDT
2026-03-19 21:15:43,953 - crypto_bot - INFO - [SCALP] ❌ No signal: TRUMPUSDT
2026-03-19 21:15:43,953 - crypto_bot - INFO - [SCALP] 🔍 Scanning NEAR/USDT:USDT
2026-03-19 21:15:44,494 - crypto_bot - INFO - [SCALP] ❌ No signal: NEARUSDT
2026-03-19 21:15:44,494 - crypto_bot - INFO - [SCALP] 🔍 Scanning WLD/USDT:USDT
2026-03-19 21:15:44,709 - crypto_bot - INFO - [SCALP] ❌ No signal: WLDUSDT
2026-03-19 21:15:44,709 - crypto_bot - INFO - [SCALP] 🔍 Scanning BNB/USDT:USDT
2026-03-19 21:15:44,938 - crypto_bot - INFO - [SCALP] ❌ No signal: BNBUSDT
2026-03-19 21:15:44,938 - crypto_bot - INFO - [SCALP] 🔍 Scanning AAVE/USDT:USDT
2026-03-19 21:15:45,160 - crypto_bot - INFO - [SCALP] ❌ No signal: AAVEUSDT
2026-03-19 21:15:45,160 - crypto_bot - INFO - [SCALP] 🔍 Scanning XAN/USDT:USDT
2026-03-19 21:15:45,368 - crypto_bot - INFO - [SCALP] ❌ No signal: XANUSDT
2026-03-19 21:15:45,378 - crypto_bot - INFO - [SCALP] 🔍 Scanning ETHFI/USDT:USDT
2026-03-19 21:15:45,933 - crypto_bot - INFO - [SCALP] ❌ No signal: ETHFIUSDT
2026-03-19 21:15:45,933 - crypto_bot - INFO - [SCALP] 🔍 Scanning PIXEL/USDT:USDT
2026-03-19 21:15:46,153 - crypto_bot - INFO - [SCALP] ❌ No signal: PIXELUSDT
2026-03-19 21:15:46,166 - crypto_bot - INFO - [SCALP] 🔍 Scanning BAN/USDT:USDT
2026-03-19 21:15:46,390 - crypto_bot - INFO - [SCALP] ❌ No signal: BANUSDT
2026-03-19 21:15:46,390 - crypto_bot - INFO - [SCALP] 🔍 Scanning ENA/USDT:USDT
2026-03-19 21:15:46,611 - crypto_bot - INFO - [SCALP] ❌ No signal: ENAUSDT
2026-03-19 21:15:46,613 - crypto_bot - INFO - [SCALP] 🔍 Scanning WIF/USDT:USDT
2026-03-19 21:15:46,834 - crypto_bot - INFO - [SCALP] ❌ No signal: WIFUSDT
2026-03-19 21:15:46,835 - crypto_bot - INFO - [SCALP] 🔍 Scanning ASTER/USDT:USDT
2026-03-19 21:15:47,052 - crypto_bot - INFO - [SCALP] ❌ No signal: ASTERUSDT
2026-03-19 21:15:47,052 - crypto_bot - INFO - [SCALP] 🔍 Scanning DOT/USDT:USDT
2026-03-19 21:15:47,260 - crypto_bot - INFO - [SCALP] ❌ No signal: DOTUSDT
2026-03-19 21:15:47,260 - crypto_bot - INFO - [SCALP] 🔍 Scanning AVAX/USDT:USDT
2026-03-19 21:15:47,490 - crypto_bot - INFO - [SCALP] ❌ No signal: AVAXUSDT
2026-03-19 21:15:47,490 - crypto_bot - INFO - [SCALP] 🔍 Scanning VIRTUAL/USDT:USDT
2026-03-19 21:15:47,701 - crypto_bot - INFO - [SCALP] ❌ No signal: VIRTUALUSDT
2026-03-19 21:15:47,701 - crypto_bot - INFO - [SCALP] 🔍 Scanning UAI/USDT:USDT
2026-03-19 21:15:47,927 - crypto_bot - INFO - [SCALP] ❌ No signal: UAIUSDT
2026-03-19 21:15:47,927 - crypto_bot - INFO - [SCALP] 🔍 Scanning PUMPFUN/USDT:USDT
2026-03-19 21:15:48,156 - crypto_bot - INFO - [SCALP] ❌ No signal: PUMPFUNUSDT
2026-03-19 21:15:48,156 - crypto_bot - INFO - [SCALP] 🔍 Scanning LTC/USDT:USDT
2026-03-19 21:15:48,375 - crypto_bot - INFO - [SCALP] ❌ No signal: LTCUSDT
2026-03-19 21:15:48,375 - crypto_bot - INFO - [SCALP] 🔍 Scanning KITE/USDT:USDT
2026-03-19 21:15:48,683 - crypto_bot - INFO - [SCALP] ❌ No signal: KITEUSDT
2026-03-19 21:15:48,683 - crypto_bot - INFO - [SCALP] 🔍 Scanning GALA/USDT:USDT
2026-03-19 21:15:48,914 - crypto_bot - INFO - [SCALP] ❌ No signal: GALAUSDT
2026-03-19 21:15:48,914 - crypto_bot - INFO - [SCALP] 🔍 Scanning XPL/USDT:USDT
2026-03-19 21:15:49,232 - crypto_bot - INFO - [SCALP] ❌ No signal: XPLUSDT
2026-03-19 21:15:49,232 - crypto_bot - INFO - [SCALP] 🔍 Scanning HBAR/USDT:USDT
2026-03-19 21:15:49,443 - crypto_bot - INFO - [SCALP] ❌ No signal: HBARUSDT
2026-03-19 21:15:49,443 - crypto_bot - INFO - [SCALP] 🔍 Scanning APT/USDT:USDT
2026-03-19 21:15:49,666 - crypto_bot - INFO - [SCALP] ❌ No signal: APTUSDT
2026-03-19 21:15:49,666 - crypto_bot - INFO - [SCALP] 🔍 Scanning TRIA/USDT:USDT
2026-03-19 21:15:49,865 - crypto_bot - INFO - [SCALP] ❌ No signal: TRIAUSDT
2026-03-19 21:15:49,881 - crypto_bot - INFO - [SCALP] 🔍 Scanning PENGU/USDT:USDT
2026-03-19 21:15:50,098 - crypto_bot - INFO - [SCALP] ❌ No signal: PENGUUSDT
2026-03-19 21:15:50,098 - crypto_bot - INFO - [SCALP] 📊 Total signals after scan: 0
2026-03-19 21:15:50,099 - crypto_bot - INFO - 📊 Signals found: 0
2026-03-19 21:15:50,099 - crypto_bot - INFO - ⏳ Sleeping for 300 seconds
2026-03-19 21:16:04,467 - crypto_bot - INFO - 🛑 Остановка по KeyboardInterrupt
2026-03-19 21:16:53,151 - crypto_bot - INFO - 🚀 Starting bot...
2026-03-19 21:16:53,151 - crypto_bot - WARNING - TELEGRAM_TOKEN не задан — бот запустится в режиме scanner + GUI без Telegram polling
2026-03-19 21:16:53,161 - crypto_bot - INFO - [SCALP] scanner initialized | mode=SCALPING | timeframe=30m | candle_limit=120 | execution_tfs=30m, 15m
2026-03-19 21:16:53,191 - crypto_bot - INFO - 🖥️ Signal GUI thread started
2026-03-19 21:16:53,191 - crypto_bot - INFO - ✅ Telegram отключён: инициализированы scanner + GUI режим
2026-03-19 21:16:53,191 - crypto_bot - INFO - 📡 Starting polling...
2026-03-19 21:16:53,191 - crypto_bot - INFO - 📡 Telegram polling disabled, running standalone scan loop
2026-03-19 21:16:53,191 - crypto_bot - INFO - 🚀 SCAN LOOP STARTED
2026-03-19 21:16:53,191 - crypto_bot - INFO - 🔍 Starting market scan for top-50 symbols...
2026-03-19 21:16:57,832 - crypto_bot - INFO - [SCALP] 📈 Top-50 symbols fetched: 50
2026-03-19 21:17:03,296 - crypto_bot - INFO - [SCALP] 🔥 Active symbols after filter: 43 / 50
2026-03-19 21:17:03,296 - crypto_bot - INFO - [SCALP] 🔍 Scanning BTC/USDT:USDT
2026-03-19 21:17:03,527 - crypto_bot - INFO - [SCALP] ❌ No signal: BTCUSDT
2026-03-19 21:17:03,528 - crypto_bot - INFO - [SCALP] 🔍 Scanning ETH/USDT:USDT
2026-03-19 21:17:03,746 - crypto_bot - INFO - [SCALP] ❌ No signal: ETHUSDT
2026-03-19 21:17:03,747 - crypto_bot - INFO - [SCALP] 🔍 Scanning SOL/USDT:USDT
2026-03-19 21:17:03,962 - crypto_bot - INFO - [SCALP] ❌ No signal: SOLUSDT
2026-03-19 21:17:03,963 - crypto_bot - INFO - [SCALP] 🔍 Scanning XRP/USDT:USDT
2026-03-19 21:17:04,183 - crypto_bot - INFO - [SCALP] ❌ No signal: XRPUSDT
2026-03-19 21:17:04,183 - crypto_bot - INFO - [SCALP] 🔍 Scanning HYPE/USDT:USDT
2026-03-19 21:17:04,397 - crypto_bot - INFO - [SCALP] ❌ No signal: HYPEUSDT
2026-03-19 21:17:04,397 - crypto_bot - INFO - [SCALP] 🔍 Scanning XAUT/USDT:USDT
2026-03-19 21:17:04,613 - crypto_bot - INFO - [SCALP] ❌ No signal: XAUTUSDT
2026-03-19 21:17:04,613 - crypto_bot - INFO - [SCALP] 🔍 Scanning DOGE/USDT:USDT
2026-03-19 21:17:04,840 - crypto_bot - INFO - [SCALP] ❌ No signal: DOGEUSDT
2026-03-19 21:17:04,841 - crypto_bot - INFO - [SCALP] 🔍 Scanning FARTCOIN/USDT:USDT
2026-03-19 21:17:05,056 - crypto_bot - INFO - [SCALP] ❌ No signal: FARTCOINUSDT
2026-03-19 21:17:05,056 - crypto_bot - INFO - [SCALP] 🔍 Scanning LYN/USDT:USDT
2026-03-19 21:17:05,271 - crypto_bot - INFO - [SCALP] ❌ No signal: LYNUSDT
2026-03-19 21:17:05,271 - crypto_bot - INFO - [SCALP] 🔍 Scanning RIVER/USDT:USDT
2026-03-19 21:17:05,503 - crypto_bot - INFO - [SCALP] ❌ No signal: RIVERUSDT
2026-03-19 21:17:05,504 - crypto_bot - INFO - [SCALP] 🔍 Scanning 1000PEPE/USDT:USDT
2026-03-19 21:17:05,711 - crypto_bot - INFO - [SCALP] ❌ No signal: 1000PEPEUSDT
2026-03-19 21:17:05,711 - crypto_bot - INFO - [SCALP] 🔍 Scanning TAO/USDT:USDT
2026-03-19 21:17:05,931 - crypto_bot - INFO - [SCALP] ❌ No signal: TAOUSDT
2026-03-19 21:17:05,931 - crypto_bot - INFO - [SCALP] 🔍 Scanning ZEC/USDT:USDT
2026-03-19 21:17:06,150 - crypto_bot - INFO - [SCALP] ❌ No signal: ZECUSDT
2026-03-19 21:17:06,150 - crypto_bot - INFO - [SCALP] 🔍 Scanning BARD/USDT:USDT
2026-03-19 21:17:06,364 - crypto_bot - INFO - [SCALP] ❌ No signal: BARDUSDT
2026-03-19 21:17:06,365 - crypto_bot - INFO - [SCALP] 🔍 Scanning XAG/USDT:USDT
2026-03-19 21:17:06,569 - crypto_bot - INFO - [SCALP] ❌ No signal: XAGUSDT
2026-03-19 21:17:06,569 - crypto_bot - INFO - [SCALP] 🔍 Scanning ADA/USDT:USDT
2026-03-19 21:17:06,790 - crypto_bot - INFO - [SCALP] ❌ No signal: ADAUSDT
2026-03-19 21:17:06,790 - crypto_bot - INFO - [SCALP] 🔍 Scanning SAHARA/USDT:USDT
2026-03-19 21:17:07,016 - crypto_bot - INFO - [SCALP] ❌ No signal: SAHARAUSDT
2026-03-19 21:17:07,017 - crypto_bot - INFO - [SCALP] 🔍 Scanning SUI/USDT:USDT
2026-03-19 21:17:07,225 - crypto_bot - INFO - [SCALP] ❌ No signal: SUIUSDT
2026-03-19 21:17:07,225 - crypto_bot - INFO - [SCALP] 🔍 Scanning PAXG/USDT:USDT
2026-03-19 21:17:07,451 - crypto_bot - INFO - [SCALP] ❌ No signal: PAXGUSDT
2026-03-19 21:17:07,451 - crypto_bot - INFO - [SCALP] 🔍 Scanning XAU/USDT:USDT
2026-03-19 21:17:07,667 - crypto_bot - INFO - [SCALP] ❌ No signal: XAUUSDT
2026-03-19 21:17:07,669 - crypto_bot - INFO - [SCALP] 🔍 Scanning LINK/USDT:USDT
2026-03-19 21:17:07,889 - crypto_bot - INFO - [SCALP] ❌ No signal: LINKUSDT
2026-03-19 21:17:07,890 - crypto_bot - INFO - [SCALP] 🔍 Scanning SIREN/USDT:USDT
2026-03-19 21:17:08,104 - crypto_bot - INFO - [SCALP] ❌ No signal: SIRENUSDT
2026-03-19 21:17:08,104 - crypto_bot - INFO - [SCALP] 🔍 Scanning TRUMP/USDT:USDT
2026-03-19 21:17:08,309 - crypto_bot - INFO - [SCALP] ❌ No signal: TRUMPUSDT
2026-03-19 21:17:08,309 - crypto_bot - INFO - [SCALP] 🔍 Scanning NEAR/USDT:USDT
2026-03-19 21:17:08,527 - crypto_bot - INFO - [SCALP] ❌ No signal: NEARUSDT
2026-03-19 21:17:08,527 - crypto_bot - INFO - [SCALP] 🔍 Scanning WLD/USDT:USDT
2026-03-19 21:17:08,747 - crypto_bot - INFO - [SCALP] ❌ No signal: WLDUSDT
2026-03-19 21:17:08,747 - crypto_bot - INFO - [SCALP] 🔍 Scanning BNB/USDT:USDT
2026-03-19 21:17:08,992 - crypto_bot - INFO - [SCALP] ❌ No signal: BNBUSDT
2026-03-19 21:17:08,992 - crypto_bot - INFO - [SCALP] 🔍 Scanning AAVE/USDT:USDT
2026-03-19 21:17:09,208 - crypto_bot - INFO - [SCALP] ❌ No signal: AAVEUSDT
2026-03-19 21:17:09,208 - crypto_bot - INFO - [SCALP] 🔍 Scanning XAN/USDT:USDT
2026-03-19 21:17:09,423 - crypto_bot - INFO - [SCALP] ❌ No signal: XANUSDT
2026-03-19 21:17:09,423 - crypto_bot - INFO - [SCALP] 🔍 Scanning ETHFI/USDT:USDT
2026-03-19 21:17:09,653 - crypto_bot - INFO - [SCALP] ❌ No signal: ETHFIUSDT
2026-03-19 21:17:09,654 - crypto_bot - INFO - [SCALP] 🔍 Scanning PIXEL/USDT:USDT
2026-03-19 21:17:09,871 - crypto_bot - INFO - [SCALP] ❌ No signal: PIXELUSDT
2026-03-19 21:17:09,871 - crypto_bot - INFO - [SCALP] 🔍 Scanning BAN/USDT:USDT
2026-03-19 21:17:10,089 - crypto_bot - INFO - [SCALP] ❌ No signal: BANUSDT
2026-03-19 21:17:10,090 - crypto_bot - INFO - [SCALP] 🔍 Scanning ENA/USDT:USDT
2026-03-19 21:17:10,307 - crypto_bot - INFO - [SCALP] ❌ No signal: ENAUSDT
2026-03-19 21:17:10,307 - crypto_bot - INFO - [SCALP] 🔍 Scanning WIF/USDT:USDT
2026-03-19 21:17:10,538 - crypto_bot - INFO - [SCALP] ❌ No signal: WIFUSDT
2026-03-19 21:17:10,539 - crypto_bot - INFO - [SCALP] 🔍 Scanning ASTER/USDT:USDT
2026-03-19 21:17:10,753 - crypto_bot - INFO - [SCALP] ❌ No signal: ASTERUSDT
2026-03-19 21:17:10,753 - crypto_bot - INFO - [SCALP] 🔍 Scanning DOT/USDT:USDT
2026-03-19 21:17:10,971 - crypto_bot - INFO - [SCALP] ❌ No signal: DOTUSDT
2026-03-19 21:17:10,972 - crypto_bot - INFO - [SCALP] 🔍 Scanning AVAX/USDT:USDT
2026-03-19 21:17:11,186 - crypto_bot - INFO - [SCALP] ❌ No signal: AVAXUSDT
2026-03-19 21:17:11,186 - crypto_bot - INFO - [SCALP] 🔍 Scanning VIRTUAL/USDT:USDT
2026-03-19 21:17:11,402 - crypto_bot - INFO - [SCALP] ❌ No signal: VIRTUALUSDT
2026-03-19 21:17:11,403 - crypto_bot - INFO - [SCALP] 🔍 Scanning UAI/USDT:USDT
2026-03-19 21:17:11,618 - crypto_bot - INFO - [SCALP] ❌ No signal: UAIUSDT
2026-03-19 21:17:11,618 - crypto_bot - INFO - [SCALP] 🔍 Scanning PUMPFUN/USDT:USDT
2026-03-19 21:17:11,829 - crypto_bot - INFO - [SCALP] ❌ No signal: PUMPFUNUSDT
2026-03-19 21:17:11,829 - crypto_bot - INFO - [SCALP] 🔍 Scanning LTC/USDT:USDT
2026-03-19 21:17:12,049 - crypto_bot - INFO - [SCALP] ❌ No signal: LTCUSDT
2026-03-19 21:17:12,049 - crypto_bot - INFO - [SCALP] 🔍 Scanning KITE/USDT:USDT
2026-03-19 21:17:12,264 - crypto_bot - INFO - [SCALP] ❌ No signal: KITEUSDT
2026-03-19 21:17:12,264 - crypto_bot - INFO - [SCALP] 🔍 Scanning GALA/USDT:USDT
2026-03-19 21:17:12,480 - crypto_bot - INFO - [SCALP] ❌ No signal: GALAUSDT
2026-03-19 21:17:12,480 - crypto_bot - INFO - [SCALP] 🔍 Scanning XPL/USDT:USDT
2026-03-19 21:17:12,695 - crypto_bot - INFO - [SCALP] ❌ No signal: XPLUSDT
2026-03-19 21:17:12,695 - crypto_bot - INFO - [SCALP] 📊 Total signals after scan: 0
2026-03-19 21:17:12,695 - crypto_bot - INFO - 📊 Signals found: 0
2026-03-19 21:17:12,696 - crypto_bot - INFO - ⏳ Sleeping for 300 seconds
2026-03-19 21:22:12,713 - crypto_bot - INFO - 🔍 Starting market scan for top-50 symbols...
2026-03-19 21:22:13,542 - crypto_bot - INFO - [SCALP] 📈 Top-50 symbols fetched: 50
2026-03-19 21:22:14,296 - crypto_bot - INFO - [SCALP] 🔥 Active symbols after filter: 43 / 50
2026-03-19 21:22:14,297 - crypto_bot - INFO - [SCALP] 🔍 Scanning BTC/USDT:USDT
2026-03-19 21:22:14,514 - crypto_bot - INFO - [SCALP] ❌ No signal: BTCUSDT
2026-03-19 21:22:14,515 - crypto_bot - INFO - [SCALP] 🔍 Scanning ETH/USDT:USDT
2026-03-19 21:22:14,734 - crypto_bot - INFO - [SCALP] ❌ No signal: ETHUSDT
2026-03-19 21:22:14,734 - crypto_bot - INFO - [SCALP] 🔍 Scanning SOL/USDT:USDT
2026-03-19 21:22:14,952 - crypto_bot - INFO - [SCALP] ❌ No signal: SOLUSDT
2026-03-19 21:22:14,952 - crypto_bot - INFO - [SCALP] 🔍 Scanning XRP/USDT:USDT
2026-03-19 21:22:15,167 - crypto_bot - INFO - [SCALP] ❌ No signal: XRPUSDT
2026-03-19 21:22:15,167 - crypto_bot - INFO - [SCALP] 🔍 Scanning HYPE/USDT:USDT
2026-03-19 21:22:15,390 - crypto_bot - INFO - [SCALP] ❌ No signal: HYPEUSDT
2026-03-19 21:22:15,390 - crypto_bot - INFO - [SCALP] 🔍 Scanning XAUT/USDT:USDT
2026-03-19 21:22:15,611 - crypto_bot - INFO - [SCALP] ❌ No signal: XAUTUSDT
2026-03-19 21:22:15,611 - crypto_bot - INFO - [SCALP] 🔍 Scanning DOGE/USDT:USDT
2026-03-19 21:22:15,828 - crypto_bot - INFO - [SCALP] ❌ No signal: DOGEUSDT
2026-03-19 21:22:15,828 - crypto_bot - INFO - [SCALP] 🔍 Scanning FARTCOIN/USDT:USDT
2026-03-19 21:22:16,043 - crypto_bot - INFO - [SCALP] ❌ No signal: FARTCOINUSDT
2026-03-19 21:22:16,043 - crypto_bot - INFO - [SCALP] 🔍 Scanning LYN/USDT:USDT
2026-03-19 21:22:16,259 - crypto_bot - INFO - [SCALP] ❌ No signal: LYNUSDT
2026-03-19 21:22:16,259 - crypto_bot - INFO - [SCALP] 🔍 Scanning 1000PEPE/USDT:USDT
2026-03-19 21:22:16,479 - crypto_bot - INFO - [SCALP] ❌ No signal: 1000PEPEUSDT
2026-03-19 21:22:16,479 - crypto_bot - INFO - [SCALP] 🔍 Scanning TAO/USDT:USDT
2026-03-19 21:22:16,694 - crypto_bot - INFO - [SCALP] ❌ No signal: TAOUSDT
2026-03-19 21:22:16,694 - crypto_bot - INFO - [SCALP] 🔍 Scanning ZEC/USDT:USDT
2026-03-19 21:22:16,925 - crypto_bot - INFO - [SCALP] ❌ No signal: ZECUSDT
2026-03-19 21:22:16,926 - crypto_bot - INFO - [SCALP] 🔍 Scanning BARD/USDT:USDT
2026-03-19 21:22:17,143 - crypto_bot - INFO - [SCALP] ❌ No signal: BARDUSDT
2026-03-19 21:22:17,143 - crypto_bot - INFO - [SCALP] 🔍 Scanning XAG/USDT:USDT
2026-03-19 21:22:17,351 - crypto_bot - INFO - [SCALP] ❌ No signal: XAGUSDT
2026-03-19 21:22:17,351 - crypto_bot - INFO - [SCALP] 🔍 Scanning ADA/USDT:USDT
2026-03-19 21:22:17,580 - crypto_bot - INFO - [SCALP] ❌ No signal: ADAUSDT
2026-03-19 21:22:17,580 - crypto_bot - INFO - [SCALP] 🔍 Scanning SAHARA/USDT:USDT
2026-03-19 21:22:17,854 - crypto_bot - INFO - [SCALP] ❌ No signal: SAHARAUSDT
2026-03-19 21:22:17,854 - crypto_bot - INFO - [SCALP] 🔍 Scanning SUI/USDT:USDT
2026-03-19 21:22:18,098 - crypto_bot - INFO - [SCALP] ❌ No signal: SUIUSDT
2026-03-19 21:22:18,098 - crypto_bot - INFO - [SCALP] 🔍 Scanning ENJ/USDT:USDT
2026-03-19 21:22:18,317 - crypto_bot - INFO - [SCALP] ❌ No signal: ENJUSDT
2026-03-19 21:22:18,317 - crypto_bot - INFO - [SCALP] 🔍 Scanning PAXG/USDT:USDT
2026-03-19 21:22:18,542 - crypto_bot - INFO - [SCALP] ❌ No signal: PAXGUSDT
2026-03-19 21:22:18,542 - crypto_bot - INFO - [SCALP] 🔍 Scanning XAU/USDT:USDT
2026-03-19 21:22:18,779 - crypto_bot - INFO - [SCALP] ❌ No signal: XAUUSDT
2026-03-19 21:22:18,779 - crypto_bot - INFO - [SCALP] 🔍 Scanning LINK/USDT:USDT
2026-03-19 21:22:18,996 - crypto_bot - INFO - [SCALP] ❌ No signal: LINKUSDT
2026-03-19 21:22:18,996 - crypto_bot - INFO - [SCALP] 🔍 Scanning SIREN/USDT:USDT
2026-03-19 21:22:19,213 - crypto_bot - INFO - [SCALP] ❌ No signal: SIRENUSDT
2026-03-19 21:22:19,213 - crypto_bot - INFO - [SCALP] 🔍 Scanning TRUMP/USDT:USDT
2026-03-19 21:22:19,431 - crypto_bot - INFO - [SCALP] ❌ No signal: TRUMPUSDT
2026-03-19 21:22:19,432 - crypto_bot - INFO - [SCALP] 🔍 Scanning WLD/USDT:USDT
2026-03-19 21:22:19,649 - crypto_bot - INFO - [SCALP] ❌ No signal: WLDUSDT
2026-03-19 21:22:19,649 - crypto_bot - INFO - [SCALP] 🔍 Scanning NEAR/USDT:USDT
2026-03-19 21:22:19,855 - crypto_bot - INFO - [SCALP] ❌ No signal: NEARUSDT
2026-03-19 21:22:19,855 - crypto_bot - INFO - [SCALP] 🔍 Scanning BNB/USDT:USDT
2026-03-19 21:22:20,091 - crypto_bot - INFO - [SCALP] ❌ No signal: BNBUSDT
2026-03-19 21:22:20,091 - crypto_bot - INFO - [SCALP] 🔍 Scanning AAVE/USDT:USDT
2026-03-19 21:22:20,308 - crypto_bot - INFO - [SCALP] ❌ No signal: AAVEUSDT
2026-03-19 21:22:20,308 - crypto_bot - INFO - [SCALP] 🔍 Scanning XAN/USDT:USDT
2026-03-19 21:22:20,525 - crypto_bot - INFO - [SCALP] ❌ No signal: XANUSDT
2026-03-19 21:22:20,526 - crypto_bot - INFO - [SCALP] 🔍 Scanning ETHFI/USDT:USDT
2026-03-19 21:22:20,743 - crypto_bot - INFO - [SCALP] ❌ No signal: ETHFIUSDT
2026-03-19 21:22:20,743 - crypto_bot - INFO - [SCALP] 🔍 Scanning PIXEL/USDT:USDT
2026-03-19 21:22:20,963 - crypto_bot - INFO - [SCALP] ❌ No signal: PIXELUSDT
2026-03-19 21:22:20,963 - crypto_bot - INFO - [SCALP] 🔍 Scanning BAN/USDT:USDT
2026-03-19 21:22:21,196 - crypto_bot - INFO - [SCALP] ❌ No signal: BANUSDT
2026-03-19 21:22:21,197 - crypto_bot - INFO - [SCALP] 🔍 Scanning ENA/USDT:USDT
2026-03-19 21:22:21,415 - crypto_bot - INFO - [SCALP] ❌ No signal: ENAUSDT
2026-03-19 21:22:21,416 - crypto_bot - INFO - [SCALP] 🔍 Scanning WIF/USDT:USDT
2026-03-19 21:22:21,634 - crypto_bot - INFO - [SCALP] ❌ No signal: WIFUSDT
2026-03-19 21:22:21,634 - crypto_bot - INFO - [SCALP] 🔍 Scanning ASTER/USDT:USDT
2026-03-19 21:22:21,851 - crypto_bot - INFO - [SCALP] ❌ No signal: ASTERUSDT
2026-03-19 21:22:21,851 - crypto_bot - INFO - [SCALP] 🔍 Scanning DOT/USDT:USDT
2026-03-19 21:22:22,064 - crypto_bot - INFO - [SCALP] ❌ No signal: DOTUSDT
2026-03-19 21:22:22,064 - crypto_bot - INFO - [SCALP] 🔍 Scanning VIRTUAL/USDT:USDT
2026-03-19 21:22:22,286 - crypto_bot - INFO - [SCALP] ❌ No signal: VIRTUALUSDT
2026-03-19 21:22:22,287 - crypto_bot - INFO - [SCALP] 🔍 Scanning AVAX/USDT:USDT
2026-03-19 21:22:22,505 - crypto_bot - INFO - [SCALP] ❌ No signal: AVAXUSDT
2026-03-19 21:22:22,505 - crypto_bot - INFO - [SCALP] 🔍 Scanning UAI/USDT:USDT
2026-03-19 21:22:22,722 - crypto_bot - INFO - [SCALP] ❌ No signal: UAIUSDT
2026-03-19 21:22:22,723 - crypto_bot - INFO - [SCALP] 🔍 Scanning PUMPFUN/USDT:USDT
2026-03-19 21:22:22,941 - crypto_bot - INFO - [SCALP] ❌ No signal: PUMPFUNUSDT
2026-03-19 21:22:22,941 - crypto_bot - INFO - [SCALP] 🔍 Scanning LTC/USDT:USDT
2026-03-19 21:22:23,157 - crypto_bot - INFO - [SCALP] ❌ No signal: LTCUSDT
2026-03-19 21:22:23,157 - crypto_bot - INFO - [SCALP] 🔍 Scanning KITE/USDT:USDT
2026-03-19 21:22:23,373 - crypto_bot - INFO - [SCALP] ❌ No signal: KITEUSDT
2026-03-19 21:22:23,373 - crypto_bot - INFO - [SCALP] 🔍 Scanning GALA/USDT:USDT
2026-03-19 21:22:23,591 - crypto_bot - INFO - [SCALP] ❌ No signal: GALAUSDT
2026-03-19 21:22:23,591 - crypto_bot - INFO - [SCALP] 🔍 Scanning XPL/USDT:USDT
2026-03-19 21:22:23,809 - crypto_bot - INFO - [SCALP] ❌ No signal: XPLUSDT
2026-03-19 21:22:23,809 - crypto_bot - INFO - [SCALP] 📊 Total signals after scan: 0
2026-03-19 21:22:23,810 - crypto_bot - INFO - 📊 Signals found: 0
2026-03-19 21:22:23,810 - crypto_bot - INFO - ⏳ Sleeping for 300 seconds
2026-03-19 21:27:23,825 - crypto_bot - INFO - 🔍 Starting market scan for top-50 symbols...
2026-03-19 21:27:24,686 - crypto_bot - INFO - [SCALP] 📈 Top-50 symbols fetched: 50
2026-03-19 21:27:25,406 - crypto_bot - INFO - [SCALP] 🔥 Active symbols after filter: 44 / 50
2026-03-19 21:27:25,407 - crypto_bot - INFO - [SCALP] 🔍 Scanning BTC/USDT:USDT
2026-03-19 21:27:25,624 - crypto_bot - INFO - [SCALP] ❌ No signal: BTCUSDT
2026-03-19 21:27:25,624 - crypto_bot - INFO - [SCALP] 🔍 Scanning ETH/USDT:USDT
2026-03-19 21:27:25,834 - crypto_bot - INFO - [SCALP] ❌ No signal: ETHUSDT
2026-03-19 21:27:25,835 - crypto_bot - INFO - [SCALP] 🔍 Scanning SOL/USDT:USDT
2026-03-19 21:27:26,047 - crypto_bot - INFO - [SCALP] ❌ No signal: SOLUSDT
2026-03-19 21:27:26,047 - crypto_bot - INFO - [SCALP] 🔍 Scanning XRP/USDT:USDT
2026-03-19 21:27:26,265 - crypto_bot - INFO - [SCALP] ❌ No signal: XRPUSDT
2026-03-19 21:27:26,265 - crypto_bot - INFO - [SCALP] 🔍 Scanning HYPE/USDT:USDT
2026-03-19 21:27:26,800 - crypto_bot - INFO - [SCALP] ❌ No signal: HYPEUSDT
2026-03-19 21:27:26,800 - crypto_bot - INFO - [SCALP] 🔍 Scanning XAUT/USDT:USDT
2026-03-19 21:27:27,002 - crypto_bot - INFO - [SCALP] ❌ No signal: XAUTUSDT
2026-03-19 21:27:27,002 - crypto_bot - INFO - [SCALP] 🔍 Scanning DOGE/USDT:USDT
2026-03-19 21:27:27,223 - crypto_bot - INFO - [SCALP] ❌ No signal: DOGEUSDT
2026-03-19 21:27:27,223 - crypto_bot - INFO - [SCALP] 🔍 Scanning FARTCOIN/USDT:USDT
2026-03-19 21:27:27,432 - crypto_bot - INFO - [SCALP] ❌ No signal: FARTCOINUSDT
2026-03-19 21:27:27,432 - crypto_bot - INFO - [SCALP] 🔍 Scanning LYN/USDT:USDT
2026-03-19 21:27:27,638 - crypto_bot - INFO - [SCALP] ❌ No signal: LYNUSDT
2026-03-19 21:27:27,638 - crypto_bot - INFO - [SCALP] 🔍 Scanning RIVER/USDT:USDT
2026-03-19 21:27:27,856 - crypto_bot - INFO - [SCALP] ❌ No signal: RIVERUSDT
2026-03-19 21:27:27,856 - crypto_bot - INFO - [SCALP] 🔍 Scanning 1000PEPE/USDT:USDT
2026-03-19 21:27:28,076 - crypto_bot - INFO - [SCALP] ❌ No signal: 1000PEPEUSDT
2026-03-19 21:27:28,076 - crypto_bot - INFO - [SCALP] 🔍 Scanning TAO/USDT:USDT
2026-03-19 21:27:28,284 - crypto_bot - INFO - [SCALP] ❌ No signal: TAOUSDT
2026-03-19 21:27:28,284 - crypto_bot - INFO - [SCALP] 🔍 Scanning PIPPIN/USDT:USDT
2026-03-19 21:27:28,497 - crypto_bot - INFO - [SCALP] ❌ No signal: PIPPINUSDT
2026-03-19 21:27:28,497 - crypto_bot - INFO - [SCALP] 🔍 Scanning ZEC/USDT:USDT
2026-03-19 21:27:28,711 - crypto_bot - INFO - [SCALP] ❌ No signal: ZECUSDT
2026-03-19 21:27:28,711 - crypto_bot - INFO - [SCALP] 🔍 Scanning BARD/USDT:USDT
2026-03-19 21:27:28,918 - crypto_bot - INFO - [SCALP] ❌ No signal: BARDUSDT
2026-03-19 21:27:28,918 - crypto_bot - INFO - [SCALP] 🔍 Scanning XAG/USDT:USDT
2026-03-19 21:27:29,122 - crypto_bot - INFO - [SCALP] ❌ No signal: XAGUSDT
2026-03-19 21:27:29,122 - crypto_bot - INFO - [SCALP] 🔍 Scanning ADA/USDT:USDT
2026-03-19 21:27:29,340 - crypto_bot - INFO - [SCALP] ❌ No signal: ADAUSDT
2026-03-19 21:27:29,340 - crypto_bot - INFO - [SCALP] 🔍 Scanning SAHARA/USDT:USDT
2026-03-19 21:27:29,544 - crypto_bot - INFO - [SCALP] ❌ No signal: SAHARAUSDT
2026-03-19 21:27:29,560 - crypto_bot - INFO - [SCALP] 🔍 Scanning SUI/USDT:USDT
2026-03-19 21:27:29,762 - crypto_bot - INFO - [SCALP] ❌ No signal: SUIUSDT
2026-03-19 21:27:29,762 - crypto_bot - INFO - [SCALP] 🔍 Scanning PAXG/USDT:USDT
2026-03-19 21:27:29,981 - crypto_bot - INFO - [SCALP] ❌ No signal: PAXGUSDT
2026-03-19 21:27:29,981 - crypto_bot - INFO - [SCALP] 🔍 Scanning XAU/USDT:USDT
2026-03-19 21:27:30,184 - crypto_bot - INFO - [SCALP] ❌ No signal: XAUUSDT
2026-03-19 21:27:30,184 - crypto_bot - INFO - [SCALP] 🔍 Scanning LINK/USDT:USDT
2026-03-19 21:27:30,407 - crypto_bot - INFO - [SCALP] ❌ No signal: LINKUSDT
2026-03-19 21:27:30,407 - crypto_bot - INFO - [SCALP] 🔍 Scanning SIREN/USDT:USDT
2026-03-19 21:27:30,621 - crypto_bot - INFO - [SCALP] ❌ No signal: SIRENUSDT
2026-03-19 21:27:30,621 - crypto_bot - INFO - [SCALP] 🔍 Scanning TRUMP/USDT:USDT
2026-03-19 21:27:30,835 - crypto_bot - INFO - [SCALP] ❌ No signal: TRUMPUSDT
2026-03-19 21:27:30,836 - crypto_bot - INFO - [SCALP] 🔍 Scanning WLD/USDT:USDT
2026-03-19 21:27:31,047 - crypto_bot - INFO - [SCALP] ❌ No signal: WLDUSDT
2026-03-19 21:27:31,047 - crypto_bot - INFO - [SCALP] 🔍 Scanning NEAR/USDT:USDT
2026-03-19 21:27:31,257 - crypto_bot - INFO - [SCALP] ❌ No signal: NEARUSDT
2026-03-19 21:27:31,257 - crypto_bot - INFO - [SCALP] 🔍 Scanning BNB/USDT:USDT
2026-03-19 21:27:31,470 - crypto_bot - INFO - [SCALP] ❌ No signal: BNBUSDT
2026-03-19 21:27:31,470 - crypto_bot - INFO - [SCALP] 🔍 Scanning AAVE/USDT:USDT
2026-03-19 21:27:31,669 - crypto_bot - INFO - [SCALP] ❌ No signal: AAVEUSDT
2026-03-19 21:27:31,669 - crypto_bot - INFO - [SCALP] 🔍 Scanning XAN/USDT:USDT
2026-03-19 21:27:31,893 - crypto_bot - INFO - [SCALP] ❌ No signal: XANUSDT
2026-03-19 21:27:31,894 - crypto_bot - INFO - [SCALP] 🔍 Scanning ETHFI/USDT:USDT
2026-03-19 21:27:32,091 - crypto_bot - INFO - [SCALP] ❌ No signal: ETHFIUSDT
2026-03-19 21:27:32,091 - crypto_bot - INFO - [SCALP] 🔍 Scanning PIXEL/USDT:USDT
2026-03-19 21:27:32,308 - crypto_bot - INFO - [SCALP] ❌ No signal: PIXELUSDT
2026-03-19 21:27:32,308 - crypto_bot - INFO - [SCALP] 🔍 Scanning BAN/USDT:USDT
2026-03-19 21:27:32,512 - crypto_bot - INFO - [SCALP] ❌ No signal: BANUSDT
2026-03-19 21:27:32,512 - crypto_bot - INFO - [SCALP] 🔍 Scanning ENA/USDT:USDT
2026-03-19 21:27:32,738 - crypto_bot - INFO - [SCALP] ❌ No signal: ENAUSDT
2026-03-19 21:27:32,738 - crypto_bot - INFO - [SCALP] 🔍 Scanning WIF/USDT:USDT
2026-03-19 21:27:32,934 - crypto_bot - INFO - [SCALP] ❌ No signal: WIFUSDT
2026-03-19 21:27:32,934 - crypto_bot - INFO - [SCALP] 🔍 Scanning ASTER/USDT:USDT
2026-03-19 21:27:33,152 - crypto_bot - INFO - [SCALP] ❌ No signal: ASTERUSDT
2026-03-19 21:27:33,152 - crypto_bot - INFO - [SCALP] 🔍 Scanning DOT/USDT:USDT
2026-03-19 21:27:33,355 - crypto_bot - INFO - [SCALP] ❌ No signal: DOTUSDT
2026-03-19 21:27:33,355 - crypto_bot - INFO - [SCALP] 🔍 Scanning VIRTUAL/USDT:USDT
2026-03-19 21:27:33,574 - crypto_bot - INFO - [SCALP] ❌ No signal: VIRTUALUSDT
2026-03-19 21:27:33,574 - crypto_bot - INFO - [SCALP] 🔍 Scanning AVAX/USDT:USDT
2026-03-19 21:27:33,793 - crypto_bot - INFO - [SCALP] ❌ No signal: AVAXUSDT
2026-03-19 21:27:33,793 - crypto_bot - INFO - [SCALP] 🔍 Scanning UAI/USDT:USDT
2026-03-19 21:27:34,326 - crypto_bot - INFO - [SCALP] ❌ No signal: UAIUSDT
2026-03-19 21:27:34,327 - crypto_bot - INFO - [SCALP] 🔍 Scanning PUMPFUN/USDT:USDT
2026-03-19 21:27:34,536 - crypto_bot - INFO - [SCALP] ❌ No signal: PUMPFUNUSDT
2026-03-19 21:27:34,536 - crypto_bot - INFO - [SCALP] 🔍 Scanning LTC/USDT:USDT
2026-03-19 21:27:34,748 - crypto_bot - INFO - [SCALP] ❌ No signal: LTCUSDT
2026-03-19 21:27:34,748 - crypto_bot - INFO - [SCALP] 🔍 Scanning GALA/USDT:USDT
2026-03-19 21:27:35,282 - crypto_bot - INFO - [SCALP] ❌ No signal: GALAUSDT
2026-03-19 21:27:35,282 - crypto_bot - INFO - [SCALP] 🔍 Scanning KITE/USDT:USDT
2026-03-19 21:27:35,496 - crypto_bot - INFO - [SCALP] ❌ No signal: KITEUSDT
2026-03-19 21:27:35,496 - crypto_bot - INFO - [SCALP] 🔍 Scanning XPL/USDT:USDT
2026-03-19 21:27:35,710 - crypto_bot - INFO - [SCALP] ❌ No signal: XPLUSDT
2026-03-19 21:27:35,711 - crypto_bot - INFO - [SCALP] 📊 Total signals after scan: 0
2026-03-19 21:27:35,711 - crypto_bot - INFO - 📊 Signals found: 0
2026-03-19 21:27:35,711 - crypto_bot - INFO - ⏳ Sleeping for 300 seconds
2026-03-19 21:30:30,316 - crypto_bot - INFO - 🛑 Остановка по KeyboardInterrupt
2026-03-19 21:30:32,938 - crypto_bot - INFO - 🚀 Starting bot...
2026-03-19 21:30:32,938 - crypto_bot - WARNING - TELEGRAM_TOKEN не задан — бот запустится в режиме scanner + GUI без Telegram polling
2026-03-19 21:30:32,938 - crypto_bot - INFO - [SCALP] scanner initialized | mode=SCALPING | timeframe=30m | candle_limit=120 | execution_tfs=30m, 15m
2026-03-19 21:30:32,968 - crypto_bot - INFO - 🖥️ Signal GUI thread started
2026-03-19 21:30:32,968 - crypto_bot - INFO - ✅ Telegram отключён: инициализированы scanner + GUI режим
2026-03-19 21:30:32,968 - crypto_bot - INFO - 📡 Starting polling...
2026-03-19 21:30:32,968 - crypto_bot - INFO - 📡 Telegram polling disabled, running standalone scan loop
2026-03-19 21:30:32,968 - crypto_bot - INFO - 🚀 SCAN LOOP STARTED
2026-03-19 21:30:32,968 - crypto_bot - INFO - 🔍 Starting market scan for top-50 symbols...
2026-03-19 21:30:37,646 - crypto_bot - INFO - [SCALP] 📈 Top-50 symbols fetched: 50
2026-03-19 21:30:42,705 - crypto_bot - INFO - [SCALP] 🔥 Active symbols after filter: 43 / 50
2026-03-19 21:30:42,705 - crypto_bot - INFO - [SCALP] 🔍 Scanning BTC/USDT:USDT
2026-03-19 21:30:42,932 - crypto_bot - INFO - [SCALP] ❌ No signal: BTCUSDT
2026-03-19 21:30:42,932 - crypto_bot - INFO - [SCALP] 🔍 Scanning ETH/USDT:USDT
2026-03-19 21:30:43,142 - crypto_bot - INFO - [SCALP] ❌ No signal: ETHUSDT
2026-03-19 21:30:43,142 - crypto_bot - INFO - [SCALP] 🔍 Scanning SOL/USDT:USDT
2026-03-19 21:30:43,361 - crypto_bot - INFO - [SCALP] ❌ No signal: SOLUSDT
2026-03-19 21:30:43,361 - crypto_bot - INFO - [SCALP] 🔍 Scanning XRP/USDT:USDT
2026-03-19 21:30:43,588 - crypto_bot - INFO - [SCALP] ❌ No signal: XRPUSDT
2026-03-19 21:30:43,588 - crypto_bot - INFO - [SCALP] 🔍 Scanning HYPE/USDT:USDT
2026-03-19 21:30:43,817 - crypto_bot - INFO - [SCALP] ❌ No signal: HYPEUSDT
2026-03-19 21:30:43,817 - crypto_bot - INFO - [SCALP] 🔍 Scanning XAUT/USDT:USDT
2026-03-19 21:30:44,033 - crypto_bot - INFO - [SCALP] ❌ No signal: XAUTUSDT
2026-03-19 21:30:44,033 - crypto_bot - INFO - [SCALP] 🔍 Scanning DOGE/USDT:USDT
2026-03-19 21:30:44,324 - crypto_bot - INFO - [SCALP] ❌ No signal: DOGEUSDT
2026-03-19 21:30:44,324 - crypto_bot - INFO - [SCALP] 🔍 Scanning FARTCOIN/USDT:USDT
2026-03-19 21:30:44,554 - crypto_bot - INFO - [SCALP] ❌ No signal: FARTCOINUSDT
2026-03-19 21:30:44,554 - crypto_bot - INFO - [SCALP] 🔍 Scanning LYN/USDT:USDT
2026-03-19 21:30:44,777 - crypto_bot - INFO - [SCALP] ❌ No signal: LYNUSDT
2026-03-19 21:30:44,777 - crypto_bot - INFO - [SCALP] 🔍 Scanning RIVER/USDT:USDT
2026-03-19 21:30:45,003 - crypto_bot - INFO - [SCALP] ❌ No signal: RIVERUSDT
2026-03-19 21:30:45,003 - crypto_bot - INFO - [SCALP] 🔍 Scanning 1000PEPE/USDT:USDT
2026-03-19 21:30:45,221 - crypto_bot - INFO - [SCALP] ❌ No signal: 1000PEPEUSDT
2026-03-19 21:30:45,221 - crypto_bot - INFO - [SCALP] 🔍 Scanning TAO/USDT:USDT
2026-03-19 21:30:45,450 - crypto_bot - INFO - [SCALP] ❌ No signal: TAOUSDT
2026-03-19 21:30:45,451 - crypto_bot - INFO - [SCALP] 🔍 Scanning ZEC/USDT:USDT
2026-03-19 21:30:45,678 - crypto_bot - INFO - [SCALP] ❌ No signal: ZECUSDT
2026-03-19 21:30:45,678 - crypto_bot - INFO - [SCALP] 🔍 Scanning BARD/USDT:USDT
2026-03-19 21:30:45,895 - crypto_bot - INFO - [SCALP] ❌ No signal: BARDUSDT
2026-03-19 21:30:45,895 - crypto_bot - INFO - [SCALP] 🔍 Scanning XAG/USDT:USDT
2026-03-19 21:30:46,431 - crypto_bot - INFO - [SCALP] ❌ No signal: XAGUSDT
2026-03-19 21:30:46,432 - crypto_bot - INFO - [SCALP] 🔍 Scanning ADA/USDT:USDT
2026-03-19 21:30:46,646 - crypto_bot - INFO - [SCALP] ❌ No signal: ADAUSDT
2026-03-19 21:30:46,646 - crypto_bot - INFO - [SCALP] 🔍 Scanning SAHARA/USDT:USDT
2026-03-19 21:30:46,856 - crypto_bot - INFO - [SCALP] ❌ No signal: SAHARAUSDT
2026-03-19 21:30:46,856 - crypto_bot - INFO - [SCALP] 🔍 Scanning SUI/USDT:USDT
2026-03-19 21:30:47,069 - crypto_bot - INFO - [SCALP] ❌ No signal: SUIUSDT
2026-03-19 21:30:47,069 - crypto_bot - INFO - [SCALP] 🔍 Scanning PAXG/USDT:USDT
2026-03-19 21:30:47,291 - crypto_bot - INFO - [SCALP] ❌ No signal: PAXGUSDT
2026-03-19 21:30:47,291 - crypto_bot - INFO - [SCALP] 🔍 Scanning XAU/USDT:USDT
2026-03-19 21:30:47,526 - crypto_bot - INFO - [SCALP] ❌ No signal: XAUUSDT
2026-03-19 21:30:47,527 - crypto_bot - INFO - [SCALP] 🔍 Scanning LINK/USDT:USDT
2026-03-19 21:30:47,732 - crypto_bot - INFO - [SCALP] ❌ No signal: LINKUSDT
2026-03-19 21:30:47,732 - crypto_bot - INFO - [SCALP] 🔍 Scanning SIREN/USDT:USDT
2026-03-19 21:30:47,946 - crypto_bot - INFO - [SCALP] ❌ No signal: SIRENUSDT
2026-03-19 21:30:47,946 - crypto_bot - INFO - [SCALP] 🔍 Scanning WLD/USDT:USDT
2026-03-19 21:30:48,158 - crypto_bot - INFO - [SCALP] ❌ No signal: WLDUSDT
2026-03-19 21:30:48,158 - crypto_bot - INFO - [SCALP] 🔍 Scanning TRUMP/USDT:USDT
2026-03-19 21:30:48,384 - crypto_bot - INFO - [SCALP] ❌ No signal: TRUMPUSDT
2026-03-19 21:30:48,384 - crypto_bot - INFO - [SCALP] 🔍 Scanning NEAR/USDT:USDT
2026-03-19 21:30:48,598 - crypto_bot - INFO - [SCALP] ❌ No signal: NEARUSDT
2026-03-19 21:30:48,598 - crypto_bot - INFO - [SCALP] 🔍 Scanning BNB/USDT:USDT
2026-03-19 21:30:48,812 - crypto_bot - INFO - [SCALP] ❌ No signal: BNBUSDT
2026-03-19 21:30:48,812 - crypto_bot - INFO - [SCALP] 🔍 Scanning AAVE/USDT:USDT
2026-03-19 21:30:49,027 - crypto_bot - INFO - [SCALP] ❌ No signal: AAVEUSDT
2026-03-19 21:30:49,027 - crypto_bot - INFO - [SCALP] 🔍 Scanning XAN/USDT:USDT
2026-03-19 21:30:49,252 - crypto_bot - INFO - [SCALP] ❌ No signal: XANUSDT
2026-03-19 21:30:49,252 - crypto_bot - INFO - [SCALP] 🔍 Scanning ETHFI/USDT:USDT
2026-03-19 21:30:49,465 - crypto_bot - INFO - [SCALP] ❌ No signal: ETHFIUSDT
2026-03-19 21:30:49,465 - crypto_bot - INFO - [SCALP] 🔍 Scanning PIXEL/USDT:USDT
2026-03-19 21:30:49,666 - crypto_bot - INFO - [SCALP] ❌ No signal: PIXELUSDT
2026-03-19 21:30:49,666 - crypto_bot - INFO - [SCALP] 🔍 Scanning BAN/USDT:USDT
2026-03-19 21:30:50,208 - crypto_bot - INFO - [SCALP] ❌ No signal: BANUSDT
2026-03-19 21:30:50,208 - crypto_bot - INFO - [SCALP] 🔍 Scanning ENA/USDT:USDT
2026-03-19 21:30:50,419 - crypto_bot - INFO - [SCALP] ❌ No signal: ENAUSDT
2026-03-19 21:30:50,419 - crypto_bot - INFO - [SCALP] 🔍 Scanning WIF/USDT:USDT
2026-03-19 21:30:50,647 - crypto_bot - INFO - [SCALP] ❌ No signal: WIFUSDT
2026-03-19 21:30:50,647 - crypto_bot - INFO - [SCALP] 🔍 Scanning ASTER/USDT:USDT
2026-03-19 21:30:50,859 - crypto_bot - INFO - [SCALP] ❌ No signal: ASTERUSDT
2026-03-19 21:30:50,859 - crypto_bot - INFO - [SCALP] 🔍 Scanning DOT/USDT:USDT
2026-03-19 21:30:51,076 - crypto_bot - INFO - [SCALP] ❌ No signal: DOTUSDT
2026-03-19 21:30:51,076 - crypto_bot - INFO - [SCALP] 🔍 Scanning VIRTUAL/USDT:USDT
2026-03-19 21:30:51,285 - crypto_bot - INFO - [SCALP] ❌ No signal: VIRTUALUSDT
2026-03-19 21:30:51,285 - crypto_bot - INFO - [SCALP] 🔍 Scanning AVAX/USDT:USDT
2026-03-19 21:30:51,508 - crypto_bot - INFO - [SCALP] ❌ No signal: AVAXUSDT
2026-03-19 21:30:51,508 - crypto_bot - INFO - [SCALP] 🔍 Scanning UAI/USDT:USDT
2026-03-19 21:30:51,722 - crypto_bot - INFO - [SCALP] ❌ No signal: UAIUSDT
2026-03-19 21:30:51,722 - crypto_bot - INFO - [SCALP] 🔍 Scanning PUMPFUN/USDT:USDT
2026-03-19 21:30:51,943 - crypto_bot - INFO - [SCALP] ❌ No signal: PUMPFUNUSDT
2026-03-19 21:30:51,944 - crypto_bot - INFO - [SCALP] 🔍 Scanning LTC/USDT:USDT
2026-03-19 21:30:52,687 - crypto_bot - INFO - [SCALP] ❌ No signal: LTCUSDT
2026-03-19 21:30:52,687 - crypto_bot - INFO - [SCALP] 🔍 Scanning GALA/USDT:USDT
2026-03-19 21:30:52,895 - crypto_bot - INFO - [SCALP] ❌ No signal: GALAUSDT
2026-03-19 21:30:52,895 - crypto_bot - INFO - [SCALP] 🔍 Scanning KITE/USDT:USDT
2026-03-19 21:30:53,609 - crypto_bot - INFO - [SCALP] ❌ No signal: KITEUSDT
2026-03-19 21:30:53,609 - crypto_bot - INFO - [SCALP] 🔍 Scanning XPL/USDT:USDT
2026-03-19 21:30:53,823 - crypto_bot - INFO - [SCALP] ❌ No signal: XPLUSDT
2026-03-19 21:30:53,823 - crypto_bot - INFO - [SCALP] 📊 Total signals after scan: 0
2026-03-19 21:30:53,825 - crypto_bot - INFO - 📊 Signals found: 0
2026-03-19 21:30:53,825 - crypto_bot - INFO - ⏳ Sleeping for 300 seconds
2026-03-19 21:35:53,842 - crypto_bot - INFO - 🔍 Starting market scan for top-50 symbols...
2026-03-19 21:35:55,622 - crypto_bot - INFO - [SCALP] 📈 Top-50 symbols fetched: 50
2026-03-19 21:35:56,310 - crypto_bot - INFO - [SCALP] 🔥 Active symbols after filter: 44 / 50
2026-03-19 21:35:56,310 - crypto_bot - INFO - [SCALP] 🔍 Scanning BTC/USDT:USDT
2026-03-19 21:35:56,543 - crypto_bot - INFO - [SCALP] ❌ No signal: BTCUSDT
2026-03-19 21:35:56,543 - crypto_bot - INFO - [SCALP] 🔍 Scanning ETH/USDT:USDT
2026-03-19 21:35:56,759 - crypto_bot - INFO - [SCALP] ❌ No signal: ETHUSDT
2026-03-19 21:35:56,760 - crypto_bot - INFO - [SCALP] 🔍 Scanning SOL/USDT:USDT
2026-03-19 21:35:56,977 - crypto_bot - INFO - [SCALP] ❌ No signal: SOLUSDT
2026-03-19 21:35:56,977 - crypto_bot - INFO - [SCALP] 🔍 Scanning XRP/USDT:USDT
2026-03-19 21:35:57,194 - crypto_bot - INFO - [SCALP] ❌ No signal: XRPUSDT
2026-03-19 21:35:57,195 - crypto_bot - INFO - [SCALP] 🔍 Scanning HYPE/USDT:USDT
2026-03-19 21:35:57,411 - crypto_bot - INFO - [SCALP] ❌ No signal: HYPEUSDT
2026-03-19 21:35:57,411 - crypto_bot - INFO - [SCALP] 🔍 Scanning XAUT/USDT:USDT
2026-03-19 21:35:57,628 - crypto_bot - INFO - [SCALP] ❌ No signal: XAUTUSDT
2026-03-19 21:35:57,628 - crypto_bot - INFO - [SCALP] 🔍 Scanning DOGE/USDT:USDT
2026-03-19 21:35:58,139 - crypto_bot - INFO - [SCALP] ❌ No signal: DOGEUSDT
2026-03-19 21:35:58,139 - crypto_bot - INFO - [SCALP] 🔍 Scanning FARTCOIN/USDT:USDT
2026-03-19 21:35:58,366 - crypto_bot - INFO - [SCALP] ❌ No signal: FARTCOINUSDT
2026-03-19 21:35:58,366 - crypto_bot - INFO - [SCALP] 🔍 Scanning LYN/USDT:USDT
2026-03-19 21:35:58,599 - crypto_bot - INFO - [SCALP] ❌ No signal: LYNUSDT
2026-03-19 21:35:58,599 - crypto_bot - INFO - [SCALP] 🔍 Scanning RIVER/USDT:USDT
2026-03-19 21:35:58,808 - crypto_bot - INFO - [SCALP] ❌ No signal: RIVERUSDT
2026-03-19 21:35:58,808 - crypto_bot - INFO - [SCALP] 🔍 Scanning 1000PEPE/USDT:USDT
2026-03-19 21:35:59,034 - crypto_bot - INFO - [SCALP] ❌ No signal: 1000PEPEUSDT
2026-03-19 21:35:59,034 - crypto_bot - INFO - [SCALP] 🔍 Scanning TAO/USDT:USDT
2026-03-19 21:35:59,248 - crypto_bot - INFO - [SCALP] ❌ No signal: TAOUSDT
2026-03-19 21:35:59,248 - crypto_bot - INFO - [SCALP] 🔍 Scanning PIPPIN/USDT:USDT
2026-03-19 21:35:59,468 - crypto_bot - INFO - [SCALP] ❌ No signal: PIPPINUSDT
2026-03-19 21:35:59,468 - crypto_bot - INFO - [SCALP] 🔍 Scanning ZEC/USDT:USDT
2026-03-19 21:35:59,686 - crypto_bot - INFO - [SCALP] ❌ No signal: ZECUSDT
2026-03-19 21:35:59,686 - crypto_bot - INFO - [SCALP] 🔍 Scanning BARD/USDT:USDT
2026-03-19 21:35:59,905 - crypto_bot - INFO - [SCALP] ❌ No signal: BARDUSDT
2026-03-19 21:35:59,905 - crypto_bot - INFO - [SCALP] 🔍 Scanning XAG/USDT:USDT
2026-03-19 21:36:00,139 - crypto_bot - INFO - [SCALP] ❌ No signal: XAGUSDT
2026-03-19 21:36:00,139 - crypto_bot - INFO - [SCALP] 🔍 Scanning ADA/USDT:USDT
2026-03-19 21:36:00,345 - crypto_bot - INFO - [SCALP] ❌ No signal: ADAUSDT
2026-03-19 21:36:00,345 - crypto_bot - INFO - [SCALP] 🔍 Scanning SAHARA/USDT:USDT
2026-03-19 21:36:00,586 - crypto_bot - INFO - [SCALP] ❌ No signal: SAHARAUSDT
2026-03-19 21:36:00,586 - crypto_bot - INFO - [SCALP] 🔍 Scanning SUI/USDT:USDT
2026-03-19 21:36:00,797 - crypto_bot - INFO - [SCALP] ❌ No signal: SUIUSDT
2026-03-19 21:36:00,797 - crypto_bot - INFO - [SCALP] 🔍 Scanning PAXG/USDT:USDT
2026-03-19 21:36:01,643 - crypto_bot - INFO - [SCALP] ❌ No signal: PAXGUSDT
2026-03-19 21:36:01,643 - crypto_bot - INFO - [SCALP] 🔍 Scanning XAU/USDT:USDT
2026-03-19 21:36:02,193 - crypto_bot - INFO - [SCALP] ❌ No signal: XAUUSDT
2026-03-19 21:36:02,193 - crypto_bot - INFO - [SCALP] 🔍 Scanning LINK/USDT:USDT
2026-03-19 21:36:02,413 - crypto_bot - INFO - [SCALP] ❌ No signal: LINKUSDT
2026-03-19 21:36:02,414 - crypto_bot - INFO - [SCALP] 🔍 Scanning SIREN/USDT:USDT
2026-03-19 21:36:02,632 - crypto_bot - INFO - [SCALP] ❌ No signal: SIRENUSDT
2026-03-19 21:36:02,633 - crypto_bot - INFO - [SCALP] 🔍 Scanning WLD/USDT:USDT
2026-03-19 21:36:03,184 - crypto_bot - INFO - [SCALP] ❌ No signal: WLDUSDT
2026-03-19 21:36:03,184 - crypto_bot - INFO - [SCALP] 🔍 Scanning TRUMP/USDT:USDT
2026-03-19 21:36:03,402 - crypto_bot - INFO - [SCALP] ❌ No signal: TRUMPUSDT
2026-03-19 21:36:03,404 - crypto_bot - INFO - [SCALP] 🔍 Scanning NEAR/USDT:USDT
2026-03-19 21:36:03,608 - crypto_bot - INFO - [SCALP] ❌ No signal: NEARUSDT
2026-03-19 21:36:03,608 - crypto_bot - INFO - [SCALP] 🔍 Scanning BNB/USDT:USDT
2026-03-19 21:36:03,827 - crypto_bot - INFO - [SCALP] ❌ No signal: BNBUSDT
2026-03-19 21:36:03,827 - crypto_bot - INFO - [SCALP] 🔍 Scanning XAN/USDT:USDT
2026-03-19 21:36:04,048 - crypto_bot - INFO - [SCALP] ❌ No signal: XANUSDT
2026-03-19 21:36:04,048 - crypto_bot - INFO - [SCALP] 🔍 Scanning AAVE/USDT:USDT
2026-03-19 21:36:04,275 - crypto_bot - INFO - [SCALP] ❌ No signal: AAVEUSDT
2026-03-19 21:36:04,276 - crypto_bot - INFO - [SCALP] 🔍 Scanning ETHFI/USDT:USDT
2026-03-19 21:36:04,492 - crypto_bot - INFO - [SCALP] ❌ No signal: ETHFIUSDT
2026-03-19 21:36:04,492 - crypto_bot - INFO - [SCALP] 🔍 Scanning PIXEL/USDT:USDT
2026-03-19 21:36:04,710 - crypto_bot - INFO - [SCALP] ❌ No signal: PIXELUSDT
2026-03-19 21:36:04,710 - crypto_bot - INFO - [SCALP] 🔍 Scanning BAN/USDT:USDT
2026-03-19 21:36:04,991 - crypto_bot - INFO - [SCALP] ❌ No signal: BANUSDT
2026-03-19 21:36:04,991 - crypto_bot - INFO - [SCALP] 🔍 Scanning ENA/USDT:USDT
2026-03-19 21:36:05,211 - crypto_bot - INFO - [SCALP] ❌ No signal: ENAUSDT
2026-03-19 21:36:05,211 - crypto_bot - INFO - [SCALP] 🔍 Scanning WIF/USDT:USDT
2026-03-19 21:36:05,428 - crypto_bot - INFO - [SCALP] ❌ No signal: WIFUSDT
2026-03-19 21:36:05,428 - crypto_bot - INFO - [SCALP] 🔍 Scanning ASTER/USDT:USDT
2026-03-19 21:36:05,756 - crypto_bot - INFO - [SCALP] ❌ No signal: ASTERUSDT
2026-03-19 21:36:05,756 - crypto_bot - INFO - [SCALP] 🔍 Scanning DOT/USDT:USDT
2026-03-19 21:36:06,009 - crypto_bot - INFO - [SCALP] ❌ No signal: DOTUSDT
2026-03-19 21:36:06,009 - crypto_bot - INFO - [SCALP] 🔍 Scanning VIRTUAL/USDT:USDT
2026-03-19 21:36:06,235 - crypto_bot - INFO - [SCALP] ❌ No signal: VIRTUALUSDT
2026-03-19 21:36:06,235 - crypto_bot - INFO - [SCALP] 🔍 Scanning AVAX/USDT:USDT
2026-03-19 21:36:06,452 - crypto_bot - INFO - [SCALP] ❌ No signal: AVAXUSDT
2026-03-19 21:36:06,452 - crypto_bot - INFO - [SCALP] 🔍 Scanning UAI/USDT:USDT
2026-03-19 21:36:06,671 - crypto_bot - INFO - [SCALP] ❌ No signal: UAIUSDT
2026-03-19 21:36:06,671 - crypto_bot - INFO - [SCALP] 🔍 Scanning PUMPFUN/USDT:USDT
2026-03-19 21:36:06,921 - crypto_bot - INFO - [SCALP] ❌ No signal: PUMPFUNUSDT
2026-03-19 21:36:06,921 - crypto_bot - INFO - [SCALP] 🔍 Scanning LTC/USDT:USDT
2026-03-19 21:36:07,152 - crypto_bot - INFO - [SCALP] ❌ No signal: LTCUSDT
2026-03-19 21:36:07,152 - crypto_bot - INFO - [SCALP] 🔍 Scanning GALA/USDT:USDT
2026-03-19 21:36:07,359 - crypto_bot - INFO - [SCALP] ❌ No signal: GALAUSDT
2026-03-19 21:36:07,359 - crypto_bot - INFO - [SCALP] 🔍 Scanning KITE/USDT:USDT
2026-03-19 21:36:07,594 - crypto_bot - INFO - [SCALP] ❌ No signal: KITEUSDT
2026-03-19 21:36:07,594 - crypto_bot - INFO - [SCALP] 🔍 Scanning XPL/USDT:USDT
2026-03-19 21:36:07,812 - crypto_bot - INFO - [SCALP] ❌ No signal: XPLUSDT
2026-03-19 21:36:07,812 - crypto_bot - INFO - [SCALP] 📊 Total signals after scan: 0
2026-03-19 21:36:07,812 - crypto_bot - INFO - 📊 Signals found: 0
2026-03-19 21:36:07,813 - crypto_bot - INFO - ⏳ Sleeping for 300 seconds
2026-03-19 21:41:07,829 - crypto_bot - INFO - 🔍 Starting market scan for top-50 symbols...
2026-03-19 21:41:08,685 - crypto_bot - INFO - [SCALP] 📈 Top-50 symbols fetched: 50
2026-03-19 21:41:09,251 - crypto_bot - INFO - [SCALP] 🔥 Active symbols after filter: 44 / 50
2026-03-19 21:41:09,251 - crypto_bot - INFO - [SCALP] 🔍 Scanning BTC/USDT:USDT
2026-03-19 21:41:09,469 - crypto_bot - INFO - [SCALP] ❌ No signal: BTCUSDT
2026-03-19 21:41:09,469 - crypto_bot - INFO - [SCALP] 🔍 Scanning ETH/USDT:USDT
2026-03-19 21:41:09,673 - crypto_bot - INFO - [SCALP] ❌ No signal: ETHUSDT
2026-03-19 21:41:09,673 - crypto_bot - INFO - [SCALP] 🔍 Scanning SOL/USDT:USDT
2026-03-19 21:41:09,891 - crypto_bot - INFO - [SCALP] ❌ No signal: SOLUSDT
2026-03-19 21:41:09,891 - crypto_bot - INFO - [SCALP] 🔍 Scanning XRP/USDT:USDT
2026-03-19 21:41:10,094 - crypto_bot - INFO - [SCALP] ❌ No signal: XRPUSDT
2026-03-19 21:41:10,094 - crypto_bot - INFO - [SCALP] 🔍 Scanning XAUT/USDT:USDT
2026-03-19 21:41:10,298 - crypto_bot - INFO - [SCALP] ❌ No signal: XAUTUSDT
2026-03-19 21:41:10,298 - crypto_bot - INFO - [SCALP] 🔍 Scanning HYPE/USDT:USDT
2026-03-19 21:41:10,519 - crypto_bot - INFO - [SCALP] ❌ No signal: HYPEUSDT
2026-03-19 21:41:10,519 - crypto_bot - INFO - [SCALP] 🔍 Scanning DOGE/USDT:USDT
2026-03-19 21:41:10,719 - crypto_bot - INFO - [SCALP] ❌ No signal: DOGEUSDT
2026-03-19 21:41:10,719 - crypto_bot - INFO - [SCALP] 🔍 Scanning FARTCOIN/USDT:USDT
2026-03-19 21:41:10,938 - crypto_bot - INFO - [SCALP] ❌ No signal: FARTCOINUSDT
2026-03-19 21:41:10,938 - crypto_bot - INFO - [SCALP] 🔍 Scanning LYN/USDT:USDT
2026-03-19 21:41:11,154 - crypto_bot - INFO - [SCALP] ❌ No signal: LYNUSDT
2026-03-19 21:41:11,155 - crypto_bot - INFO - [SCALP] 🔍 Scanning RIVER/USDT:USDT
2026-03-19 21:41:11,359 - crypto_bot - INFO - [SCALP] ❌ No signal: RIVERUSDT
2026-03-19 21:41:11,359 - crypto_bot - INFO - [SCALP] 🔍 Scanning 1000PEPE/USDT:USDT
2026-03-19 21:41:11,579 - crypto_bot - INFO - [SCALP] ❌ No signal: 1000PEPEUSDT
2026-03-19 21:41:11,579 - crypto_bot - INFO - [SCALP] 🔍 Scanning TAO/USDT:USDT
2026-03-19 21:41:11,794 - crypto_bot - INFO - [SCALP] ❌ No signal: TAOUSDT
2026-03-19 21:41:11,794 - crypto_bot - INFO - [SCALP] 🔍 Scanning PIPPIN/USDT:USDT
2026-03-19 21:41:12,001 - crypto_bot - INFO - [SCALP] ❌ No signal: PIPPINUSDT
2026-03-19 21:41:12,001 - crypto_bot - INFO - [SCALP] 🔍 Scanning ZEC/USDT:USDT
2026-03-19 21:41:12,195 - crypto_bot - INFO - [SCALP] ❌ No signal: ZECUSDT
2026-03-19 21:41:12,211 - crypto_bot - INFO - [SCALP] 🔍 Scanning BARD/USDT:USDT
2026-03-19 21:41:12,411 - crypto_bot - INFO - [SCALP] ❌ No signal: BARDUSDT
2026-03-19 21:41:12,411 - crypto_bot - INFO - [SCALP] 🔍 Scanning XAG/USDT:USDT
2026-03-19 21:41:12,627 - crypto_bot - INFO - [SCALP] ❌ No signal: XAGUSDT
2026-03-19 21:41:12,627 - crypto_bot - INFO - [SCALP] 🔍 Scanning ADA/USDT:USDT
2026-03-19 21:41:12,829 - crypto_bot - INFO - [SCALP] ❌ No signal: ADAUSDT
2026-03-19 21:41:12,845 - crypto_bot - INFO - [SCALP] 🔍 Scanning SAHARA/USDT:USDT
2026-03-19 21:41:13,048 - crypto_bot - INFO - [SCALP] ❌ No signal: SAHARAUSDT
2026-03-19 21:41:13,048 - crypto_bot - INFO - [SCALP] 🔍 Scanning SUI/USDT:USDT
2026-03-19 21:41:13,251 - crypto_bot - INFO - [SCALP] ❌ No signal: SUIUSDT
2026-03-19 21:41:13,251 - crypto_bot - INFO - [SCALP] 🔍 Scanning PAXG/USDT:USDT
2026-03-19 21:41:13,470 - crypto_bot - INFO - [SCALP] ❌ No signal: PAXGUSDT
2026-03-19 21:41:13,470 - crypto_bot - INFO - [SCALP] 🔍 Scanning XAU/USDT:USDT
2026-03-19 21:41:13,686 - crypto_bot - INFO - [SCALP] ❌ No signal: XAUUSDT
2026-03-19 21:41:13,686 - crypto_bot - INFO - [SCALP] 🔍 Scanning LINK/USDT:USDT
2026-03-19 21:41:13,882 - crypto_bot - INFO - [SCALP] ❌ No signal: LINKUSDT
2026-03-19 21:41:13,882 - crypto_bot - INFO - [SCALP] 🔍 Scanning SIREN/USDT:USDT
2026-03-19 21:41:14,102 - crypto_bot - INFO - [SCALP] ❌ No signal: SIRENUSDT
2026-03-19 21:41:14,102 - crypto_bot - INFO - [SCALP] 🔍 Scanning TRUMP/USDT:USDT
2026-03-19 21:41:14,313 - crypto_bot - INFO - [SCALP] ❌ No signal: TRUMPUSDT
2026-03-19 21:41:14,313 - crypto_bot - INFO - [SCALP] 🔍 Scanning WLD/USDT:USDT
2026-03-19 21:41:14,532 - crypto_bot - INFO - [SCALP] ❌ No signal: WLDUSDT
2026-03-19 21:41:14,532 - crypto_bot - INFO - [SCALP] 🔍 Scanning NEAR/USDT:USDT
2026-03-19 21:41:14,772 - crypto_bot - INFO - [SCALP] ❌ No signal: NEARUSDT
2026-03-19 21:41:14,772 - crypto_bot - INFO - [SCALP] 🔍 Scanning BNB/USDT:USDT
2026-03-19 21:41:14,985 - crypto_bot - INFO - [SCALP] ❌ No signal: BNBUSDT
2026-03-19 21:41:14,985 - crypto_bot - INFO - [SCALP] 🔍 Scanning XAN/USDT:USDT
2026-03-19 21:41:15,185 - crypto_bot - INFO - [SCALP] ❌ No signal: XANUSDT
2026-03-19 21:41:15,185 - crypto_bot - INFO - [SCALP] 🔍 Scanning AAVE/USDT:USDT
2026-03-19 21:41:15,405 - crypto_bot - INFO - [SCALP] ❌ No signal: AAVEUSDT
2026-03-19 21:41:15,405 - crypto_bot - INFO - [SCALP] 🔍 Scanning ETHFI/USDT:USDT
2026-03-19 21:41:15,614 - crypto_bot - INFO - [SCALP] ❌ No signal: ETHFIUSDT
2026-03-19 21:41:15,614 - crypto_bot - INFO - [SCALP] 🔍 Scanning PIXEL/USDT:USDT
2026-03-19 21:41:15,814 - crypto_bot - INFO - [SCALP] ❌ No signal: PIXELUSDT
2026-03-19 21:41:15,814 - crypto_bot - INFO - [SCALP] 🔍 Scanning BAN/USDT:USDT
2026-03-19 21:41:16,032 - crypto_bot - INFO - [SCALP] ❌ No signal: BANUSDT
2026-03-19 21:41:16,032 - crypto_bot - INFO - [SCALP] 🔍 Scanning ENA/USDT:USDT
2026-03-19 21:41:16,242 - crypto_bot - INFO - [SCALP] ❌ No signal: ENAUSDT
2026-03-19 21:41:16,242 - crypto_bot - INFO - [SCALP] 🔍 Scanning WIF/USDT:USDT
2026-03-19 21:41:16,455 - crypto_bot - INFO - [SCALP] ❌ No signal: WIFUSDT
2026-03-19 21:41:16,456 - crypto_bot - INFO - [SCALP] 🔍 Scanning ASTER/USDT:USDT
2026-03-19 21:41:16,655 - crypto_bot - INFO - [SCALP] ❌ No signal: ASTERUSDT
2026-03-19 21:41:16,655 - crypto_bot - INFO - [SCALP] 🔍 Scanning DOT/USDT:USDT
2026-03-19 21:41:16,876 - crypto_bot - INFO - [SCALP] ❌ No signal: DOTUSDT
2026-03-19 21:41:16,876 - crypto_bot - INFO - [SCALP] 🔍 Scanning VIRTUAL/USDT:USDT
2026-03-19 21:41:17,085 - crypto_bot - INFO - [SCALP] ❌ No signal: VIRTUALUSDT
2026-03-19 21:41:17,085 - crypto_bot - INFO - [SCALP] 🔍 Scanning AVAX/USDT:USDT
2026-03-19 21:41:17,283 - crypto_bot - INFO - [SCALP] ❌ No signal: AVAXUSDT
2026-03-19 21:41:17,283 - crypto_bot - INFO - [SCALP] 🔍 Scanning UAI/USDT:USDT
2026-03-19 21:41:17,500 - crypto_bot - INFO - [SCALP] ❌ No signal: UAIUSDT
2026-03-19 21:41:17,500 - crypto_bot - INFO - [SCALP] 🔍 Scanning PUMPFUN/USDT:USDT
2026-03-19 21:41:17,706 - crypto_bot - INFO - [SCALP] ❌ No signal: PUMPFUNUSDT
2026-03-19 21:41:17,706 - crypto_bot - INFO - [SCALP] 🔍 Scanning LTC/USDT:USDT
2026-03-19 21:41:17,923 - crypto_bot - INFO - [SCALP] ❌ No signal: LTCUSDT
2026-03-19 21:41:17,923 - crypto_bot - INFO - [SCALP] 🔍 Scanning KITE/USDT:USDT
2026-03-19 21:41:18,120 - crypto_bot - INFO - [SCALP] ❌ No signal: KITEUSDT
2026-03-19 21:41:18,120 - crypto_bot - INFO - [SCALP] 🔍 Scanning GALA/USDT:USDT
2026-03-19 21:41:18,337 - crypto_bot - INFO - [SCALP] ❌ No signal: GALAUSDT
2026-03-19 21:41:18,337 - crypto_bot - INFO - [SCALP] 🔍 Scanning XPL/USDT:USDT
2026-03-19 21:41:18,569 - crypto_bot - INFO - [SCALP] ❌ No signal: XPLUSDT
2026-03-19 21:41:18,569 - crypto_bot - INFO - [SCALP] 📊 Total signals after scan: 0
2026-03-19 21:41:18,570 - crypto_bot - INFO - 📊 Signals found: 0
2026-03-19 21:41:18,570 - crypto_bot - INFO - ⏳ Sleeping for 300 seconds
2026-03-19 21:46:18,572 - crypto_bot - INFO - 🔍 Starting market scan for top-50 symbols...
2026-03-19 21:46:19,345 - crypto_bot - INFO - [SCALP] 📈 Top-50 symbols fetched: 50
2026-03-19 21:46:20,416 - crypto_bot - INFO - [SCALP] 🔥 Active symbols after filter: 44 / 50
2026-03-19 21:46:20,416 - crypto_bot - INFO - [SCALP] 🔍 Scanning BTC/USDT:USDT
2026-03-19 21:46:20,627 - crypto_bot - INFO - [SCALP] ❌ No signal: BTCUSDT
2026-03-19 21:46:20,627 - crypto_bot - INFO - [SCALP] 🔍 Scanning ETH/USDT:USDT
2026-03-19 21:46:20,851 - crypto_bot - INFO - [SCALP] ❌ No signal: ETHUSDT
2026-03-19 21:46:20,851 - crypto_bot - INFO - [SCALP] 🔍 Scanning SOL/USDT:USDT
2026-03-19 21:46:21,064 - crypto_bot - INFO - [SCALP] ❌ No signal: SOLUSDT
2026-03-19 21:46:21,064 - crypto_bot - INFO - [SCALP] 🔍 Scanning XRP/USDT:USDT
2026-03-19 21:46:21,278 - crypto_bot - INFO - [SCALP] ❌ No signal: XRPUSDT
2026-03-19 21:46:21,278 - crypto_bot - INFO - [SCALP] 🔍 Scanning XAUT/USDT:USDT
2026-03-19 21:46:21,507 - crypto_bot - INFO - [SCALP] ❌ No signal: XAUTUSDT
2026-03-19 21:46:21,507 - crypto_bot - INFO - [SCALP] 🔍 Scanning HYPE/USDT:USDT
2026-03-19 21:46:21,718 - crypto_bot - INFO - [SCALP] ❌ No signal: HYPEUSDT
2026-03-19 21:46:21,718 - crypto_bot - INFO - [SCALP] 🔍 Scanning DOGE/USDT:USDT
2026-03-19 21:46:21,931 - crypto_bot - INFO - [SCALP] ❌ No signal: DOGEUSDT
2026-03-19 21:46:21,931 - crypto_bot - INFO - [SCALP] 🔍 Scanning FARTCOIN/USDT:USDT
2026-03-19 21:46:22,158 - crypto_bot - INFO - [SCALP] ❌ No signal: FARTCOINUSDT
2026-03-19 21:46:22,158 - crypto_bot - INFO - [SCALP] 🔍 Scanning LYN/USDT:USDT
2026-03-19 21:46:22,371 - crypto_bot - INFO - [SCALP] ❌ No signal: LYNUSDT
2026-03-19 21:46:22,371 - crypto_bot - INFO - [SCALP] 🔍 Scanning RIVER/USDT:USDT
2026-03-19 21:46:22,598 - crypto_bot - INFO - [SCALP] ❌ No signal: RIVERUSDT
2026-03-19 21:46:22,598 - crypto_bot - INFO - [SCALP] 🔍 Scanning 1000PEPE/USDT:USDT
2026-03-19 21:46:22,811 - crypto_bot - INFO - [SCALP] ❌ No signal: 1000PEPEUSDT
2026-03-19 21:46:22,811 - crypto_bot - INFO - [SCALP] 🔍 Scanning TAO/USDT:USDT
2026-03-19 21:46:23,025 - crypto_bot - INFO - [SCALP] ❌ No signal: TAOUSDT
2026-03-19 21:46:23,025 - crypto_bot - INFO - [SCALP] 🔍 Scanning PIPPIN/USDT:USDT
2026-03-19 21:46:23,238 - crypto_bot - INFO - [SCALP] ❌ No signal: PIPPINUSDT
2026-03-19 21:46:23,238 - crypto_bot - INFO - [SCALP] 🔍 Scanning ZEC/USDT:USDT
2026-03-19 21:46:23,465 - crypto_bot - INFO - [SCALP] ❌ No signal: ZECUSDT
2026-03-19 21:46:23,465 - crypto_bot - INFO - [SCALP] 🔍 Scanning XAG/USDT:USDT
2026-03-19 21:46:23,691 - crypto_bot - INFO - [SCALP] ❌ No signal: XAGUSDT
2026-03-19 21:46:23,692 - crypto_bot - INFO - [SCALP] 🔍 Scanning BARD/USDT:USDT
2026-03-19 21:46:23,920 - crypto_bot - INFO - [SCALP] ❌ No signal: BARDUSDT
2026-03-19 21:46:23,920 - crypto_bot - INFO - [SCALP] 🔍 Scanning ADA/USDT:USDT
2026-03-19 21:46:24,138 - crypto_bot - INFO - [SCALP] ❌ No signal: ADAUSDT
2026-03-19 21:46:24,138 - crypto_bot - INFO - [SCALP] 🔍 Scanning SAHARA/USDT:USDT
2026-03-19 21:46:24,354 - crypto_bot - INFO - [SCALP] ❌ No signal: SAHARAUSDT
2026-03-19 21:46:24,354 - crypto_bot - INFO - [SCALP] 🔍 Scanning SUI/USDT:USDT
2026-03-19 21:46:24,572 - crypto_bot - INFO - [SCALP] ❌ No signal: SUIUSDT
2026-03-19 21:46:24,572 - crypto_bot - INFO - [SCALP] 🔍 Scanning PAXG/USDT:USDT
2026-03-19 21:46:24,785 - crypto_bot - INFO - [SCALP] ❌ No signal: PAXGUSDT
2026-03-19 21:46:24,785 - crypto_bot - INFO - [SCALP] 🔍 Scanning XAU/USDT:USDT
2026-03-19 21:46:25,053 - crypto_bot - INFO - [SCALP] ❌ No signal: XAUUSDT
2026-03-19 21:46:25,054 - crypto_bot - INFO - [SCALP] 🔍 Scanning LINK/USDT:USDT
2026-03-19 21:46:25,279 - crypto_bot - INFO - [SCALP] ❌ No signal: LINKUSDT
2026-03-19 21:46:25,279 - crypto_bot - INFO - [SCALP] 🔍 Scanning SIREN/USDT:USDT
2026-03-19 21:46:25,495 - crypto_bot - INFO - [SCALP] ❌ No signal: SIRENUSDT
2026-03-19 21:46:25,495 - crypto_bot - INFO - [SCALP] 🔍 Scanning TRUMP/USDT:USDT
2026-03-19 21:46:25,712 - crypto_bot - INFO - [SCALP] ❌ No signal: TRUMPUSDT
2026-03-19 21:46:25,712 - crypto_bot - INFO - [SCALP] 🔍 Scanning WLD/USDT:USDT
2026-03-19 21:46:25,929 - crypto_bot - INFO - [SCALP] ❌ No signal: WLDUSDT
2026-03-19 21:46:25,929 - crypto_bot - INFO - [SCALP] 🔍 Scanning NEAR/USDT:USDT
2026-03-19 21:46:26,146 - crypto_bot - INFO - [SCALP] ❌ No signal: NEARUSDT
2026-03-19 21:46:26,146 - crypto_bot - INFO - [SCALP] 🔍 Scanning BNB/USDT:USDT
2026-03-19 21:46:26,364 - crypto_bot - INFO - [SCALP] ❌ No signal: BNBUSDT
2026-03-19 21:46:26,365 - crypto_bot - INFO - [SCALP] 🔍 Scanning XAN/USDT:USDT
2026-03-19 21:46:26,581 - crypto_bot - INFO - [SCALP] ❌ No signal: XANUSDT
2026-03-19 21:46:26,581 - crypto_bot - INFO - [SCALP] 🔍 Scanning AAVE/USDT:USDT
2026-03-19 21:46:26,802 - crypto_bot - INFO - [SCALP] ❌ No signal: AAVEUSDT
2026-03-19 21:46:26,802 - crypto_bot - INFO - [SCALP] 🔍 Scanning ETHFI/USDT:USDT
2026-03-19 21:46:27,018 - crypto_bot - INFO - [SCALP] ❌ No signal: ETHFIUSDT
2026-03-19 21:46:27,018 - crypto_bot - INFO - [SCALP] 🔍 Scanning PIXEL/USDT:USDT
2026-03-19 21:46:27,233 - crypto_bot - INFO - [SCALP] ❌ No signal: PIXELUSDT
2026-03-19 21:46:27,233 - crypto_bot - INFO - [SCALP] 🔍 Scanning BAN/USDT:USDT
2026-03-19 21:46:27,453 - crypto_bot - INFO - [SCALP] ❌ No signal: BANUSDT
2026-03-19 21:46:27,453 - crypto_bot - INFO - [SCALP] 🔍 Scanning ENA/USDT:USDT
2026-03-19 21:46:27,671 - crypto_bot - INFO - [SCALP] ❌ No signal: ENAUSDT
2026-03-19 21:46:27,671 - crypto_bot - INFO - [SCALP] 🔍 Scanning WIF/USDT:USDT
2026-03-19 21:46:27,886 - crypto_bot - INFO - [SCALP] ❌ No signal: WIFUSDT
2026-03-19 21:46:27,886 - crypto_bot - INFO - [SCALP] 🔍 Scanning ASTER/USDT:USDT
2026-03-19 21:46:28,108 - crypto_bot - INFO - [SCALP] ❌ No signal: ASTERUSDT
2026-03-19 21:46:28,108 - crypto_bot - INFO - [SCALP] 🔍 Scanning DOT/USDT:USDT
2026-03-19 21:46:28,327 - crypto_bot - INFO - [SCALP] ❌ No signal: DOTUSDT
2026-03-19 21:46:28,327 - crypto_bot - INFO - [SCALP] 🔍 Scanning VIRTUAL/USDT:USDT
2026-03-19 21:46:28,547 - crypto_bot - INFO - [SCALP] ❌ No signal: VIRTUALUSDT
2026-03-19 21:46:28,547 - crypto_bot - INFO - [SCALP] 🔍 Scanning UAI/USDT:USDT
2026-03-19 21:46:28,776 - crypto_bot - INFO - [SCALP] ❌ No signal: UAIUSDT
2026-03-19 21:46:28,776 - crypto_bot - INFO - [SCALP] 🔍 Scanning AVAX/USDT:USDT
2026-03-19 21:46:28,997 - crypto_bot - INFO - [SCALP] ❌ No signal: AVAXUSDT
2026-03-19 21:46:28,998 - crypto_bot - INFO - [SCALP] 🔍 Scanning PUMPFUN/USDT:USDT
2026-03-19 21:46:29,219 - crypto_bot - INFO - [SCALP] ❌ No signal: PUMPFUNUSDT
2026-03-19 21:46:29,220 - crypto_bot - INFO - [SCALP] 🔍 Scanning LTC/USDT:USDT
2026-03-19 21:46:29,453 - crypto_bot - INFO - [SCALP] ❌ No signal: LTCUSDT
2026-03-19 21:46:29,454 - crypto_bot - INFO - [SCALP] 🔍 Scanning KITE/USDT:USDT
2026-03-19 21:46:29,667 - crypto_bot - INFO - [SCALP] ❌ No signal: KITEUSDT
2026-03-19 21:46:29,667 - crypto_bot - INFO - [SCALP] 🔍 Scanning GALA/USDT:USDT
2026-03-19 21:46:29,881 - crypto_bot - INFO - [SCALP] ❌ No signal: GALAUSDT
2026-03-19 21:46:29,881 - crypto_bot - INFO - [SCALP] 🔍 Scanning XPL/USDT:USDT
2026-03-19 21:46:30,094 - crypto_bot - INFO - [SCALP] ❌ No signal: XPLUSDT
2026-03-19 21:46:30,094 - crypto_bot - INFO - [SCALP] 📊 Total signals after scan: 0
2026-03-19 21:46:30,094 - crypto_bot - INFO - 📊 Signals found: 0
2026-03-19 21:46:30,094 - crypto_bot - INFO - ⏳ Sleeping for 300 seconds
2026-03-19 21:51:30,109 - crypto_bot - INFO - 🔍 Starting market scan for top-50 symbols...
2026-03-19 21:51:30,858 - crypto_bot - INFO - [SCALP] 📈 Top-50 symbols fetched: 50
2026-03-19 21:51:31,429 - crypto_bot - INFO - [SCALP] 🔥 Active symbols after filter: 43 / 50
2026-03-19 21:51:31,429 - crypto_bot - INFO - [SCALP] 🔍 Scanning BTC/USDT:USDT
2026-03-19 21:51:31,646 - crypto_bot - INFO - [SCALP] ❌ No signal: BTCUSDT
2026-03-19 21:51:31,646 - crypto_bot - INFO - [SCALP] 🔍 Scanning ETH/USDT:USDT
2026-03-19 21:51:31,877 - crypto_bot - INFO - [SCALP] ❌ No signal: ETHUSDT
2026-03-19 21:51:31,877 - crypto_bot - INFO - [SCALP] 🔍 Scanning SOL/USDT:USDT
2026-03-19 21:51:32,078 - crypto_bot - INFO - [SCALP] ❌ No signal: SOLUSDT
2026-03-19 21:51:32,078 - crypto_bot - INFO - [SCALP] 🔍 Scanning XRP/USDT:USDT
2026-03-19 21:51:32,308 - crypto_bot - INFO - [SCALP] ❌ No signal: XRPUSDT
2026-03-19 21:51:32,308 - crypto_bot - INFO - [SCALP] 🔍 Scanning XAUT/USDT:USDT
2026-03-19 21:51:32,532 - crypto_bot - INFO - [SCALP] ❌ No signal: XAUTUSDT
2026-03-19 21:51:32,535 - crypto_bot - INFO - [SCALP] 🔍 Scanning HYPE/USDT:USDT
2026-03-19 21:51:32,757 - crypto_bot - INFO - [SCALP] ❌ No signal: HYPEUSDT
2026-03-19 21:51:32,757 - crypto_bot - INFO - [SCALP] 🔍 Scanning DOGE/USDT:USDT
2026-03-19 21:51:32,973 - crypto_bot - INFO - [SCALP] ❌ No signal: DOGEUSDT
2026-03-19 21:51:32,973 - crypto_bot - INFO - [SCALP] 🔍 Scanning FARTCOIN/USDT:USDT
2026-03-19 21:51:33,196 - crypto_bot - INFO - [SCALP] ❌ No signal: FARTCOINUSDT
2026-03-19 21:51:33,196 - crypto_bot - INFO - [SCALP] 🔍 Scanning LYN/USDT:USDT
2026-03-19 21:51:33,417 - crypto_bot - INFO - [SCALP] ❌ No signal: LYNUSDT
2026-03-19 21:51:33,417 - crypto_bot - INFO - [SCALP] 🔍 Scanning RIVER/USDT:USDT
2026-03-19 21:51:33,640 - crypto_bot - INFO - [SCALP] ❌ No signal: RIVERUSDT
2026-03-19 21:51:33,640 - crypto_bot - INFO - [SCALP] 🔍 Scanning 1000PEPE/USDT:USDT
2026-03-19 21:51:33,854 - crypto_bot - INFO - [SCALP] ❌ No signal: 1000PEPEUSDT
2026-03-19 21:51:33,854 - crypto_bot - INFO - [SCALP] 🔍 Scanning TAO/USDT:USDT
2026-03-19 21:51:34,477 - crypto_bot - INFO - [SCALP] ❌ No signal: TAOUSDT
2026-03-19 21:51:34,477 - crypto_bot - INFO - [SCALP] 🔍 Scanning ZEC/USDT:USDT
2026-03-19 21:51:35,037 - crypto_bot - INFO - [SCALP] ❌ No signal: ZECUSDT
2026-03-19 21:51:35,037 - crypto_bot - INFO - [SCALP] 🔍 Scanning XAG/USDT:USDT
2026-03-19 21:51:35,253 - crypto_bot - INFO - [SCALP] ❌ No signal: XAGUSDT
2026-03-19 21:51:35,253 - crypto_bot - INFO - [SCALP] 🔍 Scanning BARD/USDT:USDT
2026-03-19 21:51:35,471 - crypto_bot - INFO - [SCALP] ❌ No signal: BARDUSDT
2026-03-19 21:51:35,471 - crypto_bot - INFO - [SCALP] 🔍 Scanning ADA/USDT:USDT
2026-03-19 21:51:35,673 - crypto_bot - INFO - [SCALP] ❌ No signal: ADAUSDT
2026-03-19 21:51:35,673 - crypto_bot - INFO - [SCALP] 🔍 Scanning SAHARA/USDT:USDT
2026-03-19 21:51:35,912 - crypto_bot - INFO - [SCALP] ❌ No signal: SAHARAUSDT
2026-03-19 21:51:35,913 - crypto_bot - INFO - [SCALP] 🔍 Scanning SUI/USDT:USDT
2026-03-19 21:51:36,131 - crypto_bot - INFO - [SCALP] ❌ No signal: SUIUSDT
2026-03-19 21:51:36,131 - crypto_bot - INFO - [SCALP] 🔍 Scanning PAXG/USDT:USDT
2026-03-19 21:51:36,347 - crypto_bot - INFO - [SCALP] ❌ No signal: PAXGUSDT
2026-03-19 21:51:36,347 - crypto_bot - INFO - [SCALP] 🔍 Scanning XAU/USDT:USDT
2026-03-19 21:51:36,564 - crypto_bot - INFO - [SCALP] ❌ No signal: XAUUSDT
2026-03-19 21:51:36,565 - crypto_bot - INFO - [SCALP] 🔍 Scanning LINK/USDT:USDT
2026-03-19 21:51:36,799 - crypto_bot - INFO - [SCALP] ❌ No signal: LINKUSDT
2026-03-19 21:51:36,799 - crypto_bot - INFO - [SCALP] 🔍 Scanning SIREN/USDT:USDT
2026-03-19 21:51:37,020 - crypto_bot - INFO - [SCALP] ❌ No signal: SIRENUSDT
2026-03-19 21:51:37,020 - crypto_bot - INFO - [SCALP] 🔍 Scanning TRUMP/USDT:USDT
2026-03-19 21:51:37,236 - crypto_bot - INFO - [SCALP] ❌ No signal: TRUMPUSDT
2026-03-19 21:51:37,236 - crypto_bot - INFO - [SCALP] 🔍 Scanning WLD/USDT:USDT
2026-03-19 21:51:37,795 - crypto_bot - INFO - [SCALP] ❌ No signal: WLDUSDT
2026-03-19 21:51:37,795 - crypto_bot - INFO - [SCALP] 🔍 Scanning NEAR/USDT:USDT
2026-03-19 21:51:38,356 - crypto_bot - INFO - [SCALP] ❌ No signal: NEARUSDT
2026-03-19 21:51:38,356 - crypto_bot - INFO - [SCALP] 🔍 Scanning BNB/USDT:USDT
2026-03-19 21:51:38,585 - crypto_bot - INFO - [SCALP] ❌ No signal: BNBUSDT
2026-03-19 21:51:38,586 - crypto_bot - INFO - [SCALP] 🔍 Scanning XAN/USDT:USDT
2026-03-19 21:51:38,804 - crypto_bot - INFO - [SCALP] ❌ No signal: XANUSDT
2026-03-19 21:51:38,805 - crypto_bot - INFO - [SCALP] 🔍 Scanning AAVE/USDT:USDT
2026-03-19 21:51:39,369 - crypto_bot - INFO - [SCALP] ❌ No signal: AAVEUSDT
2026-03-19 21:51:39,370 - crypto_bot - INFO - [SCALP] 🔍 Scanning ETHFI/USDT:USDT
2026-03-19 21:51:39,914 - crypto_bot - INFO - [SCALP] ❌ No signal: ETHFIUSDT
2026-03-19 21:51:39,914 - crypto_bot - INFO - [SCALP] 🔍 Scanning PIXEL/USDT:USDT
2026-03-19 21:51:40,131 - crypto_bot - INFO - [SCALP] ❌ No signal: PIXELUSDT
2026-03-19 21:51:40,131 - crypto_bot - INFO - [SCALP] 🔍 Scanning BAN/USDT:USDT
2026-03-19 21:51:40,355 - crypto_bot - INFO - [SCALP] ❌ No signal: BANUSDT
2026-03-19 21:51:40,355 - crypto_bot - INFO - [SCALP] 🔍 Scanning ENA/USDT:USDT
2026-03-19 21:51:40,571 - crypto_bot - INFO - [SCALP] ❌ No signal: ENAUSDT
2026-03-19 21:51:40,571 - crypto_bot - INFO - [SCALP] 🔍 Scanning WIF/USDT:USDT
2026-03-19 21:51:40,786 - crypto_bot - INFO - [SCALP] ❌ No signal: WIFUSDT
2026-03-19 21:51:40,786 - crypto_bot - INFO - [SCALP] 🔍 Scanning ASTER/USDT:USDT
2026-03-19 21:51:40,999 - crypto_bot - INFO - [SCALP] ❌ No signal: ASTERUSDT
2026-03-19 21:51:40,999 - crypto_bot - INFO - [SCALP] 🔍 Scanning DOT/USDT:USDT
2026-03-19 21:51:41,216 - crypto_bot - INFO - [SCALP] ❌ No signal: DOTUSDT
2026-03-19 21:51:41,216 - crypto_bot - INFO - [SCALP] 🔍 Scanning VIRTUAL/USDT:USDT
2026-03-19 21:51:41,436 - crypto_bot - INFO - [SCALP] ❌ No signal: VIRTUALUSDT
2026-03-19 21:51:41,437 - crypto_bot - INFO - [SCALP] 🔍 Scanning UAI/USDT:USDT
2026-03-19 21:51:41,663 - crypto_bot - INFO - [SCALP] ❌ No signal: UAIUSDT
2026-03-19 21:51:41,664 - crypto_bot - INFO - [SCALP] 🔍 Scanning AVAX/USDT:USDT
2026-03-19 21:51:41,911 - crypto_bot - INFO - [SCALP] ❌ No signal: AVAXUSDT
2026-03-19 21:51:41,911 - crypto_bot - INFO - [SCALP] 🔍 Scanning PUMPFUN/USDT:USDT
2026-03-19 21:51:42,134 - crypto_bot - INFO - [SCALP] ❌ No signal: PUMPFUNUSDT
2026-03-19 21:51:42,134 - crypto_bot - INFO - [SCALP] 🔍 Scanning LTC/USDT:USDT
2026-03-19 21:51:42,466 - crypto_bot - INFO - [SCALP] ❌ No signal: LTCUSDT
2026-03-19 21:51:42,466 - crypto_bot - INFO - [SCALP] 🔍 Scanning KITE/USDT:USDT
2026-03-19 21:51:42,695 - crypto_bot - INFO - [SCALP] ❌ No signal: KITEUSDT
2026-03-19 21:51:42,695 - crypto_bot - INFO - [SCALP] 🔍 Scanning GALA/USDT:USDT
2026-03-19 21:51:42,924 - crypto_bot - INFO - [SCALP] ❌ No signal: GALAUSDT
2026-03-19 21:51:42,924 - crypto_bot - INFO - [SCALP] 🔍 Scanning XPL/USDT:USDT
2026-03-19 21:51:43,134 - crypto_bot - INFO - [SCALP] ❌ No signal: XPLUSDT
2026-03-19 21:51:43,134 - crypto_bot - INFO - [SCALP] 📊 Total signals after scan: 0
2026-03-19 21:51:43,134 - crypto_bot - INFO - 📊 Signals found: 0
2026-03-19 21:51:43,134 - crypto_bot - INFO - ⏳ Sleeping for 300 seconds
2026-03-19 21:56:43,136 - crypto_bot - INFO - 🔍 Starting market scan for top-50 symbols...
2026-03-19 21:56:43,969 - crypto_bot - INFO - [SCALP] 📈 Top-50 symbols fetched: 50
2026-03-19 21:56:44,687 - crypto_bot - INFO - [SCALP] 🔥 Active symbols after filter: 42 / 50
2026-03-19 21:56:44,687 - crypto_bot - INFO - [SCALP] 🔍 Scanning BTC/USDT:USDT
2026-03-19 21:56:44,900 - crypto_bot - INFO - [SCALP] ❌ No signal: BTCUSDT
2026-03-19 21:56:44,900 - crypto_bot - INFO - [SCALP] 🔍 Scanning ETH/USDT:USDT
2026-03-19 21:56:45,109 - crypto_bot - INFO - [SCALP] ❌ No signal: ETHUSDT
2026-03-19 21:56:45,109 - crypto_bot - INFO - [SCALP] 🔍 Scanning SOL/USDT:USDT
2026-03-19 21:56:45,343 - crypto_bot - INFO - [SCALP] ❌ No signal: SOLUSDT
2026-03-19 21:56:45,343 - crypto_bot - INFO - [SCALP] 🔍 Scanning XRP/USDT:USDT
2026-03-19 21:56:45,570 - crypto_bot - INFO - [SCALP] ❌ No signal: XRPUSDT
2026-03-19 21:56:45,571 - crypto_bot - INFO - [SCALP] 🔍 Scanning XAUT/USDT:USDT
2026-03-19 21:56:45,775 - crypto_bot - INFO - [SCALP] ❌ No signal: XAUTUSDT
2026-03-19 21:56:45,775 - crypto_bot - INFO - [SCALP] 🔍 Scanning HYPE/USDT:USDT
2026-03-19 21:56:45,997 - crypto_bot - INFO - [SCALP] ❌ No signal: HYPEUSDT
2026-03-19 21:56:45,997 - crypto_bot - INFO - [SCALP] 🔍 Scanning DOGE/USDT:USDT
2026-03-19 21:56:46,208 - crypto_bot - INFO - [SCALP] ❌ No signal: DOGEUSDT
2026-03-19 21:56:46,208 - crypto_bot - INFO - [SCALP] 🔍 Scanning FARTCOIN/USDT:USDT
2026-03-19 21:56:46,754 - crypto_bot - INFO - [SCALP] ❌ No signal: FARTCOINUSDT
2026-03-19 21:56:46,754 - crypto_bot - INFO - [SCALP] 🔍 Scanning LYN/USDT:USDT
2026-03-19 21:56:46,971 - crypto_bot - INFO - [SCALP] ❌ No signal: LYNUSDT
2026-03-19 21:56:46,972 - crypto_bot - INFO - [SCALP] 🔍 Scanning RIVER/USDT:USDT
2026-03-19 21:56:47,179 - crypto_bot - INFO - [SCALP] ❌ No signal: RIVERUSDT
2026-03-19 21:56:47,179 - crypto_bot - INFO - [SCALP] 🔍 Scanning 1000PEPE/USDT:USDT
2026-03-19 21:56:47,404 - crypto_bot - INFO - [SCALP] ❌ No signal: 1000PEPEUSDT
2026-03-19 21:56:47,404 - crypto_bot - INFO - [SCALP] 🔍 Scanning TAO/USDT:USDT
2026-03-19 21:56:47,620 - crypto_bot - INFO - [SCALP] ❌ No signal: TAOUSDT
2026-03-19 21:56:47,620 - crypto_bot - INFO - [SCALP] 🔍 Scanning PIPPIN/USDT:USDT
2026-03-19 21:56:47,832 - crypto_bot - INFO - [SCALP] ❌ No signal: PIPPINUSDT
2026-03-19 21:56:47,832 - crypto_bot - INFO - [SCALP] 🔍 Scanning ZEC/USDT:USDT
2026-03-19 21:56:48,060 - crypto_bot - INFO - [SCALP] ❌ No signal: ZECUSDT
2026-03-19 21:56:48,060 - crypto_bot - INFO - [SCALP] 🔍 Scanning XAG/USDT:USDT
2026-03-19 21:56:48,283 - crypto_bot - INFO - [SCALP] ❌ No signal: XAGUSDT
2026-03-19 21:56:48,283 - crypto_bot - INFO - [SCALP] 🔍 Scanning BARD/USDT:USDT
2026-03-19 21:56:48,503 - crypto_bot - INFO - [SCALP] ❌ No signal: BARDUSDT
2026-03-19 21:56:48,503 - crypto_bot - INFO - [SCALP] 🔍 Scanning ADA/USDT:USDT
2026-03-19 21:56:48,709 - crypto_bot - INFO - [SCALP] ❌ No signal: ADAUSDT
2026-03-19 21:56:48,709 - crypto_bot - INFO - [SCALP] 🔍 Scanning SAHARA/USDT:USDT
2026-03-19 21:56:48,923 - crypto_bot - INFO - [SCALP] ❌ No signal: SAHARAUSDT
2026-03-19 21:56:48,937 - crypto_bot - INFO - [SCALP] 🔍 Scanning SUI/USDT:USDT
2026-03-19 21:56:49,137 - crypto_bot - INFO - [SCALP] ❌ No signal: SUIUSDT
2026-03-19 21:56:49,137 - crypto_bot - INFO - [SCALP] 🔍 Scanning ENJ/USDT:USDT
2026-03-19 21:56:49,366 - crypto_bot - INFO - [SCALP] ❌ No signal: ENJUSDT
2026-03-19 21:56:49,366 - crypto_bot - INFO - [SCALP] 🔍 Scanning PAXG/USDT:USDT
2026-03-19 21:56:49,581 - crypto_bot - INFO - [SCALP] ❌ No signal: PAXGUSDT
2026-03-19 21:56:49,581 - crypto_bot - INFO - [SCALP] 🔍 Scanning XAU/USDT:USDT
2026-03-19 21:56:49,800 - crypto_bot - INFO - [SCALP] ❌ No signal: XAUUSDT
2026-03-19 21:56:49,800 - crypto_bot - INFO - [SCALP] 🔍 Scanning LINK/USDT:USDT
2026-03-19 21:56:50,008 - crypto_bot - INFO - [SCALP] ❌ No signal: LINKUSDT
2026-03-19 21:56:50,008 - crypto_bot - INFO - [SCALP] 🔍 Scanning SIREN/USDT:USDT
2026-03-19 21:56:50,247 - crypto_bot - INFO - [SCALP] ❌ No signal: SIRENUSDT
2026-03-19 21:56:50,247 - crypto_bot - INFO - [SCALP] 🔍 Scanning TRUMP/USDT:USDT
2026-03-19 21:56:50,470 - crypto_bot - INFO - [SCALP] ❌ No signal: TRUMPUSDT
2026-03-19 21:56:50,470 - crypto_bot - INFO - [SCALP] 🔍 Scanning WLD/USDT:USDT
2026-03-19 21:56:50,682 - crypto_bot - INFO - [SCALP] ❌ No signal: WLDUSDT
2026-03-19 21:56:50,682 - crypto_bot - INFO - [SCALP] 🔍 Scanning NEAR/USDT:USDT
2026-03-19 21:56:50,893 - crypto_bot - INFO - [SCALP] ❌ No signal: NEARUSDT
2026-03-19 21:56:50,893 - crypto_bot - INFO - [SCALP] 🔍 Scanning BNB/USDT:USDT
2026-03-19 21:56:51,087 - crypto_bot - INFO - [SCALP] ❌ No signal: BNBUSDT
2026-03-19 21:56:51,087 - crypto_bot - INFO - [SCALP] 🔍 Scanning XAN/USDT:USDT
2026-03-19 21:56:51,310 - crypto_bot - INFO - [SCALP] ❌ No signal: XANUSDT
2026-03-19 21:56:51,310 - crypto_bot - INFO - [SCALP] 🔍 Scanning AAVE/USDT:USDT
2026-03-19 21:56:51,524 - crypto_bot - INFO - [SCALP] ❌ No signal: AAVEUSDT
2026-03-19 21:56:51,524 - crypto_bot - INFO - [SCALP] 🔍 Scanning ETHFI/USDT:USDT
2026-03-19 21:56:51,741 - crypto_bot - INFO - [SCALP] ❌ No signal: ETHFIUSDT
2026-03-19 21:56:51,742 - crypto_bot - INFO - [SCALP] 🔍 Scanning PIXEL/USDT:USDT
2026-03-19 21:56:51,939 - crypto_bot - INFO - [SCALP] ❌ No signal: PIXELUSDT
2026-03-19 21:56:51,939 - crypto_bot - INFO - [SCALP] 🔍 Scanning BAN/USDT:USDT
2026-03-19 21:56:52,163 - crypto_bot - INFO - [SCALP] ❌ No signal: BANUSDT
2026-03-19 21:56:52,163 - crypto_bot - INFO - [SCALP] 🔍 Scanning ENA/USDT:USDT
2026-03-19 21:56:52,371 - crypto_bot - INFO - [SCALP] ❌ No signal: ENAUSDT
2026-03-19 21:56:52,372 - crypto_bot - INFO - [SCALP] 🔍 Scanning WIF/USDT:USDT
2026-03-19 21:56:52,590 - crypto_bot - INFO - [SCALP] ❌ No signal: WIFUSDT
2026-03-19 21:56:52,590 - crypto_bot - INFO - [SCALP] 🔍 Scanning DOT/USDT:USDT
2026-03-19 21:56:52,798 - crypto_bot - INFO - [SCALP] ❌ No signal: DOTUSDT
2026-03-19 21:56:52,799 - crypto_bot - INFO - [SCALP] 🔍 Scanning UAI/USDT:USDT
2026-03-19 21:56:53,006 - crypto_bot - INFO - [SCALP] ❌ No signal: UAIUSDT
2026-03-19 21:56:53,006 - crypto_bot - INFO - [SCALP] 🔍 Scanning VIRTUAL/USDT:USDT
2026-03-19 21:56:53,212 - crypto_bot - INFO - [SCALP] ❌ No signal: VIRTUALUSDT
2026-03-19 21:56:53,213 - crypto_bot - INFO - [SCALP] 🔍 Scanning AVAX/USDT:USDT
2026-03-19 21:56:53,445 - crypto_bot - INFO - [SCALP] ❌ No signal: AVAXUSDT
2026-03-19 21:56:53,445 - crypto_bot - INFO - [SCALP] 🔍 Scanning PUMPFUN/USDT:USDT
2026-03-19 21:56:53,663 - crypto_bot - INFO - [SCALP] ❌ No signal: PUMPFUNUSDT
2026-03-19 21:56:53,663 - crypto_bot - INFO - [SCALP] 🔍 Scanning KITE/USDT:USDT
2026-03-19 21:56:53,887 - crypto_bot - INFO - [SCALP] ❌ No signal: KITEUSDT
2026-03-19 21:56:53,887 - crypto_bot - INFO - [SCALP] 🔍 Scanning GALA/USDT:USDT
2026-03-19 21:56:54,096 - crypto_bot - INFO - [SCALP] ❌ No signal: GALAUSDT
2026-03-19 21:56:54,097 - crypto_bot - INFO - [SCALP] 📊 Total signals after scan: 0
2026-03-19 21:56:54,098 - crypto_bot - INFO - 📊 Signals found: 0
2026-03-19 21:56:54,098 - crypto_bot - INFO - ⏳ Sleeping for 300 seconds
2026-03-19 21:57:07,380 - crypto_bot - INFO - 🛑 Остановка по KeyboardInterrupt
2026-03-19 21:57:17,493 - crypto_bot - INFO - 🚀 Starting bot...
2026-03-19 21:57:17,493 - crypto_bot - WARNING - TELEGRAM_TOKEN не задан — бот запустится в режиме scanner + GUI без Telegram polling
2026-03-19 21:57:17,493 - crypto_bot - INFO - [SCALP] scanner initialized | mode=SCALPING | timeframe=30m | candle_limit=120 | execution_tfs=30m, 15m
2026-03-19 21:57:17,534 - crypto_bot - INFO - 🖥️ Signal GUI thread started
2026-03-19 21:57:17,534 - crypto_bot - INFO - ✅ Telegram отключён: инициализированы scanner + GUI режим
2026-03-19 21:57:17,535 - crypto_bot - INFO - 📡 Starting polling...
2026-03-19 21:57:17,535 - crypto_bot - INFO - 📡 Telegram polling disabled, running standalone scan loop
2026-03-19 21:57:17,537 - crypto_bot - INFO - 🚀 SCAN LOOP STARTED
2026-03-19 21:57:17,537 - crypto_bot - INFO - 🔍 Starting market scan for top-50 symbols...
2026-03-19 21:57:22,862 - crypto_bot - INFO - [SCALP] 📈 Top-50 symbols fetched: 50
2026-03-19 21:57:27,751 - crypto_bot - INFO - [SCALP] 🔥 Active symbols after filter: 41 / 50
2026-03-19 21:57:27,751 - crypto_bot - INFO - [SCALP] 🔍 Scanning BTC/USDT:USDT
2026-03-19 21:57:28,285 - crypto_bot - INFO - [SCALP] ❌ No signal: BTCUSDT
2026-03-19 21:57:28,285 - crypto_bot - INFO - [SCALP] 🔍 Scanning ETH/USDT:USDT
2026-03-19 21:57:28,490 - crypto_bot - INFO - [SCALP] ❌ No signal: ETHUSDT
2026-03-19 21:57:28,490 - crypto_bot - INFO - [SCALP] 🔍 Scanning SOL/USDT:USDT
2026-03-19 21:57:28,731 - crypto_bot - INFO - [SCALP] ❌ No signal: SOLUSDT
2026-03-19 21:57:28,731 - crypto_bot - INFO - [SCALP] 🔍 Scanning XAUT/USDT:USDT
2026-03-19 21:57:28,949 - crypto_bot - INFO - [SCALP] ❌ No signal: XAUTUSDT
2026-03-19 21:57:28,950 - crypto_bot - INFO - [SCALP] 🔍 Scanning HYPE/USDT:USDT
2026-03-19 21:57:29,166 - crypto_bot - INFO - [SCALP] ❌ No signal: HYPEUSDT
2026-03-19 21:57:29,166 - crypto_bot - INFO - [SCALP] 🔍 Scanning DOGE/USDT:USDT
2026-03-19 21:57:29,398 - crypto_bot - INFO - [SCALP] ❌ No signal: DOGEUSDT
2026-03-19 21:57:29,398 - crypto_bot - INFO - [SCALP] 🔍 Scanning FARTCOIN/USDT:USDT
2026-03-19 21:57:29,606 - crypto_bot - INFO - [SCALP] ❌ No signal: FARTCOINUSDT
2026-03-19 21:57:29,606 - crypto_bot - INFO - [SCALP] 🔍 Scanning LYN/USDT:USDT
2026-03-19 21:57:29,815 - crypto_bot - INFO - [SCALP] ❌ No signal: LYNUSDT
2026-03-19 21:57:29,815 - crypto_bot - INFO - [SCALP] 🔍 Scanning RIVER/USDT:USDT
2026-03-19 21:57:30,029 - crypto_bot - INFO - [SCALP] ❌ No signal: RIVERUSDT
2026-03-19 21:57:30,029 - crypto_bot - INFO - [SCALP] 🔍 Scanning 1000PEPE/USDT:USDT
2026-03-19 21:57:30,256 - crypto_bot - INFO - [SCALP] ❌ No signal: 1000PEPEUSDT
2026-03-19 21:57:30,256 - crypto_bot - INFO - [SCALP] 🔍 Scanning TAO/USDT:USDT
2026-03-19 21:57:30,463 - crypto_bot - INFO - [SCALP] ❌ No signal: TAOUSDT
2026-03-19 21:57:30,463 - crypto_bot - INFO - [SCALP] 🔍 Scanning PIPPIN/USDT:USDT
2026-03-19 21:57:30,675 - crypto_bot - INFO - [SCALP] ❌ No signal: PIPPINUSDT
2026-03-19 21:57:30,675 - crypto_bot - INFO - [SCALP] 🔍 Scanning ZEC/USDT:USDT
2026-03-19 21:57:30,912 - crypto_bot - INFO - [SCALP] ❌ No signal: ZECUSDT
2026-03-19 21:57:30,913 - crypto_bot - INFO - [SCALP] 🔍 Scanning XAG/USDT:USDT
2026-03-19 21:57:31,439 - crypto_bot - INFO - [SCALP] ❌ No signal: XAGUSDT
2026-03-19 21:57:31,440 - crypto_bot - INFO - [SCALP] 🔍 Scanning BARD/USDT:USDT
2026-03-19 21:57:31,643 - crypto_bot - INFO - [SCALP] ❌ No signal: BARDUSDT
2026-03-19 21:57:31,643 - crypto_bot - INFO - [SCALP] 🔍 Scanning ADA/USDT:USDT
2026-03-19 21:57:31,855 - crypto_bot - INFO - [SCALP] ❌ No signal: ADAUSDT
2026-03-19 21:57:31,856 - crypto_bot - INFO - [SCALP] 🔍 Scanning SAHARA/USDT:USDT
2026-03-19 21:57:32,061 - crypto_bot - INFO - [SCALP] ❌ No signal: SAHARAUSDT
2026-03-19 21:57:32,061 - crypto_bot - INFO - [SCALP] 🔍 Scanning SUI/USDT:USDT
2026-03-19 21:57:32,254 - crypto_bot - INFO - [SCALP] ❌ No signal: SUIUSDT
2026-03-19 21:57:32,254 - crypto_bot - INFO - [SCALP] 🔍 Scanning ENJ/USDT:USDT
2026-03-19 21:57:32,486 - crypto_bot - INFO - [SCALP] ❌ No signal: ENJUSDT
2026-03-19 21:57:32,486 - crypto_bot - INFO - [SCALP] 🔍 Scanning PAXG/USDT:USDT
2026-03-19 21:57:32,722 - crypto_bot - INFO - [SCALP] ❌ No signal: PAXGUSDT
2026-03-19 21:57:32,722 - crypto_bot - INFO - [SCALP] 🔍 Scanning XAU/USDT:USDT
2026-03-19 21:57:32,942 - crypto_bot - INFO - [SCALP] ❌ No signal: XAUUSDT
2026-03-19 21:57:32,943 - crypto_bot - INFO - [SCALP] 🔍 Scanning LINK/USDT:USDT
2026-03-19 21:57:33,140 - crypto_bot - INFO - [SCALP] ❌ No signal: LINKUSDT
2026-03-19 21:57:33,140 - crypto_bot - INFO - [SCALP] 🔍 Scanning SIREN/USDT:USDT
2026-03-19 21:57:33,363 - crypto_bot - INFO - [SCALP] ❌ No signal: SIRENUSDT
2026-03-19 21:57:33,363 - crypto_bot - INFO - [SCALP] 🔍 Scanning TRUMP/USDT:USDT
2026-03-19 21:57:33,577 - crypto_bot - INFO - [SCALP] ❌ No signal: TRUMPUSDT
2026-03-19 21:57:33,577 - crypto_bot - INFO - [SCALP] 🔍 Scanning WLD/USDT:USDT
2026-03-19 21:57:33,784 - crypto_bot - INFO - [SCALP] ❌ No signal: WLDUSDT
2026-03-19 21:57:33,784 - crypto_bot - INFO - [SCALP] 🔍 Scanning NEAR/USDT:USDT
2026-03-19 21:57:33,987 - crypto_bot - INFO - [SCALP] ❌ No signal: NEARUSDT
2026-03-19 21:57:33,987 - crypto_bot - INFO - [SCALP] 🔍 Scanning BNB/USDT:USDT
2026-03-19 21:57:34,205 - crypto_bot - INFO - [SCALP] ❌ No signal: BNBUSDT
2026-03-19 21:57:34,205 - crypto_bot - INFO - [SCALP] 🔍 Scanning XAN/USDT:USDT
2026-03-19 21:57:34,412 - crypto_bot - INFO - [SCALP] ❌ No signal: XANUSDT
2026-03-19 21:57:34,412 - crypto_bot - INFO - [SCALP] 🔍 Scanning AAVE/USDT:USDT
2026-03-19 21:57:34,611 - crypto_bot - INFO - [SCALP] ❌ No signal: AAVEUSDT
2026-03-19 21:57:34,611 - crypto_bot - INFO - [SCALP] 🔍 Scanning ETHFI/USDT:USDT
2026-03-19 21:57:34,827 - crypto_bot - INFO - [SCALP] ❌ No signal: ETHFIUSDT
2026-03-19 21:57:34,827 - crypto_bot - INFO - [SCALP] 🔍 Scanning PIXEL/USDT:USDT
2026-03-19 21:57:35,035 - crypto_bot - INFO - [SCALP] ❌ No signal: PIXELUSDT
2026-03-19 21:57:35,035 - crypto_bot - INFO - [SCALP] 🔍 Scanning BAN/USDT:USDT
2026-03-19 21:57:35,259 - crypto_bot - INFO - [SCALP] ❌ No signal: BANUSDT
2026-03-19 21:57:35,259 - crypto_bot - INFO - [SCALP] 🔍 Scanning WIF/USDT:USDT
2026-03-19 21:57:35,464 - crypto_bot - INFO - [SCALP] ❌ No signal: WIFUSDT
2026-03-19 21:57:35,464 - crypto_bot - INFO - [SCALP] 🔍 Scanning ENA/USDT:USDT
2026-03-19 21:57:35,675 - crypto_bot - INFO - [SCALP] ❌ No signal: ENAUSDT
2026-03-19 21:57:35,675 - crypto_bot - INFO - [SCALP] 🔍 Scanning DOT/USDT:USDT
2026-03-19 21:57:35,890 - crypto_bot - INFO - [SCALP] ❌ No signal: DOTUSDT
2026-03-19 21:57:35,890 - crypto_bot - INFO - [SCALP] 🔍 Scanning UAI/USDT:USDT
2026-03-19 21:57:36,091 - crypto_bot - INFO - [SCALP] ❌ No signal: UAIUSDT
2026-03-19 21:57:36,091 - crypto_bot - INFO - [SCALP] 🔍 Scanning VIRTUAL/USDT:USDT
2026-03-19 21:57:36,291 - crypto_bot - INFO - [SCALP] ❌ No signal: VIRTUALUSDT
2026-03-19 21:57:36,291 - crypto_bot - INFO - [SCALP] 🔍 Scanning AVAX/USDT:USDT
2026-03-19 21:57:36,518 - crypto_bot - INFO - [SCALP] ❌ No signal: AVAXUSDT
2026-03-19 21:57:36,518 - crypto_bot - INFO - [SCALP] 🔍 Scanning PUMPFUN/USDT:USDT
2026-03-19 21:57:36,742 - crypto_bot - INFO - [SCALP] ❌ No signal: PUMPFUNUSDT
2026-03-19 21:57:36,742 - crypto_bot - INFO - [SCALP] 🔍 Scanning KITE/USDT:USDT
2026-03-19 21:57:36,960 - crypto_bot - INFO - [SCALP] ❌ No signal: KITEUSDT
2026-03-19 21:57:36,960 - crypto_bot - INFO - [SCALP] 🔍 Scanning GALA/USDT:USDT
2026-03-19 21:57:37,186 - crypto_bot - INFO - [SCALP] ❌ No signal: GALAUSDT
2026-03-19 21:57:37,186 - crypto_bot - INFO - [SCALP] 📊 Total signals after scan: 0
2026-03-19 21:57:37,186 - crypto_bot - INFO - 📊 Signals found: 0
2026-03-19 21:57:37,186 - crypto_bot - INFO - ⏳ Sleeping for 300 seconds
2026-03-19 21:57:43,449 - crypto_bot - INFO - 🛑 Остановка по KeyboardInterrupt
2026-03-19 22:00:26,041 - crypto_bot - INFO - 🚀 Starting bot...
2026-03-19 22:00:26,041 - crypto_bot - WARNING - TELEGRAM_TOKEN не задан — бот запустится в режиме scanner + GUI без Telegram polling
2026-03-19 22:00:26,041 - crypto_bot - INFO - [LIGHT] scanner initialized | mode=LIGHT | timeframe=30m | candle_limit=220 | execution_tfs=30m, 1h
2026-03-19 22:00:26,074 - crypto_bot - INFO - 🖥️ Signal GUI thread started
2026-03-19 22:00:26,074 - crypto_bot - INFO - ✅ Telegram отключён: инициализированы scanner + GUI режим
2026-03-19 22:00:26,074 - crypto_bot - INFO - 📡 Starting polling...
2026-03-19 22:00:26,074 - crypto_bot - INFO - 📡 Telegram polling disabled, running standalone scan loop
2026-03-19 22:00:26,074 - crypto_bot - INFO - 🚀 SCAN LOOP STARTED
2026-03-19 22:00:26,074 - crypto_bot - INFO - 🔍 Starting market scan for top-50 symbols...
2026-03-19 22:00:29,635 - crypto_bot - INFO - [LIGHT] 📈 Top-50 symbols fetched: 50
2026-03-19 22:00:35,150 - crypto_bot - INFO - [LIGHT] 🔥 Active symbols after filter: 40 / 50
2026-03-19 22:00:35,150 - crypto_bot - INFO - [LIGHT] 🔍 Scanning BTC/USDT:USDT
2026-03-19 22:00:35,382 - crypto_bot - INFO - [LIGHT] ❌ No signal: BTCUSDT
2026-03-19 22:00:35,382 - crypto_bot - INFO - [LIGHT] 🔍 Scanning ETH/USDT:USDT
2026-03-19 22:00:35,605 - crypto_bot - INFO - [LIGHT] ❌ No signal: ETHUSDT
2026-03-19 22:00:35,605 - crypto_bot - INFO - [LIGHT] 🔍 Scanning SOL/USDT:USDT
2026-03-19 22:00:35,832 - crypto_bot - INFO - [LIGHT] ❌ No signal: SOLUSDT
2026-03-19 22:00:35,832 - crypto_bot - INFO - [LIGHT] 🔍 Scanning XRP/USDT:USDT
2026-03-19 22:00:36,044 - crypto_bot - INFO - [LIGHT] ❌ No signal: XRPUSDT
2026-03-19 22:00:36,044 - crypto_bot - INFO - [LIGHT] 🔍 Scanning XAUT/USDT:USDT
2026-03-19 22:00:36,246 - crypto_bot - INFO - [LIGHT] ❌ No signal: XAUTUSDT
2026-03-19 22:00:36,246 - crypto_bot - INFO - [LIGHT] 🔍 Scanning HYPE/USDT:USDT
2026-03-19 22:00:36,937 - crypto_bot - INFO - [LIGHT] ❌ No signal: HYPEUSDT
2026-03-19 22:00:36,937 - crypto_bot - INFO - [LIGHT] 🔍 Scanning DOGE/USDT:USDT
2026-03-19 22:00:37,137 - crypto_bot - INFO - [LIGHT] ❌ No signal: DOGEUSDT
2026-03-19 22:00:37,137 - crypto_bot - INFO - [LIGHT] 🔍 Scanning FARTCOIN/USDT:USDT
2026-03-19 22:00:37,366 - crypto_bot - INFO - [LIGHT] ❌ No signal: FARTCOINUSDT
2026-03-19 22:00:37,366 - crypto_bot - INFO - [LIGHT] 🔍 Scanning LYN/USDT:USDT
2026-03-19 22:00:37,592 - crypto_bot - INFO - [LIGHT] ❌ No signal: LYNUSDT
2026-03-19 22:00:37,592 - crypto_bot - INFO - [LIGHT] 🔍 Scanning RIVER/USDT:USDT
2026-03-19 22:00:37,817 - crypto_bot - INFO - [LIGHT] ❌ No signal: RIVERUSDT
2026-03-19 22:00:37,819 - crypto_bot - INFO - [LIGHT] 🔍 Scanning 1000PEPE/USDT:USDT
2026-03-19 22:00:38,038 - crypto_bot - INFO - [LIGHT] ❌ No signal: 1000PEPEUSDT
2026-03-19 22:00:38,038 - crypto_bot - INFO - [LIGHT] 🔍 Scanning TAO/USDT:USDT
2026-03-19 22:00:38,246 - crypto_bot - INFO - [LIGHT] ❌ No signal: TAOUSDT
2026-03-19 22:00:38,246 - crypto_bot - INFO - [LIGHT] 🔍 Scanning ZEC/USDT:USDT
2026-03-19 22:00:38,476 - crypto_bot - INFO - [LIGHT] ❌ No signal: ZECUSDT
2026-03-19 22:00:38,476 - crypto_bot - INFO - [LIGHT] 🔍 Scanning XAG/USDT:USDT
2026-03-19 22:00:38,700 - crypto_bot - INFO - [LIGHT] ❌ No signal: XAGUSDT
2026-03-19 22:00:38,700 - crypto_bot - INFO - [LIGHT] 🔍 Scanning BARD/USDT:USDT
2026-03-19 22:00:38,911 - crypto_bot - INFO - [LIGHT] ❌ No signal: BARDUSDT
2026-03-19 22:00:38,911 - crypto_bot - INFO - [LIGHT] 🔍 Scanning ADA/USDT:USDT
2026-03-19 22:00:39,115 - crypto_bot - INFO - [LIGHT] ❌ No signal: ADAUSDT
2026-03-19 22:00:39,115 - crypto_bot - INFO - [LIGHT] 🔍 Scanning SAHARA/USDT:USDT
2026-03-19 22:00:39,325 - crypto_bot - INFO - [LIGHT] ❌ No signal: SAHARAUSDT
2026-03-19 22:00:39,325 - crypto_bot - INFO - [LIGHT] 🔍 Scanning SUI/USDT:USDT
2026-03-19 22:00:39,541 - crypto_bot - INFO - [LIGHT] ❌ No signal: SUIUSDT
2026-03-19 22:00:39,541 - crypto_bot - INFO - [LIGHT] 🔍 Scanning PAXG/USDT:USDT
2026-03-19 22:00:39,780 - crypto_bot - INFO - [LIGHT] ❌ No signal: PAXGUSDT
2026-03-19 22:00:39,780 - crypto_bot - INFO - [LIGHT] 🔍 Scanning XAU/USDT:USDT
2026-03-19 22:00:40,008 - crypto_bot - INFO - [LIGHT] ❌ No signal: XAUUSDT
2026-03-19 22:00:40,008 - crypto_bot - INFO - [LIGHT] 🔍 Scanning LINK/USDT:USDT
2026-03-19 22:00:40,221 - crypto_bot - INFO - [LIGHT] ❌ No signal: LINKUSDT
2026-03-19 22:00:40,221 - crypto_bot - INFO - [LIGHT] 🔍 Scanning SIREN/USDT:USDT
2026-03-19 22:00:40,447 - crypto_bot - INFO - [LIGHT] ❌ No signal: SIRENUSDT
2026-03-19 22:00:40,447 - crypto_bot - INFO - [LIGHT] 🔍 Scanning TRUMP/USDT:USDT
2026-03-19 22:00:40,663 - crypto_bot - INFO - [LIGHT] ❌ No signal: TRUMPUSDT
2026-03-19 22:00:40,663 - crypto_bot - INFO - [LIGHT] 🔍 Scanning WLD/USDT:USDT
2026-03-19 22:00:40,892 - crypto_bot - INFO - [LIGHT] ❌ No signal: WLDUSDT
2026-03-19 22:00:40,892 - crypto_bot - INFO - [LIGHT] 🔍 Scanning NEAR/USDT:USDT
2026-03-19 22:00:41,096 - crypto_bot - INFO - [LIGHT] ❌ No signal: NEARUSDT
2026-03-19 22:00:41,096 - crypto_bot - INFO - [LIGHT] 🔍 Scanning BNB/USDT:USDT
2026-03-19 22:00:41,316 - crypto_bot - INFO - [LIGHT] ❌ No signal: BNBUSDT
2026-03-19 22:00:41,316 - crypto_bot - INFO - [LIGHT] 🔍 Scanning XAN/USDT:USDT
2026-03-19 22:00:41,527 - crypto_bot - INFO - [LIGHT] ❌ No signal: XANUSDT
2026-03-19 22:00:41,527 - crypto_bot - INFO - [LIGHT] 🔍 Scanning AAVE/USDT:USDT
2026-03-19 22:00:41,730 - crypto_bot - INFO - [LIGHT] ❌ No signal: AAVEUSDT
2026-03-19 22:00:41,730 - crypto_bot - INFO - [LIGHT] 🔍 Scanning ETHFI/USDT:USDT
2026-03-19 22:00:41,970 - crypto_bot - INFO - [LIGHT] ❌ No signal: ETHFIUSDT
2026-03-19 22:00:41,970 - crypto_bot - INFO - [LIGHT] 🔍 Scanning BAN/USDT:USDT
2026-03-19 22:00:42,181 - crypto_bot - INFO - [LIGHT] ❌ No signal: BANUSDT
2026-03-19 22:00:42,181 - crypto_bot - INFO - [LIGHT] 🔍 Scanning PIXEL/USDT:USDT
2026-03-19 22:00:42,376 - crypto_bot - INFO - [LIGHT] ❌ No signal: PIXELUSDT
2026-03-19 22:00:42,376 - crypto_bot - INFO - [LIGHT] 🔍 Scanning WIF/USDT:USDT
2026-03-19 22:00:42,594 - crypto_bot - INFO - [LIGHT] ❌ No signal: WIFUSDT
2026-03-19 22:00:42,594 - crypto_bot - INFO - [LIGHT] 🔍 Scanning ENA/USDT:USDT
2026-03-19 22:00:42,800 - crypto_bot - INFO - [LIGHT] ❌ No signal: ENAUSDT
2026-03-19 22:00:42,800 - crypto_bot - INFO - [LIGHT] 🔍 Scanning DOT/USDT:USDT
2026-03-19 22:00:43,018 - crypto_bot - INFO - [LIGHT] ❌ No signal: DOTUSDT
2026-03-19 22:00:43,018 - crypto_bot - INFO - [LIGHT] 🔍 Scanning UAI/USDT:USDT
2026-03-19 22:00:43,234 - crypto_bot - INFO - [LIGHT] ❌ No signal: UAIUSDT
2026-03-19 22:00:43,234 - crypto_bot - INFO - [LIGHT] 🔍 Scanning VIRTUAL/USDT:USDT
2026-03-19 22:00:43,453 - crypto_bot - INFO - [LIGHT] ❌ No signal: VIRTUALUSDT
2026-03-19 22:00:43,453 - crypto_bot - INFO - [LIGHT] 🔍 Scanning AVAX/USDT:USDT
2026-03-19 22:00:43,664 - crypto_bot - INFO - [LIGHT] ❌ No signal: AVAXUSDT
2026-03-19 22:00:43,664 - crypto_bot - INFO - [LIGHT] 🔍 Scanning PUMPFUN/USDT:USDT
2026-03-19 22:00:43,880 - crypto_bot - INFO - [LIGHT] ❌ No signal: PUMPFUNUSDT
2026-03-19 22:00:43,880 - crypto_bot - INFO - [LIGHT] 🔍 Scanning KITE/USDT:USDT
2026-03-19 22:00:44,099 - crypto_bot - INFO - [LIGHT] ❌ No signal: KITEUSDT
2026-03-19 22:00:44,099 - crypto_bot - INFO - [LIGHT] 🔍 Scanning GALA/USDT:USDT
2026-03-19 22:00:44,304 - crypto_bot - INFO - [LIGHT] ❌ No signal: GALAUSDT
2026-03-19 22:00:44,304 - crypto_bot - INFO - [LIGHT] 📊 Total signals after scan: 0
2026-03-19 22:00:44,304 - crypto_bot - INFO - 📊 Signals found: 0
2026-03-19 22:00:44,304 - crypto_bot - INFO - ⏳ Sleeping for 180 seconds
2026-03-19 22:01:56,690 - crypto_bot - INFO - 🛑 Остановка по KeyboardInterrupt
