2026-04-19 13:49:55,530 - crypto_bot - INFO - STRUCTURE_DEBUG: symbol=SOLUSDT trend=LONG recent_highs=[85.75, 85.93, 85.77, 85.62, 85.4] recent_lows=[85.27, 85.1, 85.34, 85.09, 84.36] bos_detected=False structure_state=invalid reason=lower low detected in uptrend -> invalid
2026-04-19 13:49:55,532 - crypto_bot - INFO - SCORE_BREAKDOWN: symbol=SOLUSDT trend_score=0.00 structure_score=0.00 rsi_score=1.00 adx_score=0.50 volume_score=0.25 macd_score=0.00 total_score=1.75 min_required_score=3.20
2026-04-19 13:49:55,533 - crypto_bot - INFO - FILTER_REJECTION: symbol=SOLUSDT hard_failed=['TREND', 'STRUCTURE'] soft_failed=['MACD']
2026-04-19 13:49:55,533 - crypto_bot - INFO - SOLUSDT | signal_trace strict_result=False fallback_executed=False required_filters=None required_filters_result=None score=1.75 rejection_reason=hard filters failed
2026-04-19 13:49:55,766 - crypto_bot - INFO - FILTER_CHECK: symbol=XRPUSDT trend_ok=True structure_state=weak structure_ok=True rsi_ok=True adx_ok=True volume_ok=True macd_ok=True
2026-04-19 13:49:55,767 - crypto_bot - INFO - STRUCTURE_DEBUG: symbol=XRPUSDT trend=LONG recent_highs=[1.4332, 1.4328, 1.4427, 1.4302, 1.4288] recent_lows=[1.4256, 1.4221, 1.4286, 1.4151, 1.4129] bos_detected=False structure_state=weak reason=no BOS but higher lows / developing uptrend
2026-04-19 13:49:55,767 - crypto_bot - INFO - SCORE_BREAKDOWN: symbol=XRPUSDT trend_score=1.00 structure_score=0.50 rsi_score=1.00 adx_score=0.50 volume_score=0.25 macd_score=1.40 total_score=4.65 min_required_score=3.00
2026-04-19 13:49:55,768 - crypto_bot - INFO - FILTER_REJECTION: symbol=XRPUSDT hard_failed=[] soft_failed=['STRUCTURE']
2026-04-19 13:49:55,776 - crypto_bot - INFO - ENTRY_RISK_ADJUSTMENT: structure_state=weak position_size_factor=0.50 confirmation_passed=False reason="impulse candle missing (body_ratio=0.35)" symbol=XRPUSDT
2026-04-19 13:49:55,776 - crypto_bot - INFO - ENTRY_DEBUG: symbol=XRPUSDT structure_state=weak entry_type=continuation rr=0.00 entry_valid=False reason="impulse candle missing (body_ratio=0.35)"
2026-04-19 13:49:55,777 - crypto_bot - INFO - XRPUSDT | signal_trace strict_result=False fallback_executed=True required_filters=None required_filters_result=None score=0.0 rejection_reason=relaxed signals disabled by config
2026-04-19 13:49:56,005 - crypto_bot - INFO - FILTER_CHECK: symbol=AAVEUSDT trend_ok=False structure_state=invalid structure_ok=False rsi_ok=True adx_ok=True volume_ok=False macd_ok=False
2026-04-19 13:49:56,005 - crypto_bot - INFO - STRUCTURE_DEBUG: symbol=AAVEUSDT trend=LONG recent_highs=[96.8, 95.42, 95.26, 92.97, 92.7] recent_lows=[94.33, 92.78, 92.87, 91.26, 91.34] bos_detected=False structure_state=invalid reason=lower low detected in uptrend -> invalid
2026-04-19 13:49:56,006 - crypto_bot - INFO - SCORE_BREAKDOWN: symbol=AAVEUSDT trend_score=0.00 structure_score=0.00 rsi_score=1.00 adx_score=0.50 volume_score=0.00 macd_score=0.00 total_score=1.50 min_required_score=3.20
2026-04-19 13:49:56,006 - crypto_bot - INFO - FILTER_REJECTION: symbol=AAVEUSDT hard_failed=['TREND', 'STRUCTURE'] soft_failed=['MACD', 'VOLUME']
2026-04-19 13:49:56,006 - crypto_bot - INFO - AAVEUSDT | signal_trace strict_result=False fallback_executed=False required_filters=None required_filters_result=None score=1.5 rejection_reason=hard filters failed
2026-04-19 13:49:56,239 - crypto_bot - INFO - FILTER_CHECK: symbol=HIGHUSDT trend_ok=True structure_state=weak structure_ok=True rsi_ok=False adx_ok=True volume_ok=True macd_ok=True
2026-04-19 13:49:56,240 - crypto_bot - INFO - STRUCTURE_DEBUG: symbol=HIGHUSDT trend=LONG recent_highs=[0.27795, 0.27148, 0.25901, 0.3, 0.37568] recent_lows=[0.25871, 0.24331, 0.24597, 0.24131, 0.27469] bos_detected=True structure_state=weak reason=no BOS but higher lows / developing uptrend
2026-04-19 13:49:56,240 - crypto_bot - INFO - SCORE_BREAKDOWN: symbol=HIGHUSDT trend_score=1.00 structure_score=0.50 rsi_score=0.00 adx_score=0.50 volume_score=0.25 macd_score=1.40 total_score=3.65 min_required_score=3.00
2026-04-19 13:49:56,241 - crypto_bot - INFO - FILTER_REJECTION: symbol=HIGHUSDT hard_failed=[] soft_failed=['RSI', 'STRUCTURE']
2026-04-19 13:49:56,250 - crypto_bot - INFO - ENTRY_RISK_ADJUSTMENT: structure_state=weak position_size_factor=0.50 confirmation_passed=False reason="impulse candle missing (body_ratio=0.41)" symbol=HIGHUSDT
2026-04-19 13:49:56,251 - crypto_bot - INFO - ENTRY_DEBUG: symbol=HIGHUSDT structure_state=weak entry_type=continuation rr=0.00 entry_valid=False reason="impulse candle missing (body_ratio=0.41)"
2026-04-19 13:49:56,251 - crypto_bot - INFO - HIGHUSDT | signal_trace strict_result=False fallback_executed=True required_filters=None required_filters_result=None score=0.0 rejection_reason=relaxed signals disabled by config
2026-04-19 13:49:56,630 - crypto_bot - INFO - FILTER_CHECK: symbol=ORDIUSDT trend_ok=True structure_state=weak structure_ok=True rsi_ok=True adx_ok=True volume_ok=True macd_ok=False
2026-04-19 13:49:56,630 - crypto_bot - INFO - STRUCTURE_DEBUG: symbol=ORDIUSDT trend=LONG recent_highs=[4.669, 4.238, 4.579, 4.658, 4.686] recent_lows=[4.15, 3.84, 3.85, 4.366, 4.331] bos_detected=False structure_state=weak reason=no BOS but higher lows / developing uptrend
2026-04-19 13:49:56,630 - crypto_bot - INFO - SCORE_BREAKDOWN: symbol=ORDIUSDT trend_score=1.00 structure_score=0.50 rsi_score=1.00 adx_score=0.50 volume_score=0.25 macd_score=0.00 total_score=3.25 min_required_score=3.00
2026-04-19 13:49:56,631 - crypto_bot - INFO - FILTER_REJECTION: symbol=ORDIUSDT hard_failed=[] soft_failed=['MACD', 'STRUCTURE']
2026-04-19 13:49:56,639 - crypto_bot - INFO - ENTRY_RISK_ADJUSTMENT: structure_state=weak position_size_factor=0.50 confirmation_passed=False reason="impulse candle missing (body_ratio=0.31)" symbol=ORDIUSDT
2026-04-19 13:49:56,640 - crypto_bot - INFO - ENTRY_DEBUG: symbol=ORDIUSDT structure_state=weak entry_type=continuation rr=0.00 entry_valid=False reason="impulse candle missing (body_ratio=0.31)"
2026-04-19 13:49:56,640 - crypto_bot - INFO - ORDIUSDT | signal_trace strict_result=False fallback_executed=True required_filters=None required_filters_result=None score=0.0 rejection_reason=relaxed signals disabled by config
2026-04-19 13:49:56,866 - crypto_bot - INFO - FILTER_CHECK: symbol=DOGEUSDT trend_ok=False structure_state=weak structure_ok=True rsi_ok=True adx_ok=True volume_ok=False macd_ok=True
2026-04-19 13:49:56,867 - crypto_bot - INFO - STRUCTURE_DEBUG: symbol=DOGEUSDT trend=LONG recent_highs=[0.09503, 0.09478, 0.09516, 0.09501, 0.09484] recent_lows=[0.0944, 0.09405, 0.0945, 0.09443, 0.09334] bos_detected=False structure_state=weak reason=no BOS but higher lows / developing uptrend
2026-04-19 13:49:56,867 - crypto_bot - INFO - SCORE_BREAKDOWN: symbol=DOGEUSDT trend_score=0.00 structure_score=0.50 rsi_score=1.00 adx_score=0.50 volume_score=0.00 macd_score=1.40 total_score=3.40 min_required_score=3.00
2026-04-19 13:49:56,867 - crypto_bot - INFO - FILTER_REJECTION: symbol=DOGEUSDT hard_failed=['TREND'] soft_failed=['VOLUME', 'STRUCTURE']
2026-04-19 13:49:56,868 - crypto_bot - INFO - DOGEUSDT | signal_trace strict_result=False fallback_executed=False required_filters=None required_filters_result=None score=3.4 rejection_reason=hard filters failed
2026-04-19 13:49:57,165 - crypto_bot - INFO - FILTER_CHECK: symbol=1000PEPEUSDT trend_ok=True structure_state=weak structure_ok=True rsi_ok=True adx_ok=True volume_ok=False macd_ok=True
2026-04-19 13:49:57,165 - crypto_bot - INFO - STRUCTURE_DEBUG: symbol=1000PEPEUSDT trend=LONG recent_highs=[0.003783, 0.003775, 0.003793, 0.003806, 0.003784] recent_lows=[0.003735, 0.003736, 0.003748, 0.003745, 0.003715] bos_detected=False structure_state=weak reason=no BOS but higher lows / developing uptrend
2026-04-19 13:49:57,166 - crypto_bot - INFO - SCORE_BREAKDOWN: symbol=1000PEPEUSDT trend_score=1.00 structure_score=0.50 rsi_score=1.00 adx_score=0.50 volume_score=0.00 macd_score=1.40 total_score=4.40 min_required_score=3.00
2026-04-19 13:49:57,166 - crypto_bot - INFO - FILTER_REJECTION: symbol=1000PEPEUSDT hard_failed=[] soft_failed=['VOLUME', 'STRUCTURE']
2026-04-19 13:49:57,178 - crypto_bot - INFO - ENTRY_RISK_ADJUSTMENT: structure_state=weak position_size_factor=0.50 confirmation_passed=False reason="impulse candle missing (body_ratio=0.36)" symbol=1000PEPEUSDT
2026-04-19 13:49:57,178 - crypto_bot - INFO - ENTRY_DEBUG: symbol=1000PEPEUSDT structure_state=weak entry_type=continuation rr=0.00 entry_valid=False reason="impulse candle missing (body_ratio=0.36)"
2026-04-19 13:49:57,179 - crypto_bot - INFO - 1000PEPEUSDT | signal_trace strict_result=False fallback_executed=True required_filters=None required_filters_result=None score=0.0 rejection_reason=relaxed signals disabled by config
2026-04-19 13:49:57,411 - crypto_bot - INFO - FILTER_CHECK: symbol=HYPEUSDT trend_ok=True structure_state=weak structure_ok=True rsi_ok=True adx_ok=True volume_ok=False macd_ok=False
2026-04-19 13:49:57,411 - crypto_bot - INFO - STRUCTURE_DEBUG: symbol=HYPEUSDT trend=LONG recent_highs=[43.458, 43.619, 43.662, 43.452, 43.442] recent_lows=[43.152, 43.3, 43.412, 43.161, 42.869] bos_detected=False structure_state=weak reason=no BOS but higher lows / developing uptrend
2026-04-19 13:49:57,411 - crypto_bot - INFO - SCORE_BREAKDOWN: symbol=HYPEUSDT trend_score=1.00 structure_score=0.50 rsi_score=1.00 adx_score=0.50 volume_score=0.00 macd_score=0.00 total_score=3.00 min_required_score=3.00
2026-04-19 13:49:57,412 - crypto_bot - INFO - FILTER_REJECTION: symbol=HYPEUSDT hard_failed=[] soft_failed=['MACD', 'VOLUME', 'STRUCTURE']
2026-04-19 13:49:57,420 - crypto_bot - INFO - ENTRY_RISK_ADJUSTMENT: structure_state=weak position_size_factor=0.50 confirmation_passed=True reason="weak-risk checks passed" symbol=HYPEUSDT
2026-04-19 13:49:57,421 - crypto_bot - INFO - ENTRY_DEBUG: symbol=HYPEUSDT structure_state=weak entry_type=continuation rr=1.60 entry_valid=True reason="adaptive weak entry accepted"
2026-04-19 13:49:57,422 - crypto_bot - INFO - HYPEUSDT | signal_trace strict_result=True fallback_executed=False required_filters=None required_filters_result=None score=3.0 rejection_reason=None
2026-04-19 13:49:57,422 - crypto_bot - INFO - ✅ Signal generated: HYPEUSDT | strict | tf=1h | mode=MAIN | score=3.0 | entry_source=strict | passed_filters=['TREND', 'STRUCTURE', 'RSI', 'ADX'] | failed_filters=[]
2026-04-19 13:49:57,876 - crypto_bot - INFO - FILTER_CHECK: symbol=ENAUSDT trend_ok=True structure_state=invalid structure_ok=False rsi_ok=True adx_ok=False volume_ok=True macd_ok=False
2026-04-19 13:49:57,877 - crypto_bot - INFO - STRUCTURE_DEBUG: symbol=ENAUSDT trend=LONG recent_highs=[0.12041, 0.12116, 0.12186, 0.1211, 0.12098] recent_lows=[0.1176, 0.11933, 0.12016, 0.11941, 0.11752] bos_detected=False structure_state=invalid reason=lower low detected in uptrend -> invalid
2026-04-19 13:49:57,877 - crypto_bot - INFO - SCORE_BREAKDOWN: symbol=ENAUSDT trend_score=1.00 structure_score=0.00 rsi_score=1.00 adx_score=0.00 volume_score=0.25 macd_score=0.00 total_score=2.25 min_required_score=3.20
2026-04-19 13:49:57,878 - crypto_bot - INFO - FILTER_REJECTION: symbol=ENAUSDT hard_failed=['STRUCTURE'] soft_failed=['MACD', 'ADX']
2026-04-19 13:49:57,878 - crypto_bot - INFO - ENAUSDT | signal_trace strict_result=False fallback_executed=False required_filters=None required_filters_result=None score=2.25 rejection_reason=hard filters failed
2026-04-19 13:49:58,121 - crypto_bot - INFO - FILTER_CHECK: symbol=ADAUSDT trend_ok=False structure_state=invalid structure_ok=False rsi_ok=True adx_ok=True volume_ok=False macd_ok=False
2026-04-19 13:49:58,122 - crypto_bot - INFO - STRUCTURE_DEBUG: symbol=ADAUSDT trend=LONG recent_highs=[0.2489, 0.2487, 0.2488, 0.2478, 0.2471] recent_lows=[0.2468, 0.2459, 0.247, 0.2458, 0.2442] bos_detected=False structure_state=invalid reason=lower low detected in uptrend -> invalid
2026-04-19 13:49:58,122 - crypto_bot - INFO - SCORE_BREAKDOWN: symbol=ADAUSDT trend_score=0.00 structure_score=0.00 rsi_score=1.00 adx_score=0.50 volume_score=0.00 macd_score=0.00 total_score=1.50 min_required_score=3.20
2026-04-19 13:49:58,122 - crypto_bot - INFO - FILTER_REJECTION: symbol=ADAUSDT hard_failed=['TREND', 'STRUCTURE'] soft_failed=['MACD', 'VOLUME']
2026-04-19 13:49:58,123 - crypto_bot - INFO - ADAUSDT | signal_trace strict_result=False fallback_executed=False required_filters=None required_filters_result=None score=1.5 rejection_reason=hard filters failed
2026-04-19 13:49:58,347 - crypto_bot - INFO - FILTER_CHECK: symbol=SUIUSDT trend_ok=False structure_state=weak structure_ok=True rsi_ok=True adx_ok=True volume_ok=True macd_ok=True
2026-04-19 13:49:58,348 - crypto_bot - INFO - STRUCTURE_DEBUG: symbol=SUIUSDT trend=LONG recent_highs=[0.9521, 0.9508, 0.951, 0.948, 0.9476] recent_lows=[0.9423, 0.9401, 0.945, 0.94, 0.9364] bos_detected=False structure_state=weak reason=no BOS but higher lows / developing uptrend
2026-04-19 13:49:58,348 - crypto_bot - INFO - SCORE_BREAKDOWN: symbol=SUIUSDT trend_score=0.00 structure_score=0.50 rsi_score=1.00 adx_score=0.50 volume_score=0.25 macd_score=1.40 total_score=3.65 min_required_score=3.00
2026-04-19 13:49:58,349 - crypto_bot - INFO - FILTER_REJECTION: symbol=SUIUSDT hard_failed=['TREND'] soft_failed=['STRUCTURE']
2026-04-19 13:49:58,349 - crypto_bot - INFO - SUIUSDT | signal_trace strict_result=False fallback_executed=False required_filters=None required_filters_result=None score=3.65 rejection_reason=hard filters failed
2026-04-19 13:49:58,734 - crypto_bot - INFO - FILTER_CHECK: symbol=FARTCOINUSDT trend_ok=False structure_state=weak structure_ok=True rsi_ok=True adx_ok=True volume_ok=False macd_ok=True
2026-04-19 13:49:58,734 - crypto_bot - INFO - STRUCTURE_DEBUG: symbol=FARTCOINUSDT trend=LONG recent_highs=[0.19899, 0.19847, 0.19973, 0.2, 0.19917] recent_lows=[0.1952, 0.19578, 0.1974, 0.19684, 0.19618] bos_detected=False structure_state=weak reason=no BOS but higher lows / developing uptrend
2026-04-19 13:49:58,735 - crypto_bot - INFO - SCORE_BREAKDOWN: symbol=FARTCOINUSDT trend_score=0.00 structure_score=0.50 rsi_score=1.00 adx_score=0.50 volume_score=0.00 macd_score=1.40 total_score=3.40 min_required_score=3.00
2026-04-19 13:49:58,735 - crypto_bot - INFO - FILTER_REJECTION: symbol=FARTCOINUSDT hard_failed=['TREND'] soft_failed=['VOLUME', 'STRUCTURE']
2026-04-19 13:49:58,735 - crypto_bot - INFO - FARTCOINUSDT | signal_trace strict_result=False fallback_executed=False required_filters=None required_filters_result=None score=3.4 rejection_reason=hard filters failed
2026-04-19 13:49:59,137 - crypto_bot - INFO - FILTER_CHECK: symbol=SIRENUSDT trend_ok=True structure_state=strong structure_ok=True rsi_ok=False adx_ok=True volume_ok=False macd_ok=True
2026-04-19 13:49:59,137 - crypto_bot - INFO - STRUCTURE_DEBUG: symbol=SIRENUSDT trend=SHORT recent_highs=[0.72574, 0.69727, 0.67024, 0.72524, 0.71499] recent_lows=[0.67067, 0.50071, 0.51301, 0.63667, 0.65735] bos_detected=True structure_state=strong reason=BOS confirmed with lower highs
2026-04-19 13:49:59,138 - crypto_bot - INFO - SCORE_BREAKDOWN: symbol=SIRENUSDT trend_score=1.00 structure_score=1.00 rsi_score=0.00 adx_score=0.50 volume_score=0.00 macd_score=1.40 total_score=3.90 min_required_score=4.00
2026-04-19 13:49:59,138 - crypto_bot - INFO - FILTER_REJECTION: symbol=SIRENUSDT hard_failed=[] soft_failed=['RSI', 'VOLUME']
2026-04-19 13:49:59,139 - crypto_bot - INFO - SIRENUSDT | signal_trace strict_result=False fallback_executed=False required_filters=None required_filters_result=None score=3.9 rejection_reason=score below adaptive threshold (3.90 < 4.00)
2026-04-19 13:49:59,372 - crypto_bot - INFO - FILTER_CHECK: symbol=BIOUSDT trend_ok=True structure_state=weak structure_ok=True rsi_ok=False adx_ok=True volume_ok=False macd_ok=True
2026-04-19 13:49:59,372 - crypto_bot - INFO - STRUCTURE_DEBUG: symbol=BIOUSDT trend=LONG recent_highs=[0.03023, 0.03068, 0.03054, 0.03159, 0.03232] recent_lows=[0.02942, 0.02948, 0.02948, 0.02974, 0.03068] bos_detected=False structure_state=weak reason=no BOS but higher lows / developing uptrend
2026-04-19 13:49:59,373 - crypto_bot - INFO - SCORE_BREAKDOWN: symbol=BIOUSDT trend_score=1.00 structure_score=0.50 rsi_score=0.00 adx_score=0.50 volume_score=0.00 macd_score=1.40 total_score=3.40 min_required_score=3.00
2026-04-19 13:49:59,373 - crypto_bot - INFO - FILTER_REJECTION: symbol=BIOUSDT hard_failed=[] soft_failed=['RSI', 'VOLUME', 'STRUCTURE']
2026-04-19 13:49:59,381 - crypto_bot - INFO - ENTRY_RISK_ADJUSTMENT: structure_state=weak position_size_factor=0.50 confirmation_passed=False reason="impulse candle missing (body_ratio=0.38)" symbol=BIOUSDT
2026-04-19 13:49:59,381 - crypto_bot - INFO - ENTRY_DEBUG: symbol=BIOUSDT structure_state=weak entry_type=continuation rr=0.00 entry_valid=False reason="impulse candle missing (body_ratio=0.38)"
2026-04-19 13:49:59,382 - crypto_bot - INFO - BIOUSDT | signal_trace strict_result=False fallback_executed=True required_filters=None required_filters_result=None score=0.0 rejection_reason=relaxed signals disabled by config
2026-04-19 13:49:59,611 - crypto_bot - INFO - FILTER_CHECK: symbol=MOVEUSDT trend_ok=True structure_state=weak structure_ok=True rsi_ok=True adx_ok=True volume_ok=False macd_ok=True
2026-04-19 13:49:59,612 - crypto_bot - INFO - STRUCTURE_DEBUG: symbol=MOVEUSDT trend=LONG recent_highs=[0.01959, 0.01979, 0.01983, 0.02535, 0.0214] recent_lows=[0.01906, 0.0194, 0.01908, 0.01881, 0.02007] bos_detected=False structure_state=weak reason=no BOS but higher lows / developing uptrend
2026-04-19 13:49:59,612 - crypto_bot - INFO - SCORE_BREAKDOWN: symbol=MOVEUSDT trend_score=1.00 structure_score=0.50 rsi_score=1.00 adx_score=0.50 volume_score=0.00 macd_score=1.40 total_score=4.40 min_required_score=3.00
2026-04-19 13:49:59,612 - crypto_bot - INFO - FILTER_REJECTION: symbol=MOVEUSDT hard_failed=[] soft_failed=['VOLUME', 'STRUCTURE']
2026-04-19 13:49:59,621 - crypto_bot - INFO - ENTRY_RISK_ADJUSTMENT: structure_state=weak position_size_factor=0.50 confirmation_passed=False reason="impulse candle missing (body_ratio=0.59)" symbol=MOVEUSDT
2026-04-19 13:49:59,621 - crypto_bot - INFO - ENTRY_DEBUG: symbol=MOVEUSDT structure_state=weak entry_type=continuation rr=0.00 entry_valid=False reason="impulse candle missing (body_ratio=0.59)"
2026-04-19 13:49:59,622 - crypto_bot - INFO - MOVEUSDT | signal_trace strict_result=False fallback_executed=True required_filters=None required_filters_result=None score=0.0 rejection_reason=relaxed signals disabled by config
2026-04-19 13:49:59,849 - crypto_bot - INFO - FILTER_CHECK: symbol=ENJUSDT trend_ok=True structure_state=strong structure_ok=True rsi_ok=False adx_ok=True volume_ok=True macd_ok=True
2026-04-19 13:49:59,849 - crypto_bot - INFO - STRUCTURE_DEBUG: symbol=ENJUSDT trend=LONG recent_highs=[0.058044, 0.06113, 0.064852, 0.068262, 0.066384] recent_lows=[0.055846, 0.057214, 0.056862, 0.061831, 0.062292] bos_detected=True structure_state=strong reason=BOS confirmed with higher lows
2026-04-19 13:49:59,850 - crypto_bot - INFO - SCORE_BREAKDOWN: symbol=ENJUSDT trend_score=1.00 structure_score=1.00 rsi_score=0.00 adx_score=0.50 volume_score=0.25 macd_score=1.40 total_score=4.15 min_required_score=4.00
2026-04-19 13:49:59,850 - crypto_bot - INFO - FILTER_REJECTION: symbol=ENJUSDT hard_failed=[] soft_failed=['RSI']
2026-04-19 13:49:59,858 - crypto_bot - INFO - ENJUSDT | signal_trace strict_result=False fallback_executed=True required_filters=None required_filters_result=None score=0.0 rejection_reason=relaxed signals disabled by config
2026-04-19 13:50:00,085 - crypto_bot - INFO - FILTER_CHECK: symbol=API3USDT trend_ok=True structure_state=invalid structure_ok=False rsi_ok=True adx_ok=True volume_ok=False macd_ok=False
2026-04-19 13:50:00,085 - crypto_bot - INFO - STRUCTURE_DEBUG: symbol=API3USDT trend=LONG recent_highs=[0.3472, 0.3465, 0.3414, 0.3338, 0.3355] recent_lows=[0.3412, 0.3357, 0.3319, 0.3307, 0.3302] bos_detected=False structure_state=invalid reason=lower low detected in uptrend -> invalid
2026-04-19 13:50:00,085 - crypto_bot - INFO - SCORE_BREAKDOWN: symbol=API3USDT trend_score=1.00 structure_score=0.00 rsi_score=1.00 adx_score=0.50 volume_score=0.00 macd_score=0.00 total_score=2.50 min_required_score=3.20
2026-04-19 13:50:00,086 - crypto_bot - INFO - FILTER_REJECTION: symbol=API3USDT hard_failed=['STRUCTURE'] soft_failed=['MACD', 'VOLUME']
2026-04-19 13:50:00,086 - crypto_bot - INFO - API3USDT | signal_trace strict_result=False fallback_executed=False required_filters=None required_filters_result=None score=2.5 rejection_reason=hard filters failed
2026-04-19 13:50:00,312 - crypto_bot - INFO - FILTER_CHECK: symbol=ZROUSDT trend_ok=True structure_state=weak structure_ok=True rsi_ok=False adx_ok=True volume_ok=True macd_ok=True
2026-04-19 13:50:00,313 - crypto_bot - INFO - STRUCTURE_DEBUG: symbol=ZROUSDT trend=SHORT recent_highs=[1.6487, 1.6309, 1.6038, 1.5638, 1.6211] recent_lows=[1.554, 1.5942, 1.5565, 1.5, 1.5257] bos_detected=False structure_state=weak reason=no BOS but lower highs / developing downtrend
2026-04-19 13:50:00,313 - crypto_bot - INFO - SCORE_BREAKDOWN: symbol=ZROUSDT trend_score=1.00 structure_score=0.50 rsi_score=0.00 adx_score=0.50 volume_score=0.25 macd_score=1.40 total_score=3.65 min_required_score=3.00
2026-04-19 13:50:00,314 - crypto_bot - INFO - FILTER_REJECTION: symbol=ZROUSDT hard_failed=[] soft_failed=['RSI', 'STRUCTURE']
2026-04-19 13:50:00,322 - crypto_bot - INFO - ENTRY_RISK_ADJUSTMENT: structure_state=weak position_size_factor=0.50 confirmation_passed=False reason="impulse candle missing (body_ratio=0.12)" symbol=ZROUSDT
2026-04-19 13:50:00,323 - crypto_bot - INFO - ENTRY_DEBUG: symbol=ZROUSDT structure_state=weak entry_type=continuation rr=0.00 entry_valid=False reason="impulse candle missing (body_ratio=0.12)"
2026-04-19 13:50:00,323 - crypto_bot - INFO - ZROUSDT | signal_trace strict_result=False fallback_executed=True required_filters=None required_filters_result=None score=0.0 rejection_reason=relaxed signals disabled by config
2026-04-19 13:50:00,550 - crypto_bot - INFO - FILTER_CHECK: symbol=RIVERUSDT trend_ok=True structure_state=strong structure_ok=True rsi_ok=False adx_ok=True volume_ok=False macd_ok=True
2026-04-19 13:50:00,550 - crypto_bot - INFO - STRUCTURE_DEBUG: symbol=RIVERUSDT trend=SHORT recent_highs=[6.175, 6.111, 5.975, 5.748, 5.864] recent_lows=[5.998, 5.958, 5.519, 5.51, 5.648] bos_detected=True structure_state=strong reason=BOS confirmed with lower highs
2026-04-19 13:50:00,551 - crypto_bot - INFO - SCORE_BREAKDOWN: symbol=RIVERUSDT trend_score=1.00 structure_score=1.00 rsi_score=0.00 adx_score=0.50 volume_score=0.00 macd_score=1.40 total_score=3.90 min_required_score=4.00
2026-04-19 13:50:00,551 - crypto_bot - INFO - FILTER_REJECTION: symbol=RIVERUSDT hard_failed=[] soft_failed=['RSI', 'VOLUME']
2026-04-19 13:50:00,551 - crypto_bot - INFO - RIVERUSDT | signal_trace strict_result=False fallback_executed=False required_filters=None required_filters_result=None score=3.9 rejection_reason=score below adaptive threshold (3.90 < 4.00)
2026-04-19 13:50:00,779 - crypto_bot - INFO - FILTER_CHECK: symbol=LINKUSDT trend_ok=False structure_state=weak structure_ok=True rsi_ok=True adx_ok=True volume_ok=False macd_ok=False
2026-04-19 13:50:00,779 - crypto_bot - INFO - STRUCTURE_DEBUG: symbol=LINKUSDT trend=LONG recent_highs=[9.251, 9.285, 9.244, 9.214, 9.203] recent_lows=[9.157, 9.175, 9.196, 9.143, 9.092] bos_detected=False structure_state=weak reason=no BOS but higher lows / developing uptrend
2026-04-19 13:50:00,779 - crypto_bot - INFO - SCORE_BREAKDOWN: symbol=LINKUSDT trend_score=0.00 structure_score=0.50 rsi_score=1.00 adx_score=0.50 volume_score=0.00 macd_score=0.00 total_score=2.00 min_required_score=3.00
2026-04-19 13:50:00,780 - crypto_bot - INFO - FILTER_REJECTION: symbol=LINKUSDT hard_failed=['TREND'] soft_failed=['MACD', 'VOLUME', 'STRUCTURE']
2026-04-19 13:50:00,780 - crypto_bot - INFO - LINKUSDT | signal_trace strict_result=False fallback_executed=False required_filters=None required_filters_result=None score=2.0 rejection_reason=hard filters failed
2026-04-19 13:50:01,017 - crypto_bot - INFO - FILTER_CHECK: symbol=PIEVERSEUSDT trend_ok=True structure_state=weak structure_ok=True rsi_ok=True adx_ok=True volume_ok=False macd_ok=False
2026-04-19 13:50:01,017 - crypto_bot - INFO - STRUCTURE_DEBUG: symbol=PIEVERSEUSDT trend=LONG recent_highs=[0.6857, 0.6227, 0.6161, 0.6066, 0.6192] recent_lows=[0.5817, 0.5864, 0.5886, 0.5669, 0.5938] bos_detected=False structure_state=weak reason=no BOS but higher lows / developing uptrend
2026-04-19 13:50:01,018 - crypto_bot - INFO - SCORE_BREAKDOWN: symbol=PIEVERSEUSDT trend_score=1.00 structure_score=0.50 rsi_score=1.00 adx_score=0.50 volume_score=0.00 macd_score=0.00 total_score=3.00 min_required_score=3.00
2026-04-19 13:50:01,018 - crypto_bot - INFO - FILTER_REJECTION: symbol=PIEVERSEUSDT hard_failed=[] soft_failed=['MACD', 'VOLUME', 'STRUCTURE']
2026-04-19 13:50:01,027 - crypto_bot - INFO - ENTRY_RISK_ADJUSTMENT: structure_state=weak position_size_factor=0.50 confirmation_passed=False reason="impulse candle missing (body_ratio=0.04)" symbol=PIEVERSEUSDT
2026-04-19 13:50:01,027 - crypto_bot - INFO - ENTRY_DEBUG: symbol=PIEVERSEUSDT structure_state=weak entry_type=continuation rr=0.00 entry_valid=False reason="impulse candle missing (body_ratio=0.04)"
2026-04-19 13:50:01,028 - crypto_bot - INFO - PIEVERSEUSDT | signal_trace strict_result=False fallback_executed=True required_filters=None required_filters_result=None score=0.0 rejection_reason=relaxed signals disabled by config
2026-04-19 13:50:01,263 - crypto_bot - INFO - FILTER_CHECK: symbol=BLURUSDT trend_ok=True structure_state=strong structure_ok=True rsi_ok=False adx_ok=True volume_ok=True macd_ok=True
2026-04-19 13:50:01,263 - crypto_bot - INFO - STRUCTURE_DEBUG: symbol=BLURUSDT trend=LONG recent_highs=[0.02805, 0.028654, 0.033287, 0.031621, 0.030646] recent_lows=[0.02661, 0.027133, 0.028005, 0.02967, 0.029445] bos_detected=True structure_state=strong reason=BOS confirmed with higher lows
2026-04-19 13:50:01,263 - crypto_bot - INFO - SCORE_BREAKDOWN: symbol=BLURUSDT trend_score=1.00 structure_score=1.00 rsi_score=0.00 adx_score=0.50 volume_score=0.25 macd_score=1.40 total_score=4.15 min_required_score=4.00
2026-04-19 13:50:01,264 - crypto_bot - INFO - FILTER_REJECTION: symbol=BLURUSDT hard_failed=[] soft_failed=['RSI']
2026-04-19 13:50:01,272 - crypto_bot - INFO - BLURUSDT | signal_trace strict_result=False fallback_executed=True required_filters=None required_filters_result=None score=0.0 rejection_reason=relaxed signals disabled by config
2026-04-19 13:50:01,499 - crypto_bot - INFO - FILTER_CHECK: symbol=MUSDT trend_ok=True structure_state=weak structure_ok=True rsi_ok=True adx_ok=True volume_ok=False macd_ok=False
2026-04-19 13:50:01,499 - crypto_bot - INFO - STRUCTURE_DEBUG: symbol=MUSDT trend=LONG recent_highs=[3.7825, 3.7133, 3.526, 3.6542, 3.5776] recent_lows=[3.6011, 3.4, 3.4087, 3.4777, 3.4816] bos_detected=False structure_state=weak reason=no BOS but higher lows / developing uptrend
2026-04-19 13:50:01,500 - crypto_bot - INFO - SCORE_BREAKDOWN: symbol=MUSDT trend_score=1.00 structure_score=0.50 rsi_score=1.00 adx_score=0.50 volume_score=0.00 macd_score=0.00 total_score=3.00 min_required_score=3.00
2026-04-19 13:50:01,500 - crypto_bot - INFO - FILTER_REJECTION: symbol=MUSDT hard_failed=[] soft_failed=['MACD', 'VOLUME', 'STRUCTURE']
2026-04-19 13:50:01,508 - crypto_bot - INFO - ENTRY_RISK_ADJUSTMENT: structure_state=weak position_size_factor=0.50 confirmation_passed=False reason="impulse candle missing (body_ratio=0.81)" symbol=MUSDT
2026-04-19 13:50:01,509 - crypto_bot - INFO - ENTRY_DEBUG: symbol=MUSDT structure_state=weak entry_type=continuation rr=0.00 entry_valid=False reason="impulse candle missing (body_ratio=0.81)"
2026-04-19 13:50:01,509 - crypto_bot - INFO - MUSDT | signal_trace strict_result=False fallback_executed=True required_filters=None required_filters_result=None score=0.0 rejection_reason=relaxed signals disabled by config
2026-04-19 13:50:01,743 - crypto_bot - INFO - FILTER_CHECK: symbol=NEARUSDT trend_ok=True structure_state=weak structure_ok=True rsi_ok=False adx_ok=True volume_ok=True macd_ok=False
2026-04-19 13:50:01,744 - crypto_bot - INFO - STRUCTURE_DEBUG: symbol=NEARUSDT trend=SHORT recent_highs=[1.349, 1.3563, 1.3543, 1.3431, 1.3364] recent_lows=[1.3334, 1.3402, 1.3348, 1.3287, 1.3204] bos_detected=False structure_state=weak reason=no BOS but lower highs / developing downtrend
2026-04-19 13:50:01,744 - crypto_bot - INFO - SCORE_BREAKDOWN: symbol=NEARUSDT trend_score=1.00 structure_score=0.50 rsi_score=0.00 adx_score=0.50 volume_score=0.25 macd_score=0.00 total_score=2.25 min_required_score=3.00
2026-04-19 13:50:01,745 - crypto_bot - INFO - FILTER_REJECTION: symbol=NEARUSDT hard_failed=[] soft_failed=['RSI', 'MACD', 'STRUCTURE']
2026-04-19 13:50:01,745 - crypto_bot - INFO - NEARUSDT | signal_trace strict_result=False fallback_executed=False required_filters=None required_filters_result=None score=2.25 rejection_reason=score below adaptive threshold (2.25 < 3.00)
2026-04-19 13:50:01,980 - crypto_bot - INFO - FILTER_CHECK: symbol=ALICEUSDT trend_ok=True structure_state=weak structure_ok=True rsi_ok=True adx_ok=True volume_ok=True macd_ok=False
2026-04-19 13:50:01,980 - crypto_bot - INFO - STRUCTURE_DEBUG: symbol=ALICEUSDT trend=LONG recent_highs=[0.1557, 0.15897, 0.1519, 0.15139, 0.16317] recent_lows=[0.14958, 0.14783, 0.14544, 0.14433, 0.14928] bos_detected=False structure_state=weak reason=no BOS but higher lows / developing uptrend
2026-04-19 13:50:01,980 - crypto_bot - INFO - SCORE_BREAKDOWN: symbol=ALICEUSDT trend_score=1.00 structure_score=0.50 rsi_score=1.00 adx_score=0.50 volume_score=0.25 macd_score=0.00 total_score=3.25 min_required_score=3.00
2026-04-19 13:50:01,981 - crypto_bot - INFO - FILTER_REJECTION: symbol=ALICEUSDT hard_failed=[] soft_failed=['MACD', 'STRUCTURE']
2026-04-19 13:50:01,989 - crypto_bot - INFO - ENTRY_RISK_ADJUSTMENT: structure_state=weak position_size_factor=0.50 confirmation_passed=False reason="impulse candle missing (body_ratio=0.03)" symbol=ALICEUSDT
2026-04-19 13:50:01,990 - crypto_bot - INFO - ENTRY_DEBUG: symbol=ALICEUSDT structure_state=weak entry_type=continuation rr=0.00 entry_valid=False reason="impulse candle missing (body_ratio=0.03)"
2026-04-19 13:50:01,990 - crypto_bot - INFO - ALICEUSDT | signal_trace strict_result=False fallback_executed=True required_filters=None required_filters_result=None score=0.0 rejection_reason=relaxed signals disabled by config
2026-04-19 13:50:02,215 - crypto_bot - INFO - FILTER_CHECK: symbol=WLDUSDT trend_ok=True structure_state=weak structure_ok=True rsi_ok=False adx_ok=True volume_ok=False macd_ok=False
2026-04-19 13:50:02,215 - crypto_bot - INFO - STRUCTURE_DEBUG: symbol=WLDUSDT trend=SHORT recent_highs=[0.2623, 0.2615, 0.2605, 0.262, 0.2621] recent_lows=[0.2597, 0.2586, 0.2586, 0.2578, 0.2584] bos_detected=False structure_state=weak reason=no BOS but lower highs / developing downtrend
2026-04-19 13:50:02,216 - crypto_bot - INFO - SCORE_BREAKDOWN: symbol=WLDUSDT trend_score=1.00 structure_score=0.50 rsi_score=0.00 adx_score=0.50 volume_score=0.00 macd_score=0.00 total_score=2.00 min_required_score=3.00
2026-04-19 13:50:02,216 - crypto_bot - INFO - FILTER_REJECTION: symbol=WLDUSDT hard_failed=[] soft_failed=['RSI', 'MACD', 'VOLUME', 'STRUCTURE']
2026-04-19 13:50:02,216 - crypto_bot - INFO - WLDUSDT | signal_trace strict_result=False fallback_executed=False required_filters=None required_filters_result=None score=2.0 rejection_reason=score below adaptive threshold (2.00 < 3.00)
2026-04-19 13:50:02,455 - crypto_bot - INFO - FILTER_CHECK: symbol=AVAXUSDT trend_ok=True structure_state=weak structure_ok=True rsi_ok=True adx_ok=True volume_ok=False macd_ok=False
2026-04-19 13:50:02,455 - crypto_bot - INFO - STRUCTURE_DEBUG: symbol=AVAXUSDT trend=LONG recent_highs=[9.325, 9.316, 9.308, 9.3, 9.274] recent_lows=[9.234, 9.242, 9.262, 9.223, 9.122] bos_detected=False structure_state=weak reason=no BOS but higher lows / developing uptrend
2026-04-19 13:50:02,455 - crypto_bot - INFO - SCORE_BREAKDOWN: symbol=AVAXUSDT trend_score=1.00 structure_score=0.50 rsi_score=1.00 adx_score=0.50 volume_score=0.00 macd_score=0.00 total_score=3.00 min_required_score=3.00
2026-04-19 13:50:02,456 - crypto_bot - INFO - FILTER_REJECTION: symbol=AVAXUSDT hard_failed=[] soft_failed=['MACD', 'VOLUME', 'STRUCTURE']
2026-04-19 13:50:02,464 - crypto_bot - INFO - ENTRY_RISK_ADJUSTMENT: structure_state=weak position_size_factor=0.50 confirmation_passed=False reason="impulse candle missing (body_ratio=0.31)" symbol=AVAXUSDT
2026-04-19 13:50:02,464 - crypto_bot - INFO - ENTRY_DEBUG: symbol=AVAXUSDT structure_state=weak entry_type=continuation rr=0.00 entry_valid=False reason="impulse candle missing (body_ratio=0.31)"
2026-04-19 13:50:02,465 - crypto_bot - INFO - AVAXUSDT | signal_trace strict_result=False fallback_executed=True required_filters=None required_filters_result=None score=0.0 rejection_reason=relaxed signals disabled by config
2026-04-19 13:50:02,689 - crypto_bot - INFO - FILTER_CHECK: symbol=DOTUSDT trend_ok=False structure_state=invalid structure_ok=False rsi_ok=True adx_ok=True volume_ok=False macd_ok=False
2026-04-19 13:50:02,690 - crypto_bot - INFO - STRUCTURE_DEBUG: symbol=DOTUSDT trend=LONG recent_highs=[1.2796, 1.2793, 1.2761, 1.2665, 1.2646] recent_lows=[1.2689, 1.2637, 1.2646, 1.2555, 1.246] bos_detected=False structure_state=invalid reason=lower low detected in uptrend -> invalid
2026-04-19 13:50:02,690 - crypto_bot - INFO - SCORE_BREAKDOWN: symbol=DOTUSDT trend_score=0.00 structure_score=0.00 rsi_score=1.00 adx_score=0.50 volume_score=0.00 macd_score=0.00 total_score=1.50 min_required_score=3.20
2026-04-19 13:50:02,691 - crypto_bot - INFO - FILTER_REJECTION: symbol=DOTUSDT hard_failed=['TREND', 'STRUCTURE'] soft_failed=['MACD', 'VOLUME']
2026-04-19 13:50:02,691 - crypto_bot - INFO - DOTUSDT | signal_trace strict_result=False fallback_executed=False required_filters=None required_filters_result=None score=1.5 rejection_reason=hard filters failed
2026-04-19 13:50:02,926 - crypto_bot - INFO - FILTER_CHECK: symbol=XPLUSDT trend_ok=True structure_state=weak structure_ok=True rsi_ok=False adx_ok=True volume_ok=False macd_ok=False
2026-04-19 13:50:02,926 - crypto_bot - INFO - STRUCTURE_DEBUG: symbol=XPLUSDT trend=SHORT recent_highs=[0.10823, 0.10849, 0.10758, 0.10678, 0.10667] recent_lows=[0.10585, 0.10683, 0.10502, 0.10464, 0.1047] bos_detected=False structure_state=weak reason=no BOS but lower highs / developing downtrend
2026-04-19 13:50:02,927 - crypto_bot - INFO - SCORE_BREAKDOWN: symbol=XPLUSDT trend_score=1.00 structure_score=0.50 rsi_score=0.00 adx_score=0.50 volume_score=0.00 macd_score=0.00 total_score=2.00 min_required_score=3.00
2026-04-19 13:50:02,927 - crypto_bot - INFO - FILTER_REJECTION: symbol=XPLUSDT hard_failed=[] soft_failed=['RSI', 'MACD', 'VOLUME', 'STRUCTURE']
2026-04-19 13:50:02,927 - crypto_bot - INFO - XPLUSDT | signal_trace strict_result=False fallback_executed=False required_filters=None required_filters_result=None score=2.0 rejection_reason=score below adaptive threshold (2.00 < 3.00)
2026-04-19 13:50:03,153 - crypto_bot - INFO - FILTER_CHECK: symbol=BNBUSDT trend_ok=True structure_state=invalid structure_ok=False rsi_ok=True adx_ok=True volume_ok=False macd_ok=False
2026-04-19 13:50:03,154 - crypto_bot - INFO - STRUCTURE_DEBUG: symbol=BNBUSDT trend=LONG recent_highs=[624.8, 624.2, 623.2, 623.1, 622.5] recent_lows=[620.5, 619.8, 621.4, 619.5, 617.8] bos_detected=False structure_state=invalid reason=lower low detected in uptrend -> invalid
2026-04-19 13:50:03,154 - crypto_bot - INFO - SCORE_BREAKDOWN: symbol=BNBUSDT trend_score=1.00 structure_score=0.00 rsi_score=1.00 adx_score=0.50 volume_score=0.00 macd_score=0.00 total_score=2.50 min_required_score=3.20
2026-04-19 13:50:03,154 - crypto_bot - INFO - FILTER_REJECTION: symbol=BNBUSDT hard_failed=['STRUCTURE'] soft_failed=['MACD', 'VOLUME']
2026-04-19 13:50:03,155 - crypto_bot - INFO - BNBUSDT | signal_trace strict_result=False fallback_executed=False required_filters=None required_filters_result=None score=2.5 rejection_reason=hard filters failed
2026-04-19 13:50:03,380 - crypto_bot - INFO - FILTER_CHECK: symbol=DYDXUSDT trend_ok=True structure_state=strong structure_ok=True rsi_ok=False adx_ok=False volume_ok=True macd_ok=True
2026-04-19 13:50:03,381 - crypto_bot - INFO - STRUCTURE_DEBUG: symbol=DYDXUSDT trend=LONG recent_highs=[0.14442, 0.14537, 0.14802, 0.14705, 0.14754] recent_lows=[0.13885, 0.14206, 0.1436, 0.14284, 0.14412] bos_detected=True structure_state=strong reason=BOS confirmed with higher lows
2026-04-19 13:50:03,381 - crypto_bot - INFO - SCORE_BREAKDOWN: symbol=DYDXUSDT trend_score=1.00 structure_score=1.00 rsi_score=0.00 adx_score=0.00 volume_score=0.25 macd_score=1.40 total_score=3.65 min_required_score=4.00
2026-04-19 13:50:03,381 - crypto_bot - INFO - FILTER_REJECTION: symbol=DYDXUSDT hard_failed=[] soft_failed=['RSI', 'ADX']
2026-04-19 13:50:03,382 - crypto_bot - INFO - DYDXUSDT | signal_trace strict_result=False fallback_executed=False required_filters=None required_filters_result=None score=3.65 rejection_reason=score below adaptive threshold (3.65 < 4.00)
2026-04-19 13:50:03,768 - crypto_bot - INFO - FILTER_CHECK: symbol=PROMUSDT trend_ok=True structure_state=weak structure_ok=True rsi_ok=True adx_ok=True volume_ok=False macd_ok=False
2026-04-19 13:50:03,768 - crypto_bot - INFO - STRUCTURE_DEBUG: symbol=PROMUSDT trend=LONG recent_highs=[2.2315, 2.2976, 2.198, 2.1176, 2.062] recent_lows=[2.0439, 2.1104, 2.0436, 1.9761, 1.9905] bos_detected=False structure_state=weak reason=no BOS but higher lows / developing uptrend
2026-04-19 13:50:03,769 - crypto_bot - INFO - SCORE_BREAKDOWN: symbol=PROMUSDT trend_score=1.00 structure_score=0.50 rsi_score=1.00 adx_score=0.50 volume_score=0.00 macd_score=0.00 total_score=3.00 min_required_score=3.00
2026-04-19 13:50:03,769 - crypto_bot - INFO - FILTER_REJECTION: symbol=PROMUSDT hard_failed=[] soft_failed=['MACD', 'VOLUME', 'STRUCTURE']
2026-04-19 13:50:03,778 - crypto_bot - INFO - ENTRY_RISK_ADJUSTMENT: structure_state=weak position_size_factor=0.50 confirmation_passed=True reason="weak-risk checks passed" symbol=PROMUSDT
2026-04-19 13:50:03,778 - crypto_bot - INFO - ENTRY_DEBUG: symbol=PROMUSDT structure_state=weak entry_type=momentum rr=1.60 entry_valid=True reason="adaptive weak entry accepted"
2026-04-19 13:50:03,779 - crypto_bot - INFO - PROMUSDT | signal_trace strict_result=True fallback_executed=False required_filters=None required_filters_result=None score=3.0 rejection_reason=None
2026-04-19 13:50:03,779 - crypto_bot - INFO - ✅ Signal generated: PROMUSDT | strict | tf=1h | mode=MAIN | score=3.0 | entry_source=strict | passed_filters=['TREND', 'STRUCTURE', 'RSI', 'ADX'] | failed_filters=[]
2026-04-19 13:50:04,005 - crypto_bot - INFO - FILTER_CHECK: symbol=CRVUSDT trend_ok=True structure_state=weak structure_ok=True rsi_ok=True adx_ok=True volume_ok=False macd_ok=False
2026-04-19 13:50:04,005 - crypto_bot - INFO - STRUCTURE_DEBUG: symbol=CRVUSDT trend=LONG recent_highs=[0.2265, 0.2271, 0.2267, 0.2267, 0.2268] recent_lows=[0.2242, 0.2248, 0.2255, 0.2248, 0.2247] bos_detected=False structure_state=weak reason=no BOS but higher lows / developing uptrend
2026-04-19 13:50:04,006 - crypto_bot - INFO - SCORE_BREAKDOWN: symbol=CRVUSDT trend_score=1.00 structure_score=0.50 rsi_score=1.00 adx_score=0.50 volume_score=0.00 macd_score=0.00 total_score=3.00 min_required_score=3.00
2026-04-19 13:50:04,006 - crypto_bot - INFO - FILTER_REJECTION: symbol=CRVUSDT hard_failed=[] soft_failed=['MACD', 'VOLUME', 'STRUCTURE']
2026-04-19 13:50:04,015 - crypto_bot - INFO - ENTRY_RISK_ADJUSTMENT: structure_state=weak position_size_factor=0.50 confirmation_passed=False reason="impulse candle missing (body_ratio=0.36)" symbol=CRVUSDT
2026-04-19 13:50:04,016 - crypto_bot - INFO - ENTRY_DEBUG: symbol=CRVUSDT structure_state=weak entry_type=continuation rr=0.00 entry_valid=False reason="impulse candle missing (body_ratio=0.36)"
2026-04-19 13:50:04,016 - crypto_bot - INFO - CRVUSDT | signal_trace strict_result=False fallback_executed=True required_filters=None required_filters_result=None score=0.0 rejection_reason=relaxed signals disabled by config
2026-04-19 13:50:04,249 - crypto_bot - INFO - FILTER_CHECK: symbol=REQUSDT trend_ok=True structure_state=weak structure_ok=True rsi_ok=True adx_ok=True volume_ok=True macd_ok=False
2026-04-19 13:50:04,250 - crypto_bot - INFO - STRUCTURE_DEBUG: symbol=REQUSDT trend=LONG recent_highs=[0.16092, 0.14662, 0.12653, 0.11712, 0.12774] recent_lows=[0.13563, 0.11463, 0.11472, 0.10747, 0.10851] bos_detected=False structure_state=weak reason=no BOS but higher lows / developing uptrend
2026-04-19 13:50:04,250 - crypto_bot - INFO - SCORE_BREAKDOWN: symbol=REQUSDT trend_score=1.00 structure_score=0.50 rsi_score=1.00 adx_score=0.50 volume_score=0.25 macd_score=0.00 total_score=3.25 min_required_score=3.00
2026-04-19 13:50:04,251 - crypto_bot - INFO - FILTER_REJECTION: symbol=REQUSDT hard_failed=[] soft_failed=['MACD', 'STRUCTURE']
2026-04-19 13:50:04,259 - crypto_bot - INFO - ENTRY_RISK_ADJUSTMENT: structure_state=weak position_size_factor=0.50 confirmation_passed=False reason="impulse candle missing (body_ratio=0.45)" symbol=REQUSDT
2026-04-19 13:50:04,259 - crypto_bot - INFO - ENTRY_DEBUG: symbol=REQUSDT structure_state=weak entry_type=continuation rr=0.00 entry_valid=False reason="impulse candle missing (body_ratio=0.45)"
2026-04-19 13:50:04,260 - crypto_bot - INFO - REQUSDT | signal_trace strict_result=False fallback_executed=True required_filters=None required_filters_result=None score=0.0 rejection_reason=relaxed signals disabled by config
2026-04-19 13:50:04,486 - crypto_bot - INFO - FILTER_CHECK: symbol=IPUSDT trend_ok=False structure_state=weak structure_ok=True rsi_ok=True adx_ok=True volume_ok=False macd_ok=False
2026-04-19 13:50:04,486 - crypto_bot - INFO - STRUCTURE_DEBUG: symbol=IPUSDT trend=LONG recent_highs=[0.5402, 0.5331, 0.5285, 0.522, 0.5219] recent_lows=[0.5274, 0.526, 0.5193, 0.5176, 0.5143] bos_detected=False structure_state=weak reason=no BOS but higher lows / developing uptrend
2026-04-19 13:50:04,486 - crypto_bot - INFO - SCORE_BREAKDOWN: symbol=IPUSDT trend_score=0.00 structure_score=0.50 rsi_score=1.00 adx_score=0.50 volume_score=0.00 macd_score=0.00 total_score=2.00 min_required_score=3.00
2026-04-19 13:50:04,487 - crypto_bot - INFO - FILTER_REJECTION: symbol=IPUSDT hard_failed=['TREND'] soft_failed=['MACD', 'VOLUME', 'STRUCTURE']
2026-04-19 13:50:04,487 - crypto_bot - INFO - IPUSDT | signal_trace strict_result=False fallback_executed=False required_filters=None required_filters_result=None score=2.0 rejection_reason=hard filters failed
2026-04-19 13:50:04,725 - crypto_bot - INFO - FILTER_CHECK: symbol=BASEDUSDT trend_ok=False structure_state=weak structure_ok=True rsi_ok=True adx_ok=True volume_ok=False macd_ok=True
2026-04-19 13:50:04,725 - crypto_bot - INFO - STRUCTURE_DEBUG: symbol=BASEDUSDT trend=LONG recent_highs=[0.087, 0.0859, 0.0897, 0.0906, 0.0929] recent_lows=[0.0825, 0.0836, 0.0836, 0.0863, 0.0865] bos_detected=False structure_state=weak reason=no BOS but higher lows / developing uptrend
2026-04-19 13:50:04,725 - crypto_bot - INFO - SCORE_BREAKDOWN: symbol=BASEDUSDT trend_score=0.00 structure_score=0.50 rsi_score=1.00 adx_score=0.50 volume_score=0.00 macd_score=1.40 total_score=3.40 min_required_score=3.00
2026-04-19 13:50:04,726 - crypto_bot - INFO - FILTER_REJECTION: symbol=BASEDUSDT hard_failed=['TREND'] soft_failed=['VOLUME', 'STRUCTURE']
2026-04-19 13:50:04,726 - crypto_bot - INFO - BASEDUSDT | signal_trace strict_result=False fallback_executed=False required_filters=None required_filters_result=None score=3.4 rejection_reason=hard filters failed
2026-04-19 13:50:04,726 - crypto_bot - INFO - 📊 Total signals after scan: 2
2026-04-19 13:50:04,727 - crypto_bot - INFO -  STRICT_PIPELINE_METRICS: potential_signals=9 strict_signals=2 raw_candidates=40
2026-04-19 13:50:04,727 - crypto_bot - INFO - AUTO_DIAGNOSTIC: potential_signals=9 strict_signals=2 scalping_signals=0 avg_score=1.50 rejection_top_reasons=[('relaxed signals disabled by config', 16), ('hard filters failed', 14), ('score below adaptive threshold (3.90 < 4.00)', 2)]
2026-04-19 13:50:04,727 - crypto_bot - INFO - AUTO_DIAGNOSTIC_EXTENDED: main_signal_count=2 scalping_signal_count=0 avg_score_main=3.00 avg_score_scalping=0.00
2026-04-19 13:50:04,728 - crypto_bot - INFO - 📊 Signals found: 2
2026-04-19 13:50:04,728 - crypto_bot - INFO - SIGNAL_DECISION: symbol=HYPEUSDT mode=MAIN status=IGNORE score=3.00 threshold=3.20 entry_source=strict reason=OPEN
2026-04-19 13:50:04,730 - crypto_bot - INFO - SIGNAL_IGNORED_NO_IMPROVEMENT: symbol=HYPEUSDT mode=MAIN entry_source=strict action=IGNORE reason=both below upgrade threshold
2026-04-19 13:50:04,730 - crypto_bot - INFO - SIGNAL_DECISION: symbol=PROMUSDT mode=MAIN status=IGNORE score=3.00 threshold=3.20 entry_source=strict reason=OPEN
2026-04-19 13:50:04,732 - crypto_bot - INFO - SIGNAL_IGNORED_NO_IMPROVEMENT: symbol=PROMUSDT mode=MAIN entry_source=strict action=IGNORE reason=both below upgrade threshold
2026-04-19 13:50:04,732 - crypto_bot - INFO - AUTO_DIAGNOSTIC_PORTFOLIO: avg_portfolio_risk=0.00 avg_exposure=0.00 signals_blocked_by_risk=9 signals_scaled_by_risk=0
2026-04-19 13:50:04,733 - crypto_bot - INFO - ⏳ Sleeping for 300 seconds
2026-04-19 13:55:04,778 - crypto_bot - INFO - 🔍 Starting market scan for top-50 symbols...
2026-04-19 13:55:05,718 - crypto_bot - INFO - [MARKET] get_top_usdt_pairs prepared 534 liquid swap symbols
2026-04-19 13:55:05,719 - crypto_bot - INFO - 📈 Top-50 symbols fetched: 50
2026-04-19 13:55:05,719 - crypto_bot - INFO - 🔥 Active symbols after filter: 40 / 50
2026-04-19 13:55:05,720 - crypto_bot - INFO -  RAW_CANDIDATES_BEFORE_STRICT_FILTERS: count=40 mode=MAIN
2026-04-19 13:55:06,186 - crypto_bot - INFO - FILTER_CHECK: symbol=BTCUSDT trend_ok=True structure_state=weak structure_ok=True rsi_ok=True adx_ok=True volume_ok=True macd_ok=False
2026-04-19 13:55:06,186 - crypto_bot - INFO - STRUCTURE_DEBUG: symbol=BTCUSDT trend=LONG recent_highs=[75606.9, 75748.7, 75650.0, 75510.0, 75358.8] recent_lows=[75302.8, 75369.2, 75470.6, 75219.3, 74810.3] bos_detected=False structure_state=weak reason=no BOS but higher lows / developing uptrend
2026-04-19 13:55:06,186 - crypto_bot - INFO - SCORE_BREAKDOWN: symbol=BTCUSDT trend_score=1.00 structure_score=0.50 rsi_score=1.00 adx_score=0.50 volume_score=0.25 macd_score=0.00 total_score=3.25 min_required_score=3.00
2026-04-19 13:55:06,187 - crypto_bot - INFO - FILTER_REJECTION: symbol=BTCUSDT hard_failed=[] soft_failed=['MACD', 'STRUCTURE']
2026-04-19 13:55:06,195 - crypto_bot - INFO - ENTRY_RISK_ADJUSTMENT: structure_state=weak position_size_factor=0.50 confirmation_passed=False reason="impulse candle missing (body_ratio=0.04)" symbol=BTCUSDT
2026-04-19 13:55:06,195 - crypto_bot - INFO - ENTRY_DEBUG: symbol=BTCUSDT structure_state=weak entry_type=continuation rr=0.00 entry_valid=False reason="impulse candle missing (body_ratio=0.04)"
2026-04-19 13:55:06,196 - crypto_bot - INFO - BTCUSDT | signal_trace strict_result=False fallback_executed=True required_filters=None required_filters_result=None score=0.0 rejection_reason=relaxed signals disabled by config
2026-04-19 13:55:06,424 - crypto_bot - INFO - FILTER_CHECK: symbol=ETHUSDT trend_ok=True structure_state=invalid structure_ok=False rsi_ok=True adx_ok=True volume_ok=False macd_ok=False
2026-04-19 13:55:06,424 - crypto_bot - INFO - STRUCTURE_DEBUG: symbol=ETHUSDT trend=LONG recent_highs=[2343.53, 2344.99, 2337.32, 2331.72, 2326.32] recent_lows=[2330.36, 2320.0, 2327.43, 2319.66, 2294.43] bos_detected=False structure_state=invalid reason=lower low detected in uptrend -> invalid
2026-04-19 13:55:06,424 - crypto_bot - INFO - SCORE_BREAKDOWN: symbol=ETHUSDT trend_score=1.00 structure_score=0.00 rsi_score=1.00 adx_score=0.50 volume_score=0.00 macd_score=0.00 total_score=2.50 min_required_score=3.20
2026-04-19 13:55:06,425 - crypto_bot - INFO - FILTER_REJECTION: symbol=ETHUSDT hard_failed=['STRUCTURE'] soft_failed=['MACD', 'VOLUME']
2026-04-19 13:55:06,425 - crypto_bot - INFO - ETHUSDT | signal_trace strict_result=False fallback_executed=False required_filters=None required_filters_result=None score=2.5 rejection_reason=hard filters failed
2026-04-19 13:55:06,651 - crypto_bot - INFO - FILTER_CHECK: symbol=RAVEUSDT trend_ok=True structure_state=strong structure_ok=True rsi_ok=False adx_ok=True volume_ok=False macd_ok=False
2026-04-19 13:55:06,651 - crypto_bot - INFO - STRUCTURE_DEBUG: symbol=RAVEUSDT trend=SHORT recent_highs=[1.82433, 1.75, 1.52425, 1.71747, 1.47373] recent_lows=[1.18965, 1.15206, 1.12455, 1.28858, 1.14125] bos_detected=True structure_state=strong reason=BOS confirmed with lower highs
2026-04-19 13:55:06,652 - crypto_bot - INFO - SCORE_BREAKDOWN: symbol=RAVEUSDT trend_score=1.00 structure_score=1.00 rsi_score=0.00 adx_score=0.50 volume_score=0.00 macd_score=0.00 total_score=2.50 min_required_score=4.00
2026-04-19 13:55:06,652 - crypto_bot - INFO - FILTER_REJECTION: symbol=RAVEUSDT hard_failed=[] soft_failed=['RSI', 'MACD', 'VOLUME']
2026-04-19 13:55:06,652 - crypto_bot - INFO - RAVEUSDT | signal_trace strict_result=False fallback_executed=False required_filters=None required_filters_result=None score=2.5 rejection_reason=score below adaptive threshold (2.50 < 4.00)
2026-04-19 13:55:06,884 - crypto_bot - INFO - FILTER_CHECK: symbol=SOLUSDT trend_ok=False structure_state=invalid structure_ok=False rsi_ok=True adx_ok=True volume_ok=True macd_ok=False
2026-04-19 13:55:06,885 - crypto_bot - INFO - STRUCTURE_DEBUG: symbol=SOLUSDT trend=LONG recent_highs=[85.75, 85.93, 85.77, 85.62, 85.4] recent_lows=[85.27, 85.1, 85.34, 85.09, 84.36] bos_detected=False structure_state=invalid reason=lower low detected in uptrend -> invalid
2026-04-19 13:55:06,885 - crypto_bot - INFO - SCORE_BREAKDOWN: symbol=SOLUSDT trend_score=0.00 structure_score=0.00 rsi_score=1.00 adx_score=0.50 volume_score=0.25 macd_score=0.00 total_score=1.75 min_required_score=3.20
2026-04-19 13:55:06,886 - crypto_bot - INFO - FILTER_REJECTION: symbol=SOLUSDT hard_failed=['TREND', 'STRUCTURE'] soft_failed=['MACD']
2026-04-19 13:55:06,886 - crypto_bot - INFO - SOLUSDT | signal_trace strict_result=False fallback_executed=False required_filters=None required_filters_result=None score=1.75 rejection_reason=hard filters failed
2026-04-19 13:55:07,110 - crypto_bot - INFO - FILTER_CHECK: symbol=XRPUSDT trend_ok=True structure_state=weak structure_ok=True rsi_ok=True adx_ok=True volume_ok=True macd_ok=True
2026-04-19 13:55:07,111 - crypto_bot - INFO - STRUCTURE_DEBUG: symbol=XRPUSDT trend=LONG recent_highs=[1.4332, 1.4328, 1.4427, 1.4302, 1.4288] recent_lows=[1.4256, 1.4221, 1.4286, 1.4151, 1.4129] bos_detected=False structure_state=weak reason=no BOS but higher lows / developing uptrend
2026-04-19 13:55:07,111 - crypto_bot - INFO - SCORE_BREAKDOWN: symbol=XRPUSDT trend_score=1.00 structure_score=0.50 rsi_score=1.00 adx_score=0.50 volume_score=0.25 macd_score=1.40 total_score=4.65 min_required_score=3.00
2026-04-19 13:55:07,112 - crypto_bot - INFO - FILTER_REJECTION: symbol=XRPUSDT hard_failed=[] soft_failed=['STRUCTURE']
2026-04-19 13:55:07,120 - crypto_bot - INFO - ENTRY_RISK_ADJUSTMENT: structure_state=weak position_size_factor=0.50 confirmation_passed=False reason="impulse candle missing (body_ratio=0.35)" symbol=XRPUSDT
2026-04-19 13:55:07,120 - crypto_bot - INFO - ENTRY_DEBUG: symbol=XRPUSDT structure_state=weak entry_type=continuation rr=0.00 entry_valid=False reason="impulse candle missing (body_ratio=0.35)"
2026-04-19 13:55:07,121 - crypto_bot - INFO - XRPUSDT | signal_trace strict_result=False fallback_executed=True required_filters=None required_filters_result=None score=0.0 rejection_reason=relaxed signals disabled by config
2026-04-19 13:55:07,345 - crypto_bot - INFO - FILTER_CHECK: symbol=AAVEUSDT trend_ok=False structure_state=invalid structure_ok=False rsi_ok=True adx_ok=True volume_ok=False macd_ok=False
2026-04-19 13:55:07,346 - crypto_bot - INFO - STRUCTURE_DEBUG: symbol=AAVEUSDT trend=LONG recent_highs=[96.8, 95.42, 95.26, 92.97, 92.7] recent_lows=[94.33, 92.78, 92.87, 91.26, 91.34] bos_detected=False structure_state=invalid reason=lower low detected in uptrend -> invalid
2026-04-19 13:55:07,346 - crypto_bot - INFO - SCORE_BREAKDOWN: symbol=AAVEUSDT trend_score=0.00 structure_score=0.00 rsi_score=1.00 adx_score=0.50 volume_score=0.00 macd_score=0.00 total_score=1.50 min_required_score=3.20
2026-04-19 13:55:07,347 - crypto_bot - INFO - FILTER_REJECTION: symbol=AAVEUSDT hard_failed=['TREND', 'STRUCTURE'] soft_failed=['MACD', 'VOLUME']
2026-04-19 13:55:07,347 - crypto_bot - INFO - AAVEUSDT | signal_trace strict_result=False fallback_executed=False required_filters=None required_filters_result=None score=1.5 rejection_reason=hard filters failed
2026-04-19 13:55:07,573 - crypto_bot - INFO - FILTER_CHECK: symbol=HIGHUSDT trend_ok=True structure_state=weak structure_ok=True rsi_ok=False adx_ok=True volume_ok=True macd_ok=True
2026-04-19 13:55:07,574 - crypto_bot - INFO - STRUCTURE_DEBUG: symbol=HIGHUSDT trend=LONG recent_highs=[0.27795, 0.27148, 0.25901, 0.3, 0.37568] recent_lows=[0.25871, 0.24331, 0.24597, 0.24131, 0.27469] bos_detected=True structure_state=weak reason=no BOS but higher lows / developing uptrend
2026-04-19 13:55:07,574 - crypto_bot - INFO - SCORE_BREAKDOWN: symbol=HIGHUSDT trend_score=1.00 structure_score=0.50 rsi_score=0.00 adx_score=0.50 volume_score=0.25 macd_score=1.40 total_score=3.65 min_required_score=3.00
2026-04-19 13:55:07,575 - crypto_bot - INFO - FILTER_REJECTION: symbol=HIGHUSDT hard_failed=[] soft_failed=['RSI', 'STRUCTURE']
2026-04-19 13:55:07,585 - crypto_bot - INFO - ENTRY_RISK_ADJUSTMENT: structure_state=weak position_size_factor=0.50 confirmation_passed=False reason="impulse candle missing (body_ratio=0.41)" symbol=HIGHUSDT
2026-04-19 13:55:07,585 - crypto_bot - INFO - ENTRY_DEBUG: symbol=HIGHUSDT structure_state=weak entry_type=continuation rr=0.00 entry_valid=False reason="impulse candle missing (body_ratio=0.41)"
2026-04-19 13:55:07,585 - crypto_bot - INFO - HIGHUSDT | signal_trace strict_result=False fallback_executed=True required_filters=None required_filters_result=None score=0.0 rejection_reason=relaxed signals disabled by config
2026-04-19 13:55:07,814 - crypto_bot - INFO - FILTER_CHECK: symbol=ORDIUSDT trend_ok=True structure_state=weak structure_ok=True rsi_ok=True adx_ok=True volume_ok=True macd_ok=False
2026-04-19 13:55:07,814 - crypto_bot - INFO - STRUCTURE_DEBUG: symbol=ORDIUSDT trend=LONG recent_highs=[4.669, 4.238, 4.579, 4.658, 4.686] recent_lows=[4.15, 3.84, 3.85, 4.366, 4.331] bos_detected=False structure_state=weak reason=no BOS but higher lows / developing uptrend
2026-04-19 13:55:07,815 - crypto_bot - INFO - SCORE_BREAKDOWN: symbol=ORDIUSDT trend_score=1.00 structure_score=0.50 rsi_score=1.00 adx_score=0.50 volume_score=0.25 macd_score=0.00 total_score=3.25 min_required_score=3.00
2026-04-19 13:55:07,815 - crypto_bot - INFO - FILTER_REJECTION: symbol=ORDIUSDT hard_failed=[] soft_failed=['MACD', 'STRUCTURE']
2026-04-19 13:55:07,824 - crypto_bot - INFO - ENTRY_RISK_ADJUSTMENT: structure_state=weak position_size_factor=0.50 confirmation_passed=False reason="impulse candle missing (body_ratio=0.31)" symbol=ORDIUSDT
2026-04-19 13:55:07,824 - crypto_bot - INFO - ENTRY_DEBUG: symbol=ORDIUSDT structure_state=weak entry_type=continuation rr=0.00 entry_valid=False reason="impulse candle missing (body_ratio=0.31)"
2026-04-19 13:55:07,825 - crypto_bot - INFO - ORDIUSDT | signal_trace strict_result=False fallback_executed=True required_filters=None required_filters_result=None score=0.0 rejection_reason=relaxed signals disabled by config
2026-04-19 13:55:08,048 - crypto_bot - INFO - FILTER_CHECK: symbol=DOGEUSDT trend_ok=False structure_state=weak structure_ok=True rsi_ok=True adx_ok=True volume_ok=False macd_ok=True
2026-04-19 13:55:08,048 - crypto_bot - INFO - STRUCTURE_DEBUG: symbol=DOGEUSDT trend=LONG recent_highs=[0.09503, 0.09478, 0.09516, 0.09501, 0.09484] recent_lows=[0.0944, 0.09405, 0.0945, 0.09443, 0.09334] bos_detected=False structure_state=weak reason=no BOS but higher lows / developing uptrend
2026-04-19 13:55:08,049 - crypto_bot - INFO - SCORE_BREAKDOWN: symbol=DOGEUSDT trend_score=0.00 structure_score=0.50 rsi_score=1.00 adx_score=0.50 volume_score=0.00 macd_score=1.40 total_score=3.40 min_required_score=3.00
2026-04-19 13:55:08,049 - crypto_bot - INFO - FILTER_REJECTION: symbol=DOGEUSDT hard_failed=['TREND'] soft_failed=['VOLUME', 'STRUCTURE']
2026-04-19 13:55:08,050 - crypto_bot - INFO - DOGEUSDT | signal_trace strict_result=False fallback_executed=False required_filters=None required_filters_result=None score=3.4 rejection_reason=hard filters failed
2026-04-19 13:55:08,275 - crypto_bot - INFO - FILTER_CHECK: symbol=1000PEPEUSDT trend_ok=True structure_state=weak structure_ok=True rsi_ok=True adx_ok=True volume_ok=False macd_ok=True
2026-04-19 13:55:08,276 - crypto_bot - INFO - STRUCTURE_DEBUG: symbol=1000PEPEUSDT trend=LONG recent_highs=[0.003783, 0.003775, 0.003793, 0.003806, 0.003784] recent_lows=[0.003735, 0.003736, 0.003748, 0.003745, 0.003715] bos_detected=False structure_state=weak reason=no BOS but higher lows / developing uptrend
2026-04-19 13:55:08,276 - crypto_bot - INFO - SCORE_BREAKDOWN: symbol=1000PEPEUSDT trend_score=1.00 structure_score=0.50 rsi_score=1.00 adx_score=0.50 volume_score=0.00 macd_score=1.40 total_score=4.40 min_required_score=3.00
2026-04-19 13:55:08,276 - crypto_bot - INFO - FILTER_REJECTION: symbol=1000PEPEUSDT hard_failed=[] soft_failed=['VOLUME', 'STRUCTURE']
2026-04-19 13:55:08,285 - crypto_bot - INFO - ENTRY_RISK_ADJUSTMENT: structure_state=weak position_size_factor=0.50 confirmation_passed=False reason="impulse candle missing (body_ratio=0.36)" symbol=1000PEPEUSDT
2026-04-19 13:55:08,285 - crypto_bot - INFO - ENTRY_DEBUG: symbol=1000PEPEUSDT structure_state=weak entry_type=continuation rr=0.00 entry_valid=False reason="impulse candle missing (body_ratio=0.36)"
2026-04-19 13:55:08,285 - crypto_bot - INFO - 1000PEPEUSDT | signal_trace strict_result=False fallback_executed=True required_filters=None required_filters_result=None score=0.0 rejection_reason=relaxed signals disabled by config
2026-04-19 13:55:08,510 - crypto_bot - INFO - FILTER_CHECK: symbol=HYPEUSDT trend_ok=True structure_state=weak structure_ok=True rsi_ok=True adx_ok=True volume_ok=False macd_ok=False
2026-04-19 13:55:08,510 - crypto_bot - INFO - STRUCTURE_DEBUG: symbol=HYPEUSDT trend=LONG recent_highs=[43.458, 43.619, 43.662, 43.452, 43.442] recent_lows=[43.152, 43.3, 43.412, 43.161, 42.869] bos_detected=False structure_state=weak reason=no BOS but higher lows / developing uptrend
2026-04-19 13:55:08,511 - crypto_bot - INFO - SCORE_BREAKDOWN: symbol=HYPEUSDT trend_score=1.00 structure_score=0.50 rsi_score=1.00 adx_score=0.50 volume_score=0.00 macd_score=0.00 total_score=3.00 min_required_score=3.00
2026-04-19 13:55:08,511 - crypto_bot - INFO - FILTER_REJECTION: symbol=HYPEUSDT hard_failed=[] soft_failed=['MACD', 'VOLUME', 'STRUCTURE']
2026-04-19 13:55:08,519 - crypto_bot - INFO - ENTRY_RISK_ADJUSTMENT: structure_state=weak position_size_factor=0.50 confirmation_passed=True reason="weak-risk checks passed" symbol=HYPEUSDT
2026-04-19 13:55:08,520 - crypto_bot - INFO - ENTRY_DEBUG: symbol=HYPEUSDT structure_state=weak entry_type=continuation rr=1.60 entry_valid=True reason="adaptive weak entry accepted"
2026-04-19 13:55:08,521 - crypto_bot - INFO - HYPEUSDT | signal_trace strict_result=True fallback_executed=False required_filters=None required_filters_result=None score=3.0 rejection_reason=None
2026-04-19 13:55:08,521 - crypto_bot - INFO - ✅ Signal generated: HYPEUSDT | strict | tf=1h | mode=MAIN | score=3.0 | entry_source=strict | passed_filters=['TREND', 'STRUCTURE', 'RSI', 'ADX'] | failed_filters=[]
2026-04-19 13:55:08,970 - crypto_bot - INFO - FILTER_CHECK: symbol=ENAUSDT trend_ok=True structure_state=invalid structure_ok=False rsi_ok=True adx_ok=False volume_ok=True macd_ok=False
2026-04-19 13:55:08,971 - crypto_bot - INFO - STRUCTURE_DEBUG: symbol=ENAUSDT trend=LONG recent_highs=[0.12041, 0.12116, 0.12186, 0.1211, 0.12098] recent_lows=[0.1176, 0.11933, 0.12016, 0.11941, 0.11752] bos_detected=False structure_state=invalid reason=lower low detected in uptrend -> invalid
2026-04-19 13:55:08,971 - crypto_bot - INFO - SCORE_BREAKDOWN: symbol=ENAUSDT trend_score=1.00 structure_score=0.00 rsi_score=1.00 adx_score=0.00 volume_score=0.25 macd_score=0.00 total_score=2.25 min_required_score=3.20
2026-04-19 13:55:08,972 - crypto_bot - INFO - FILTER_REJECTION: symbol=ENAUSDT hard_failed=['STRUCTURE'] soft_failed=['MACD', 'ADX']
2026-04-19 13:55:08,972 - crypto_bot - INFO - ENAUSDT | signal_trace strict_result=False fallback_executed=False required_filters=None required_filters_result=None score=2.25 rejection_reason=hard filters failed
2026-04-19 13:55:09,200 - crypto_bot - INFO - FILTER_CHECK: symbol=ADAUSDT trend_ok=False structure_state=invalid structure_ok=False rsi_ok=True adx_ok=True volume_ok=False macd_ok=False
2026-04-19 13:55:09,201 - crypto_bot - INFO - STRUCTURE_DEBUG: symbol=ADAUSDT trend=LONG recent_highs=[0.2489, 0.2487, 0.2488, 0.2478, 0.2471] recent_lows=[0.2468, 0.2459, 0.247, 0.2458, 0.2442] bos_detected=False structure_state=invalid reason=lower low detected in uptrend -> invalid
2026-04-19 13:55:09,201 - crypto_bot - INFO - SCORE_BREAKDOWN: symbol=ADAUSDT trend_score=0.00 structure_score=0.00 rsi_score=1.00 adx_score=0.50 volume_score=0.00 macd_score=0.00 total_score=1.50 min_required_score=3.20
2026-04-19 13:55:09,202 - crypto_bot - INFO - FILTER_REJECTION: symbol=ADAUSDT hard_failed=['TREND', 'STRUCTURE'] soft_failed=['MACD', 'VOLUME']
2026-04-19 13:55:09,202 - crypto_bot - INFO - ADAUSDT | signal_trace strict_result=False fallback_executed=False required_filters=None required_filters_result=None score=1.5 rejection_reason=hard filters failed
2026-04-19 13:55:09,426 - crypto_bot - INFO - FILTER_CHECK: symbol=SUIUSDT trend_ok=False structure_state=weak structure_ok=True rsi_ok=True adx_ok=True volume_ok=True macd_ok=True
2026-04-19 13:55:09,427 - crypto_bot - INFO - STRUCTURE_DEBUG: symbol=SUIUSDT trend=LONG recent_highs=[0.9521, 0.9508, 0.951, 0.948, 0.9476] recent_lows=[0.9423, 0.9401, 0.945, 0.94, 0.9364] bos_detected=False structure_state=weak reason=no BOS but higher lows / developing uptrend
2026-04-19 13:55:09,427 - crypto_bot - INFO - SCORE_BREAKDOWN: symbol=SUIUSDT trend_score=0.00 structure_score=0.50 rsi_score=1.00 adx_score=0.50 volume_score=0.25 macd_score=1.40 total_score=3.65 min_required_score=3.00
2026-04-19 13:55:09,428 - crypto_bot - INFO - FILTER_REJECTION: symbol=SUIUSDT hard_failed=['TREND'] soft_failed=['STRUCTURE']
2026-04-19 13:55:09,428 - crypto_bot - INFO - SUIUSDT | signal_trace strict_result=False fallback_executed=False required_filters=None required_filters_result=None score=3.65 rejection_reason=hard filters failed
2026-04-19 13:55:09,652 - crypto_bot - INFO - FILTER_CHECK: symbol=FARTCOINUSDT trend_ok=False structure_state=weak structure_ok=True rsi_ok=True adx_ok=True volume_ok=False macd_ok=True
2026-04-19 13:55:09,653 - crypto_bot - INFO - STRUCTURE_DEBUG: symbol=FARTCOINUSDT trend=LONG recent_highs=[0.19899, 0.19847, 0.19973, 0.2, 0.19917] recent_lows=[0.1952, 0.19578, 0.1974, 0.19684, 0.19618] bos_detected=False structure_state=weak reason=no BOS but higher lows / developing uptrend
2026-04-19 13:55:09,653 - crypto_bot - INFO - SCORE_BREAKDOWN: symbol=FARTCOINUSDT trend_score=0.00 structure_score=0.50 rsi_score=1.00 adx_score=0.50 volume_score=0.00 macd_score=1.40 total_score=3.40 min_required_score=3.00
2026-04-19 13:55:09,654 - crypto_bot - INFO - FILTER_REJECTION: symbol=FARTCOINUSDT hard_failed=['TREND'] soft_failed=['VOLUME', 'STRUCTURE']
2026-04-19 13:55:09,654 - crypto_bot - INFO - FARTCOINUSDT | signal_trace strict_result=False fallback_executed=False required_filters=None required_filters_result=None score=3.4 rejection_reason=hard filters failed
2026-04-19 13:55:09,877 - crypto_bot - INFO - FILTER_CHECK: symbol=SIRENUSDT trend_ok=True structure_state=strong structure_ok=True rsi_ok=False adx_ok=True volume_ok=False macd_ok=True
2026-04-19 13:55:09,878 - crypto_bot - INFO - STRUCTURE_DEBUG: symbol=SIRENUSDT trend=SHORT recent_highs=[0.72574, 0.69727, 0.67024, 0.72524, 0.71499] recent_lows=[0.67067, 0.50071, 0.51301, 0.63667, 0.65735] bos_detected=True structure_state=strong reason=BOS confirmed with lower highs
2026-04-19 13:55:09,878 - crypto_bot - INFO - SCORE_BREAKDOWN: symbol=SIRENUSDT trend_score=1.00 structure_score=1.00 rsi_score=0.00 adx_score=0.50 volume_score=0.00 macd_score=1.40 total_score=3.90 min_required_score=4.00
2026-04-19 13:55:09,879 - crypto_bot - INFO - FILTER_REJECTION: symbol=SIRENUSDT hard_failed=[] soft_failed=['RSI', 'VOLUME']
2026-04-19 13:55:09,879 - crypto_bot - INFO - SIRENUSDT | signal_trace strict_result=False fallback_executed=False required_filters=None required_filters_result=None score=3.9 rejection_reason=score below adaptive threshold (3.90 < 4.00)
2026-04-19 13:55:10,104 - crypto_bot - INFO - FILTER_CHECK: symbol=BIOUSDT trend_ok=True structure_state=weak structure_ok=True rsi_ok=False adx_ok=True volume_ok=False macd_ok=True
2026-04-19 13:55:10,104 - crypto_bot - INFO - STRUCTURE_DEBUG: symbol=BIOUSDT trend=LONG recent_highs=[0.03023, 0.03068, 0.03054, 0.03159, 0.03232] recent_lows=[0.02942, 0.02948, 0.02948, 0.02974, 0.03068] bos_detected=False structure_state=weak reason=no BOS but higher lows / developing uptrend
2026-04-19 13:55:10,105 - crypto_bot - INFO - SCORE_BREAKDOWN: symbol=BIOUSDT trend_score=1.00 structure_score=0.50 rsi_score=0.00 adx_score=0.50 volume_score=0.00 macd_score=1.40 total_score=3.40 min_required_score=3.00
2026-04-19 13:55:10,105 - crypto_bot - INFO - FILTER_REJECTION: symbol=BIOUSDT hard_failed=[] soft_failed=['RSI', 'VOLUME', 'STRUCTURE']
2026-04-19 13:55:10,113 - crypto_bot - INFO - ENTRY_RISK_ADJUSTMENT: structure_state=weak position_size_factor=0.50 confirmation_passed=False reason="impulse candle missing (body_ratio=0.38)" symbol=BIOUSDT
2026-04-19 13:55:10,114 - crypto_bot - INFO - ENTRY_DEBUG: symbol=BIOUSDT structure_state=weak entry_type=continuation rr=0.00 entry_valid=False reason="impulse candle missing (body_ratio=0.38)"
2026-04-19 13:55:10,114 - crypto_bot - INFO - BIOUSDT | signal_trace strict_result=False fallback_executed=True required_filters=None required_filters_result=None score=0.0 rejection_reason=relaxed signals disabled by config
2026-04-19 13:55:10,340 - crypto_bot - INFO - FILTER_CHECK: symbol=MOVEUSDT trend_ok=True structure_state=weak structure_ok=True rsi_ok=True adx_ok=True volume_ok=False macd_ok=True
2026-04-19 13:55:10,340 - crypto_bot - INFO - STRUCTURE_DEBUG: symbol=MOVEUSDT trend=LONG recent_highs=[0.01959, 0.01979, 0.01983, 0.02535, 0.0214] recent_lows=[0.01906, 0.0194, 0.01908, 0.01881, 0.02007] bos_detected=False structure_state=weak reason=no BOS but higher lows / developing uptrend
2026-04-19 13:55:10,341 - crypto_bot - INFO - SCORE_BREAKDOWN: symbol=MOVEUSDT trend_score=1.00 structure_score=0.50 rsi_score=1.00 adx_score=0.50 volume_score=0.00 macd_score=1.40 total_score=4.40 min_required_score=3.00
2026-04-19 13:55:10,341 - crypto_bot - INFO - FILTER_REJECTION: symbol=MOVEUSDT hard_failed=[] soft_failed=['VOLUME', 'STRUCTURE']
2026-04-19 13:55:10,349 - crypto_bot - INFO - ENTRY_RISK_ADJUSTMENT: structure_state=weak position_size_factor=0.50 confirmation_passed=False reason="impulse candle missing (body_ratio=0.59)" symbol=MOVEUSDT
2026-04-19 13:55:10,350 - crypto_bot - INFO - ENTRY_DEBUG: symbol=MOVEUSDT structure_state=weak entry_type=continuation rr=0.00 entry_valid=False reason="impulse candle missing (body_ratio=0.59)"
2026-04-19 13:55:10,350 - crypto_bot - INFO - MOVEUSDT | signal_trace strict_result=False fallback_executed=True required_filters=None required_filters_result=None score=0.0 rejection_reason=relaxed signals disabled by config
2026-04-19 13:55:10,576 - crypto_bot - INFO - FILTER_CHECK: symbol=ENJUSDT trend_ok=True structure_state=strong structure_ok=True rsi_ok=False adx_ok=True volume_ok=True macd_ok=True
2026-04-19 13:55:10,577 - crypto_bot - INFO - STRUCTURE_DEBUG: symbol=ENJUSDT trend=LONG recent_highs=[0.058044, 0.06113, 0.064852, 0.068262, 0.066384] recent_lows=[0.055846, 0.057214, 0.056862, 0.061831, 0.062292] bos_detected=True structure_state=strong reason=BOS confirmed with higher lows
2026-04-19 13:55:10,577 - crypto_bot - INFO - SCORE_BREAKDOWN: symbol=ENJUSDT trend_score=1.00 structure_score=1.00 rsi_score=0.00 adx_score=0.50 volume_score=0.25 macd_score=1.40 total_score=4.15 min_required_score=4.00
2026-04-19 13:55:10,577 - crypto_bot - INFO - FILTER_REJECTION: symbol=ENJUSDT hard_failed=[] soft_failed=['RSI']
2026-04-19 13:55:10,585 - crypto_bot - INFO - ENJUSDT | signal_trace strict_result=False fallback_executed=True required_filters=None required_filters_result=None score=0.0 rejection_reason=relaxed signals disabled by config
2026-04-19 13:55:10,811 - crypto_bot - INFO - FILTER_CHECK: symbol=API3USDT trend_ok=True structure_state=invalid structure_ok=False rsi_ok=True adx_ok=True volume_ok=False macd_ok=False
2026-04-19 13:55:10,811 - crypto_bot - INFO - STRUCTURE_DEBUG: symbol=API3USDT trend=LONG recent_highs=[0.3472, 0.3465, 0.3414, 0.3338, 0.3355] recent_lows=[0.3412, 0.3357, 0.3319, 0.3307, 0.3302] bos_detected=False structure_state=invalid reason=lower low detected in uptrend -> invalid
2026-04-19 13:55:10,812 - crypto_bot - INFO - SCORE_BREAKDOWN: symbol=API3USDT trend_score=1.00 structure_score=0.00 rsi_score=1.00 adx_score=0.50 volume_score=0.00 macd_score=0.00 total_score=2.50 min_required_score=3.20
2026-04-19 13:55:10,812 - crypto_bot - INFO - FILTER_REJECTION: symbol=API3USDT hard_failed=['STRUCTURE'] soft_failed=['MACD', 'VOLUME']
2026-04-19 13:55:10,812 - crypto_bot - INFO - API3USDT | signal_trace strict_result=False fallback_executed=False required_filters=None required_filters_result=None score=2.5 rejection_reason=hard filters failed
2026-04-19 13:55:11,039 - crypto_bot - INFO - FILTER_CHECK: symbol=ZROUSDT trend_ok=True structure_state=weak structure_ok=True rsi_ok=False adx_ok=True volume_ok=True macd_ok=True
2026-04-19 13:55:11,040 - crypto_bot - INFO - STRUCTURE_DEBUG: symbol=ZROUSDT trend=SHORT recent_highs=[1.6487, 1.6309, 1.6038, 1.5638, 1.6211] recent_lows=[1.554, 1.5942, 1.5565, 1.5, 1.5257] bos_detected=False structure_state=weak reason=no BOS but lower highs / developing downtrend
2026-04-19 13:55:11,040 - crypto_bot - INFO - SCORE_BREAKDOWN: symbol=ZROUSDT trend_score=1.00 structure_score=0.50 rsi_score=0.00 adx_score=0.50 volume_score=0.25 macd_score=1.40 total_score=3.65 min_required_score=3.00
2026-04-19 13:55:11,041 - crypto_bot - INFO - FILTER_REJECTION: symbol=ZROUSDT hard_failed=[] soft_failed=['RSI', 'STRUCTURE']
2026-04-19 13:55:11,050 - crypto_bot - INFO - ENTRY_RISK_ADJUSTMENT: structure_state=weak position_size_factor=0.50 confirmation_passed=False reason="impulse candle missing (body_ratio=0.12)" symbol=ZROUSDT
2026-04-19 13:55:11,050 - crypto_bot - INFO - ENTRY_DEBUG: symbol=ZROUSDT structure_state=weak entry_type=continuation rr=0.00 entry_valid=False reason="impulse candle missing (body_ratio=0.12)"
2026-04-19 13:55:11,050 - crypto_bot - INFO - ZROUSDT | signal_trace strict_result=False fallback_executed=True required_filters=None required_filters_result=None score=0.0 rejection_reason=relaxed signals disabled by config
2026-04-19 13:55:11,277 - crypto_bot - INFO - FILTER_CHECK: symbol=RIVERUSDT trend_ok=True structure_state=strong structure_ok=True rsi_ok=False adx_ok=True volume_ok=False macd_ok=True
2026-04-19 13:55:11,277 - crypto_bot - INFO - STRUCTURE_DEBUG: symbol=RIVERUSDT trend=SHORT recent_highs=[6.175, 6.111, 5.975, 5.748, 5.864] recent_lows=[5.998, 5.958, 5.519, 5.51, 5.648] bos_detected=True structure_state=strong reason=BOS confirmed with lower highs
2026-04-19 13:55:11,278 - crypto_bot - INFO - SCORE_BREAKDOWN: symbol=RIVERUSDT trend_score=1.00 structure_score=1.00 rsi_score=0.00 adx_score=0.50 volume_score=0.00 macd_score=1.40 total_score=3.90 min_required_score=4.00
2026-04-19 13:55:11,278 - crypto_bot - INFO - FILTER_REJECTION: symbol=RIVERUSDT hard_failed=[] soft_failed=['RSI', 'VOLUME']
2026-04-19 13:55:11,278 - crypto_bot - INFO - RIVERUSDT | signal_trace strict_result=False fallback_executed=False required_filters=None required_filters_result=None score=3.9 rejection_reason=score below adaptive threshold (3.90 < 4.00)
2026-04-19 13:55:11,500 - crypto_bot - INFO - FILTER_CHECK: symbol=LINKUSDT trend_ok=False structure_state=weak structure_ok=True rsi_ok=True adx_ok=True volume_ok=False macd_ok=False
2026-04-19 13:55:11,500 - crypto_bot - INFO - STRUCTURE_DEBUG: symbol=LINKUSDT trend=LONG recent_highs=[9.251, 9.285, 9.244, 9.214, 9.203] recent_lows=[9.157, 9.175, 9.196, 9.143, 9.092] bos_detected=False structure_state=weak reason=no BOS but higher lows / developing uptrend
2026-04-19 13:55:11,500 - crypto_bot - INFO - SCORE_BREAKDOWN: symbol=LINKUSDT trend_score=0.00 structure_score=0.50 rsi_score=1.00 adx_score=0.50 volume_score=0.00 macd_score=0.00 total_score=2.00 min_required_score=3.00
2026-04-19 13:55:11,501 - crypto_bot - INFO - FILTER_REJECTION: symbol=LINKUSDT hard_failed=['TREND'] soft_failed=['MACD', 'VOLUME', 'STRUCTURE']
2026-04-19 13:55:11,501 - crypto_bot - INFO - LINKUSDT | signal_trace strict_result=False fallback_executed=False required_filters=None required_filters_result=None score=2.0 rejection_reason=hard filters failed
2026-04-19 13:55:11,729 - crypto_bot - INFO - FILTER_CHECK: symbol=PIEVERSEUSDT trend_ok=True structure_state=weak structure_ok=True rsi_ok=True adx_ok=True volume_ok=False macd_ok=False
2026-04-19 13:55:11,730 - crypto_bot - INFO - STRUCTURE_DEBUG: symbol=PIEVERSEUSDT trend=LONG recent_highs=[0.6857, 0.6227, 0.6161, 0.6066, 0.6192] recent_lows=[0.5817, 0.5864, 0.5886, 0.5669, 0.5938] bos_detected=False structure_state=weak reason=no BOS but higher lows / developing uptrend
2026-04-19 13:55:11,730 - crypto_bot - INFO - SCORE_BREAKDOWN: symbol=PIEVERSEUSDT trend_score=1.00 structure_score=0.50 rsi_score=1.00 adx_score=0.50 volume_score=0.00 macd_score=0.00 total_score=3.00 min_required_score=3.00
2026-04-19 13:55:11,731 - crypto_bot - INFO - FILTER_REJECTION: symbol=PIEVERSEUSDT hard_failed=[] soft_failed=['MACD', 'VOLUME', 'STRUCTURE']
2026-04-19 13:55:11,740 - crypto_bot - INFO - ENTRY_RISK_ADJUSTMENT: structure_state=weak position_size_factor=0.50 confirmation_passed=False reason="impulse candle missing (body_ratio=0.04)" symbol=PIEVERSEUSDT
2026-04-19 13:55:11,740 - crypto_bot - INFO - ENTRY_DEBUG: symbol=PIEVERSEUSDT structure_state=weak entry_type=continuation rr=0.00 entry_valid=False reason="impulse candle missing (body_ratio=0.04)"
2026-04-19 13:55:11,741 - crypto_bot - INFO - PIEVERSEUSDT | signal_trace strict_result=False fallback_executed=True required_filters=None required_filters_result=None score=0.0 rejection_reason=relaxed signals disabled by config
2026-04-19 13:55:11,980 - crypto_bot - INFO - FILTER_CHECK: symbol=BLURUSDT trend_ok=True structure_state=strong structure_ok=True rsi_ok=False adx_ok=True volume_ok=True macd_ok=True
2026-04-19 13:55:11,980 - crypto_bot - INFO - STRUCTURE_DEBUG: symbol=BLURUSDT trend=LONG recent_highs=[0.02805, 0.028654, 0.033287, 0.031621, 0.030646] recent_lows=[0.02661, 0.027133, 0.028005, 0.02967, 0.029445] bos_detected=True structure_state=strong reason=BOS confirmed with higher lows
2026-04-19 13:55:11,981 - crypto_bot - INFO - SCORE_BREAKDOWN: symbol=BLURUSDT trend_score=1.00 structure_score=1.00 rsi_score=0.00 adx_score=0.50 volume_score=0.25 macd_score=1.40 total_score=4.15 min_required_score=4.00
2026-04-19 13:55:11,981 - crypto_bot - INFO - FILTER_REJECTION: symbol=BLURUSDT hard_failed=[] soft_failed=['RSI']
2026-04-19 13:55:11,989 - crypto_bot - INFO - BLURUSDT | signal_trace strict_result=False fallback_executed=True required_filters=None required_filters_result=None score=0.0 rejection_reason=relaxed signals disabled by config
2026-04-19 13:55:12,215 - crypto_bot - INFO - FILTER_CHECK: symbol=MUSDT trend_ok=True structure_state=weak structure_ok=True rsi_ok=True adx_ok=True volume_ok=False macd_ok=False
2026-04-19 13:55:12,215 - crypto_bot - INFO - STRUCTURE_DEBUG: symbol=MUSDT trend=LONG recent_highs=[3.7825, 3.7133, 3.526, 3.6542, 3.5776] recent_lows=[3.6011, 3.4, 3.4087, 3.4777, 3.4816] bos_detected=False structure_state=weak reason=no BOS but higher lows / developing uptrend
2026-04-19 13:55:12,216 - crypto_bot - INFO - SCORE_BREAKDOWN: symbol=MUSDT trend_score=1.00 structure_score=0.50 rsi_score=1.00 adx_score=0.50 volume_score=0.00 macd_score=0.00 total_score=3.00 min_required_score=3.00
2026-04-19 13:55:12,216 - crypto_bot - INFO - FILTER_REJECTION: symbol=MUSDT hard_failed=[] soft_failed=['MACD', 'VOLUME', 'STRUCTURE']
2026-04-19 13:55:12,224 - crypto_bot - INFO - ENTRY_RISK_ADJUSTMENT: structure_state=weak position_size_factor=0.50 confirmation_passed=False reason="impulse candle missing (body_ratio=0.81)" symbol=MUSDT
2026-04-19 13:55:12,225 - crypto_bot - INFO - ENTRY_DEBUG: symbol=MUSDT structure_state=weak entry_type=continuation rr=0.00 entry_valid=False reason="impulse candle missing (body_ratio=0.81)"
2026-04-19 13:55:12,225 - crypto_bot - INFO - MUSDT | signal_trace strict_result=False fallback_executed=True required_filters=None required_filters_result=None score=0.0 rejection_reason=relaxed signals disabled by config
2026-04-19 13:55:12,454 - crypto_bot - INFO - FILTER_CHECK: symbol=NEARUSDT trend_ok=True structure_state=weak structure_ok=True rsi_ok=False adx_ok=True volume_ok=True macd_ok=False
2026-04-19 13:55:12,455 - crypto_bot - INFO - STRUCTURE_DEBUG: symbol=NEARUSDT trend=SHORT recent_highs=[1.349, 1.3563, 1.3543, 1.3431, 1.3364] recent_lows=[1.3334, 1.3402, 1.3348, 1.3287, 1.3204] bos_detected=False structure_state=weak reason=no BOS but lower highs / developing downtrend
2026-04-19 13:55:12,455 - crypto_bot - INFO - SCORE_BREAKDOWN: symbol=NEARUSDT trend_score=1.00 structure_score=0.50 rsi_score=0.00 adx_score=0.50 volume_score=0.25 macd_score=0.00 total_score=2.25 min_required_score=3.00
2026-04-19 13:55:12,455 - crypto_bot - INFO - FILTER_REJECTION: symbol=NEARUSDT hard_failed=[] soft_failed=['RSI', 'MACD', 'STRUCTURE']
2026-04-19 13:55:12,456 - crypto_bot - INFO - NEARUSDT | signal_trace strict_result=False fallback_executed=False required_filters=None required_filters_result=None score=2.25 rejection_reason=score below adaptive threshold (2.25 < 3.00)
2026-04-19 13:55:12,682 - crypto_bot - INFO - FILTER_CHECK: symbol=ALICEUSDT trend_ok=True structure_state=weak structure_ok=True rsi_ok=True adx_ok=True volume_ok=True macd_ok=False
2026-04-19 13:55:12,683 - crypto_bot - INFO - STRUCTURE_DEBUG: symbol=ALICEUSDT trend=LONG recent_highs=[0.1557, 0.15897, 0.1519, 0.15139, 0.16317] recent_lows=[0.14958, 0.14783, 0.14544, 0.14433, 0.14928] bos_detected=False structure_state=weak reason=no BOS but higher lows / developing uptrend
2026-04-19 13:55:12,683 - crypto_bot - INFO - SCORE_BREAKDOWN: symbol=ALICEUSDT trend_score=1.00 structure_score=0.50 rsi_score=1.00 adx_score=0.50 volume_score=0.25 macd_score=0.00 total_score=3.25 min_required_score=3.00
2026-04-19 13:55:12,683 - crypto_bot - INFO - FILTER_REJECTION: symbol=ALICEUSDT hard_failed=[] soft_failed=['MACD', 'STRUCTURE']
2026-04-19 13:55:12,692 - crypto_bot - INFO - ENTRY_RISK_ADJUSTMENT: structure_state=weak position_size_factor=0.50 confirmation_passed=False reason="impulse candle missing (body_ratio=0.03)" symbol=ALICEUSDT
2026-04-19 13:55:12,692 - crypto_bot - INFO - ENTRY_DEBUG: symbol=ALICEUSDT structure_state=weak entry_type=continuation rr=0.00 entry_valid=False reason="impulse candle missing (body_ratio=0.03)"
2026-04-19 13:55:12,692 - crypto_bot - INFO - ALICEUSDT | signal_trace strict_result=False fallback_executed=True required_filters=None required_filters_result=None score=0.0 rejection_reason=relaxed signals disabled by config
2026-04-19 13:55:12,917 - crypto_bot - INFO - FILTER_CHECK: symbol=WLDUSDT trend_ok=True structure_state=weak structure_ok=True rsi_ok=False adx_ok=True volume_ok=False macd_ok=False
2026-04-19 13:55:12,918 - crypto_bot - INFO - STRUCTURE_DEBUG: symbol=WLDUSDT trend=SHORT recent_highs=[0.2623, 0.2615, 0.2605, 0.262, 0.2621] recent_lows=[0.2597, 0.2586, 0.2586, 0.2578, 0.2584] bos_detected=False structure_state=weak reason=no BOS but lower highs / developing downtrend
2026-04-19 13:55:12,918 - crypto_bot - INFO - SCORE_BREAKDOWN: symbol=WLDUSDT trend_score=1.00 structure_score=0.50 rsi_score=0.00 adx_score=0.50 volume_score=0.00 macd_score=0.00 total_score=2.00 min_required_score=3.00
2026-04-19 13:55:12,918 - crypto_bot - INFO - FILTER_REJECTION: symbol=WLDUSDT hard_failed=[] soft_failed=['RSI', 'MACD', 'VOLUME', 'STRUCTURE']
2026-04-19 13:55:12,919 - crypto_bot - INFO - WLDUSDT | signal_trace strict_result=False fallback_executed=False required_filters=None required_filters_result=None score=2.0 rejection_reason=score below adaptive threshold (2.00 < 3.00)
2026-04-19 13:55:13,145 - crypto_bot - INFO - FILTER_CHECK: symbol=AVAXUSDT trend_ok=True structure_state=weak structure_ok=True rsi_ok=True adx_ok=True volume_ok=False macd_ok=False
2026-04-19 13:55:13,145 - crypto_bot - INFO - STRUCTURE_DEBUG: symbol=AVAXUSDT trend=LONG recent_highs=[9.325, 9.316, 9.308, 9.3, 9.274] recent_lows=[9.234, 9.242, 9.262, 9.223, 9.122] bos_detected=False structure_state=weak reason=no BOS but higher lows / developing uptrend
2026-04-19 13:55:13,146 - crypto_bot - INFO - SCORE_BREAKDOWN: symbol=AVAXUSDT trend_score=1.00 structure_score=0.50 rsi_score=1.00 adx_score=0.50 volume_score=0.00 macd_score=0.00 total_score=3.00 min_required_score=3.00
2026-04-19 13:55:13,146 - crypto_bot - INFO - FILTER_REJECTION: symbol=AVAXUSDT hard_failed=[] soft_failed=['MACD', 'VOLUME', 'STRUCTURE']
2026-04-19 13:55:13,155 - crypto_bot - INFO - ENTRY_RISK_ADJUSTMENT: structure_state=weak position_size_factor=0.50 confirmation_passed=False reason="impulse candle missing (body_ratio=0.31)" symbol=AVAXUSDT
2026-04-19 13:55:13,156 - crypto_bot - INFO - ENTRY_DEBUG: symbol=AVAXUSDT structure_state=weak entry_type=continuation rr=0.00 entry_valid=False reason="impulse candle missing (body_ratio=0.31)"
2026-04-19 13:55:13,156 - crypto_bot - INFO - AVAXUSDT | signal_trace strict_result=False fallback_executed=True required_filters=None required_filters_result=None score=0.0 rejection_reason=relaxed signals disabled by config
2026-04-19 13:55:13,382 - crypto_bot - INFO - FILTER_CHECK: symbol=DOTUSDT trend_ok=False structure_state=invalid structure_ok=False rsi_ok=True adx_ok=True volume_ok=False macd_ok=False
2026-04-19 13:55:13,382 - crypto_bot - INFO - STRUCTURE_DEBUG: symbol=DOTUSDT trend=LONG recent_highs=[1.2796, 1.2793, 1.2761, 1.2665, 1.2646] recent_lows=[1.2689, 1.2637, 1.2646, 1.2555, 1.246] bos_detected=False structure_state=invalid reason=lower low detected in uptrend -> invalid
2026-04-19 13:55:13,383 - crypto_bot - INFO - SCORE_BREAKDOWN: symbol=DOTUSDT trend_score=0.00 structure_score=0.00 rsi_score=1.00 adx_score=0.50 volume_score=0.00 macd_score=0.00 total_score=1.50 min_required_score=3.20
2026-04-19 13:55:13,383 - crypto_bot - INFO - FILTER_REJECTION: symbol=DOTUSDT hard_failed=['TREND', 'STRUCTURE'] soft_failed=['MACD', 'VOLUME']
2026-04-19 13:55:13,383 - crypto_bot - INFO - DOTUSDT | signal_trace strict_result=False fallback_executed=False required_filters=None required_filters_result=None score=1.5 rejection_reason=hard filters failed
2026-04-19 13:55:13,609 - crypto_bot - INFO - FILTER_CHECK: symbol=XPLUSDT trend_ok=True structure_state=weak structure_ok=True rsi_ok=False adx_ok=True volume_ok=False macd_ok=False
2026-04-19 13:55:13,609 - crypto_bot - INFO - STRUCTURE_DEBUG: symbol=XPLUSDT trend=SHORT recent_highs=[0.10823, 0.10849, 0.10758, 0.10678, 0.10667] recent_lows=[0.10585, 0.10683, 0.10502, 0.10464, 0.1047] bos_detected=False structure_state=weak reason=no BOS but lower highs / developing downtrend
2026-04-19 13:55:13,610 - crypto_bot - INFO - SCORE_BREAKDOWN: symbol=XPLUSDT trend_score=1.00 structure_score=0.50 rsi_score=0.00 adx_score=0.50 volume_score=0.00 macd_score=0.00 total_score=2.00 min_required_score=3.00
2026-04-19 13:55:13,610 - crypto_bot - INFO - FILTER_REJECTION: symbol=XPLUSDT hard_failed=[] soft_failed=['RSI', 'MACD', 'VOLUME', 'STRUCTURE']
2026-04-19 13:55:13,610 - crypto_bot - INFO - XPLUSDT | signal_trace strict_result=False fallback_executed=False required_filters=None required_filters_result=None score=2.0 rejection_reason=score below adaptive threshold (2.00 < 3.00)
2026-04-19 13:55:13,833 - crypto_bot - INFO - FILTER_CHECK: symbol=BNBUSDT trend_ok=True structure_state=invalid structure_ok=False rsi_ok=True adx_ok=True volume_ok=False macd_ok=False
2026-04-19 13:55:13,833 - crypto_bot - INFO - STRUCTURE_DEBUG: symbol=BNBUSDT trend=LONG recent_highs=[624.8, 624.2, 623.2, 623.1, 622.5] recent_lows=[620.5, 619.8, 621.4, 619.5, 617.8] bos_detected=False structure_state=invalid reason=lower low detected in uptrend -> invalid
2026-04-19 13:55:13,834 - crypto_bot - INFO - SCORE_BREAKDOWN: symbol=BNBUSDT trend_score=1.00 structure_score=0.00 rsi_score=1.00 adx_score=0.50 volume_score=0.00 macd_score=0.00 total_score=2.50 min_required_score=3.20
2026-04-19 13:55:13,834 - crypto_bot - INFO - FILTER_REJECTION: symbol=BNBUSDT hard_failed=['STRUCTURE'] soft_failed=['MACD', 'VOLUME']
2026-04-19 13:55:13,835 - crypto_bot - INFO - BNBUSDT | signal_trace strict_result=False fallback_executed=False required_filters=None required_filters_result=None score=2.5 rejection_reason=hard filters failed
2026-04-19 13:55:14,058 - crypto_bot - INFO - FILTER_CHECK: symbol=DYDXUSDT trend_ok=True structure_state=strong structure_ok=True rsi_ok=False adx_ok=False volume_ok=True macd_ok=True
2026-04-19 13:55:14,059 - crypto_bot - INFO - STRUCTURE_DEBUG: symbol=DYDXUSDT trend=LONG recent_highs=[0.14442, 0.14537, 0.14802, 0.14705, 0.14754] recent_lows=[0.13885, 0.14206, 0.1436, 0.14284, 0.14412] bos_detected=True structure_state=strong reason=BOS confirmed with higher lows
2026-04-19 13:55:14,059 - crypto_bot - INFO - SCORE_BREAKDOWN: symbol=DYDXUSDT trend_score=1.00 structure_score=1.00 rsi_score=0.00 adx_score=0.00 volume_score=0.25 macd_score=1.40 total_score=3.65 min_required_score=4.00
2026-04-19 13:55:14,060 - crypto_bot - INFO - FILTER_REJECTION: symbol=DYDXUSDT hard_failed=[] soft_failed=['RSI', 'ADX']
2026-04-19 13:55:14,060 - crypto_bot - INFO - DYDXUSDT | signal_trace strict_result=False fallback_executed=False required_filters=None required_filters_result=None score=3.65 rejection_reason=score below adaptive threshold (3.65 < 4.00)
2026-04-19 13:55:14,284 - crypto_bot - INFO - FILTER_CHECK: symbol=PROMUSDT trend_ok=True structure_state=weak structure_ok=True rsi_ok=True adx_ok=True volume_ok=False macd_ok=False
2026-04-19 13:55:14,284 - crypto_bot - INFO - STRUCTURE_DEBUG: symbol=PROMUSDT trend=LONG recent_highs=[2.2315, 2.2976, 2.198, 2.1176, 2.062] recent_lows=[2.0439, 2.1104, 2.0436, 1.9761, 1.9905] bos_detected=False structure_state=weak reason=no BOS but higher lows / developing uptrend
2026-04-19 13:55:14,284 - crypto_bot - INFO - SCORE_BREAKDOWN: symbol=PROMUSDT trend_score=1.00 structure_score=0.50 rsi_score=1.00 adx_score=0.50 volume_score=0.00 macd_score=0.00 total_score=3.00 min_required_score=3.00
2026-04-19 13:55:14,285 - crypto_bot - INFO - FILTER_REJECTION: symbol=PROMUSDT hard_failed=[] soft_failed=['MACD', 'VOLUME', 'STRUCTURE']
2026-04-19 13:55:14,293 - crypto_bot - INFO - ENTRY_RISK_ADJUSTMENT: structure_state=weak position_size_factor=0.50 confirmation_passed=True reason="weak-risk checks passed" symbol=PROMUSDT
2026-04-19 13:55:14,294 - crypto_bot - INFO - ENTRY_DEBUG: symbol=PROMUSDT structure_state=weak entry_type=momentum rr=1.60 entry_valid=True reason="adaptive weak entry accepted"
2026-04-19 13:55:14,295 - crypto_bot - INFO - PROMUSDT | signal_trace strict_result=True fallback_executed=False required_filters=None required_filters_result=None score=3.0 rejection_reason=None
2026-04-19 13:55:14,295 - crypto_bot - INFO - ✅ Signal generated: PROMUSDT | strict | tf=1h | mode=MAIN | score=3.0 | entry_source=strict | passed_filters=['TREND', 'STRUCTURE', 'RSI', 'ADX'] | failed_filters=[]
2026-04-19 13:55:14,545 - crypto_bot - INFO - FILTER_CHECK: symbol=REQUSDT trend_ok=True structure_state=weak structure_ok=True rsi_ok=True adx_ok=True volume_ok=True macd_ok=False
2026-04-19 13:55:14,545 - crypto_bot - INFO - STRUCTURE_DEBUG: symbol=REQUSDT trend=LONG recent_highs=[0.16092, 0.14662, 0.12653, 0.11712, 0.12774] recent_lows=[0.13563, 0.11463, 0.11472, 0.10747, 0.10851] bos_detected=False structure_state=weak reason=no BOS but higher lows / developing uptrend
2026-04-19 13:55:14,546 - crypto_bot - INFO - SCORE_BREAKDOWN: symbol=REQUSDT trend_score=1.00 structure_score=0.50 rsi_score=1.00 adx_score=0.50 volume_score=0.25 macd_score=0.00 total_score=3.25 min_required_score=3.00
2026-04-19 13:55:14,546 - crypto_bot - INFO - FILTER_REJECTION: symbol=REQUSDT hard_failed=[] soft_failed=['MACD', 'STRUCTURE']
2026-04-19 13:55:14,554 - crypto_bot - INFO - ENTRY_RISK_ADJUSTMENT: structure_state=weak position_size_factor=0.50 confirmation_passed=False reason="impulse candle missing (body_ratio=0.45)" symbol=REQUSDT
2026-04-19 13:55:14,555 - crypto_bot - INFO - ENTRY_DEBUG: symbol=REQUSDT structure_state=weak entry_type=continuation rr=0.00 entry_valid=False reason="impulse candle missing (body_ratio=0.45)"
2026-04-19 13:55:14,555 - crypto_bot - INFO - REQUSDT | signal_trace strict_result=False fallback_executed=True required_filters=None required_filters_result=None score=0.0 rejection_reason=relaxed signals disabled by config
2026-04-19 13:55:14,781 - crypto_bot - INFO - FILTER_CHECK: symbol=CRVUSDT trend_ok=True structure_state=weak structure_ok=True rsi_ok=True adx_ok=True volume_ok=False macd_ok=False
2026-04-19 13:55:14,782 - crypto_bot - INFO - STRUCTURE_DEBUG: symbol=CRVUSDT trend=LONG recent_highs=[0.2265, 0.2271, 0.2267, 0.2267, 0.2268] recent_lows=[0.2242, 0.2248, 0.2255, 0.2248, 0.2247] bos_detected=False structure_state=weak reason=no BOS but higher lows / developing uptrend
2026-04-19 13:55:14,782 - crypto_bot - INFO - SCORE_BREAKDOWN: symbol=CRVUSDT trend_score=1.00 structure_score=0.50 rsi_score=1.00 adx_score=0.50 volume_score=0.00 macd_score=0.00 total_score=3.00 min_required_score=3.00
2026-04-19 13:55:14,782 - crypto_bot - INFO - FILTER_REJECTION: symbol=CRVUSDT hard_failed=[] soft_failed=['MACD', 'VOLUME', 'STRUCTURE']
2026-04-19 13:55:14,791 - crypto_bot - INFO - ENTRY_RISK_ADJUSTMENT: structure_state=weak position_size_factor=0.50 confirmation_passed=False reason="impulse candle missing (body_ratio=0.36)" symbol=CRVUSDT
2026-04-19 13:55:14,791 - crypto_bot - INFO - ENTRY_DEBUG: symbol=CRVUSDT structure_state=weak entry_type=continuation rr=0.00 entry_valid=False reason="impulse candle missing (body_ratio=0.36)"
2026-04-19 13:55:14,792 - crypto_bot - INFO - CRVUSDT | signal_trace strict_result=False fallback_executed=True required_filters=None required_filters_result=None score=0.0 rejection_reason=relaxed signals disabled by config
2026-04-19 13:55:15,017 - crypto_bot - INFO - FILTER_CHECK: symbol=IPUSDT trend_ok=False structure_state=weak structure_ok=True rsi_ok=True adx_ok=True volume_ok=False macd_ok=False
2026-04-19 13:55:15,018 - crypto_bot - INFO - STRUCTURE_DEBUG: symbol=IPUSDT trend=LONG recent_highs=[0.5402, 0.5331, 0.5285, 0.522, 0.5219] recent_lows=[0.5274, 0.526, 0.5193, 0.5176, 0.5143] bos_detected=False structure_state=weak reason=no BOS but higher lows / developing uptrend
2026-04-19 13:55:15,018 - crypto_bot - INFO - SCORE_BREAKDOWN: symbol=IPUSDT trend_score=0.00 structure_score=0.50 rsi_score=1.00 adx_score=0.50 volume_score=0.00 macd_score=0.00 total_score=2.00 min_required_score=3.00
2026-04-19 13:55:15,019 - crypto_bot - INFO - FILTER_REJECTION: symbol=IPUSDT hard_failed=['TREND'] soft_failed=['MACD', 'VOLUME', 'STRUCTURE']
2026-04-19 13:55:15,019 - crypto_bot - INFO - IPUSDT | signal_trace strict_result=False fallback_executed=False required_filters=None required_filters_result=None score=2.0 rejection_reason=hard filters failed
2026-04-19 13:55:15,241 - crypto_bot - INFO - FILTER_CHECK: symbol=BASEDUSDT trend_ok=False structure_state=weak structure_ok=True rsi_ok=True adx_ok=True volume_ok=False macd_ok=True
2026-04-19 13:55:15,242 - crypto_bot - INFO - STRUCTURE_DEBUG: symbol=BASEDUSDT trend=LONG recent_highs=[0.087, 0.0859, 0.0897, 0.0906, 0.0929] recent_lows=[0.0825, 0.0836, 0.0836, 0.0863, 0.0865] bos_detected=False structure_state=weak reason=no BOS but higher lows / developing uptrend
2026-04-19 13:55:15,242 - crypto_bot - INFO - SCORE_BREAKDOWN: symbol=BASEDUSDT trend_score=0.00 structure_score=0.50 rsi_score=1.00 adx_score=0.50 volume_score=0.00 macd_score=1.40 total_score=3.40 min_required_score=3.00
2026-04-19 13:55:15,243 - crypto_bot - INFO - FILTER_REJECTION: symbol=BASEDUSDT hard_failed=['TREND'] soft_failed=['VOLUME', 'STRUCTURE']
2026-04-19 13:55:15,243 - crypto_bot - INFO - BASEDUSDT | signal_trace strict_result=False fallback_executed=False required_filters=None required_filters_result=None score=3.4 rejection_reason=hard filters failed
2026-04-19 13:55:15,244 - crypto_bot - INFO - 📊 Total signals after scan: 2
2026-04-19 13:55:15,244 - crypto_bot - INFO -  STRICT_PIPELINE_METRICS: potential_signals=9 strict_signals=2 raw_candidates=40
2026-04-19 13:55:15,244 - crypto_bot - INFO - AUTO_DIAGNOSTIC: potential_signals=9 strict_signals=2 scalping_signals=0 avg_score=1.50 rejection_top_reasons=[('relaxed signals disabled by config', 16), ('hard filters failed', 14), ('score below adaptive threshold (3.90 < 4.00)', 2)]
2026-04-19 13:55:15,245 - crypto_bot - INFO - AUTO_DIAGNOSTIC_EXTENDED: main_signal_count=2 scalping_signal_count=0 avg_score_main=3.00 avg_score_scalping=0.00
2026-04-19 13:55:15,245 - crypto_bot - INFO - 📊 Signals found: 2
2026-04-19 13:55:15,246 - crypto_bot - INFO - SIGNAL_DECISION: symbol=HYPEUSDT mode=MAIN status=IGNORE score=3.00 threshold=3.20 entry_source=strict reason=OPEN
2026-04-19 13:55:15,247 - crypto_bot - INFO - SIGNAL_IGNORED_NO_IMPROVEMENT: symbol=HYPEUSDT mode=MAIN entry_source=strict action=IGNORE reason=both below upgrade threshold
2026-04-19 13:55:15,248 - crypto_bot - INFO - SIGNAL_DECISION: symbol=PROMUSDT mode=MAIN status=IGNORE score=3.00 threshold=3.20 entry_source=strict reason=OPEN
2026-04-19 13:55:15,249 - crypto_bot - INFO - SIGNAL_IGNORED_NO_IMPROVEMENT: symbol=PROMUSDT mode=MAIN entry_source=strict action=IGNORE reason=both below upgrade threshold
2026-04-19 13:55:15,250 - crypto_bot - INFO - ANALYTICS_INTEGRITY_CHECK: signals_vs_trades_delta=107 trades_vs_closed_delta=0 mode_distribution_check={'MAIN': {'signals': 1182, 'closed': 0, 'active': 0}, 'SCALPING': {'signals': 1063, 'closed': 0, 'active': 0}, 'LIGHT': {'signals': 23, 'closed': 0, 'active': 0}, 'UNKNOWN': {'signals': 0, 'closed': 0, 'active': 0}}
2026-04-19 13:55:15,250 - crypto_bot - INFO - [ANALYTICS SUMMARY]
Trades: 23
Winrate: 52.17%
Profit Factor: 1.84
Avg R: 1.02
2026-04-19 13:55:15,250 - crypto_bot - INFO - REJECTION_STATS:
MAIN:
  LOW_SCORE: 104
SCALPING:
  LOW_SCORE: 95
2026-04-19 13:55:15,252 - crypto_bot - INFO - AUTO_DIAGNOSTIC_PORTFOLIO: avg_portfolio_risk=0.00 avg_exposure=0.00 signals_blocked_by_risk=9 signals_scaled_by_risk=0
2026-04-19 13:55:15,252 - crypto_bot - INFO - ⏳ Sleeping for 300 seconds
2026-04-19 14:00:15,292 - crypto_bot - INFO - 🔍 Starting market scan for top-50 symbols...
2026-04-19 14:00:16,404 - crypto_bot - INFO - [MARKET] get_top_usdt_pairs prepared 534 liquid swap symbols
2026-04-19 14:00:16,405 - crypto_bot - INFO - 📈 Top-50 symbols fetched: 50
2026-04-19 14:00:16,405 - crypto_bot - INFO - 🔥 Active symbols after filter: 41 / 50
2026-04-19 14:00:16,405 - crypto_bot - INFO -  RAW_CANDIDATES_BEFORE_STRICT_FILTERS: count=41 mode=MAIN
2026-04-19 14:00:16,919 - crypto_bot - INFO - FILTER_CHECK: symbol=BTCUSDT trend_ok=True structure_state=invalid structure_ok=False rsi_ok=True adx_ok=True volume_ok=False macd_ok=False
2026-04-19 14:00:16,919 - crypto_bot - INFO - STRUCTURE_DEBUG: symbol=BTCUSDT trend=LONG recent_highs=[75748.7, 75650.0, 75510.0, 75358.8, 75265.0] recent_lows=[75369.2, 75470.6, 75219.3, 74810.3, 75034.8] bos_detected=False structure_state=invalid reason=lower low detected in uptrend -> invalid
2026-04-19 14:00:16,920 - crypto_bot - INFO - SCORE_BREAKDOWN: symbol=BTCUSDT trend_score=1.00 structure_score=0.00 rsi_score=1.00 adx_score=0.50 volume_score=0.00 macd_score=0.00 total_score=2.50 min_required_score=3.20
2026-04-19 14:00:16,920 - crypto_bot - INFO - FILTER_REJECTION: symbol=BTCUSDT hard_failed=['STRUCTURE'] soft_failed=['MACD', 'VOLUME']
2026-04-19 14:00:16,921 - crypto_bot - INFO - BTCUSDT | signal_trace strict_result=False fallback_executed=False required_filters=None required_filters_result=None score=2.5 rejection_reason=hard filters failed
2026-04-19 14:00:17,183 - crypto_bot - INFO - FILTER_CHECK: symbol=ETHUSDT trend_ok=False structure_state=invalid structure_ok=False rsi_ok=True adx_ok=True volume_ok=False macd_ok=False
2026-04-19 14:00:17,184 - crypto_bot - INFO - STRUCTURE_DEBUG: symbol=ETHUSDT trend=LONG recent_highs=[2344.99, 2337.32, 2331.72, 2326.32, 2319.76] recent_lows=[2320.0, 2327.43, 2319.66, 2294.43, 2309.67] bos_detected=False structure_state=invalid reason=lower low detected in uptrend -> invalid
2026-04-19 14:00:17,185 - crypto_bot - INFO - SCORE_BREAKDOWN: symbol=ETHUSDT trend_score=0.00 structure_score=0.00 rsi_score=1.00 adx_score=0.50 volume_score=0.00 macd_score=0.00 total_score=1.50 min_required_score=3.20
2026-04-19 14:00:17,185 - crypto_bot - INFO - FILTER_REJECTION: symbol=ETHUSDT hard_failed=['TREND', 'STRUCTURE'] soft_failed=['MACD', 'VOLUME']
2026-04-19 14:00:17,185 - crypto_bot - INFO - ETHUSDT | signal_trace strict_result=False fallback_executed=False required_filters=None required_filters_result=None score=1.5 rejection_reason=hard filters failed
2026-04-19 14:00:17,408 - crypto_bot - INFO - FILTER_CHECK: symbol=RAVEUSDT trend_ok=True structure_state=weak structure_ok=True rsi_ok=False adx_ok=True volume_ok=False macd_ok=False
2026-04-19 14:00:17,409 - crypto_bot - INFO - STRUCTURE_DEBUG: symbol=RAVEUSDT trend=SHORT recent_highs=[1.75, 1.52425, 1.71747, 1.47373, 1.36903] recent_lows=[1.15206, 1.12455, 1.28858, 1.14125, 1.21237] bos_detected=False structure_state=weak reason=no BOS but lower highs / developing downtrend
2026-04-19 14:00:17,409 - crypto_bot - INFO - SCORE_BREAKDOWN: symbol=RAVEUSDT trend_score=1.00 structure_score=0.50 rsi_score=0.00 adx_score=0.50 volume_score=0.00 macd_score=0.00 total_score=2.00 min_required_score=3.00
2026-04-19 14:00:17,409 - crypto_bot - INFO - FILTER_REJECTION: symbol=RAVEUSDT hard_failed=[] soft_failed=['RSI', 'MACD', 'VOLUME', 'STRUCTURE']
2026-04-19 14:00:17,410 - crypto_bot - INFO - RAVEUSDT | signal_trace strict_result=False fallback_executed=False required_filters=None required_filters_result=None score=2.0 rejection_reason=score below adaptive threshold (2.00 < 3.00)
2026-04-19 14:00:17,645 - crypto_bot - INFO - FILTER_CHECK: symbol=SOLUSDT trend_ok=False structure_state=invalid structure_ok=False rsi_ok=True adx_ok=True volume_ok=True macd_ok=False
2026-04-19 14:00:17,645 - crypto_bot - INFO - STRUCTURE_DEBUG: symbol=SOLUSDT trend=LONG recent_highs=[85.93, 85.77, 85.62, 85.4, 85.08] recent_lows=[85.1, 85.34, 85.09, 84.36, 84.54] bos_detected=False structure_state=invalid reason=lower low detected in uptrend -> invalid
2026-04-19 14:00:17,646 - crypto_bot - INFO - SCORE_BREAKDOWN: symbol=SOLUSDT trend_score=0.00 structure_score=0.00 rsi_score=1.00 adx_score=0.50 volume_score=0.25 macd_score=0.00 total_score=1.75 min_required_score=3.20
2026-04-19 14:00:17,646 - crypto_bot - INFO - FILTER_REJECTION: symbol=SOLUSDT hard_failed=['TREND', 'STRUCTURE'] soft_failed=['MACD']
2026-04-19 14:00:17,647 - crypto_bot - INFO - SOLUSDT | signal_trace strict_result=False fallback_executed=False required_filters=None required_filters_result=None score=1.75 rejection_reason=hard filters failed
2026-04-19 14:00:17,883 - crypto_bot - INFO - FILTER_CHECK: symbol=XRPUSDT trend_ok=True structure_state=weak structure_ok=True rsi_ok=True adx_ok=True volume_ok=True macd_ok=False
2026-04-19 14:00:17,883 - crypto_bot - INFO - STRUCTURE_DEBUG: symbol=XRPUSDT trend=LONG recent_highs=[1.4328, 1.4427, 1.4302, 1.4288, 1.428] recent_lows=[1.4221, 1.4286, 1.4151, 1.4129, 1.4145] bos_detected=False structure_state=weak reason=no BOS but higher lows / developing uptrend
2026-04-19 14:00:17,884 - crypto_bot - INFO - SCORE_BREAKDOWN: symbol=XRPUSDT trend_score=1.00 structure_score=0.50 rsi_score=1.00 adx_score=0.50 volume_score=0.25 macd_score=0.00 total_score=3.25 min_required_score=3.00
2026-04-19 14:00:17,884 - crypto_bot - INFO - FILTER_REJECTION: symbol=XRPUSDT hard_failed=[] soft_failed=['MACD', 'STRUCTURE']
2026-04-19 14:00:17,893 - crypto_bot - INFO - ENTRY_RISK_ADJUSTMENT: structure_state=weak position_size_factor=0.50 confirmation_passed=False reason="impulse candle missing (body_ratio=0.22)" symbol=XRPUSDT
2026-04-19 14:00:17,894 - crypto_bot - INFO - ENTRY_DEBUG: symbol=XRPUSDT structure_state=weak entry_type=continuation rr=0.00 entry_valid=False reason="impulse candle missing (body_ratio=0.22)"
2026-04-19 14:00:17,894 - crypto_bot - INFO - XRPUSDT | signal_trace strict_result=False fallback_executed=True required_filters=None required_filters_result=None score=0.0 rejection_reason=relaxed signals disabled by config
2026-04-19 14:00:18,127 - crypto_bot - INFO - FILTER_CHECK: symbol=AAVEUSDT trend_ok=False structure_state=invalid structure_ok=False rsi_ok=True adx_ok=True volume_ok=False macd_ok=False
2026-04-19 14:00:18,128 - crypto_bot - INFO - STRUCTURE_DEBUG: symbol=AAVEUSDT trend=LONG recent_highs=[95.42, 95.26, 92.97, 92.7, 92.75] recent_lows=[92.78, 92.87, 91.26, 91.34, 90.36] bos_detected=False structure_state=invalid reason=lower low detected in uptrend -> invalid
2026-04-19 14:00:18,128 - crypto_bot - INFO - SCORE_BREAKDOWN: symbol=AAVEUSDT trend_score=0.00 structure_score=0.00 rsi_score=1.00 adx_score=0.50 volume_score=0.00 macd_score=0.00 total_score=1.50 min_required_score=3.20
2026-04-19 14:00:18,128 - crypto_bot - INFO - FILTER_REJECTION: symbol=AAVEUSDT hard_failed=['TREND', 'STRUCTURE'] soft_failed=['MACD', 'VOLUME']
2026-04-19 14:00:18,129 - crypto_bot - INFO - AAVEUSDT | signal_trace strict_result=False fallback_executed=False required_filters=None required_filters_result=None score=1.5 rejection_reason=hard filters failed
2026-04-19 14:00:18,359 - crypto_bot - INFO - FILTER_CHECK: symbol=HIGHUSDT trend_ok=True structure_state=weak structure_ok=True rsi_ok=True adx_ok=True volume_ok=True macd_ok=True
2026-04-19 14:00:18,359 - crypto_bot - INFO - STRUCTURE_DEBUG: symbol=HIGHUSDT trend=LONG recent_highs=[0.27148, 0.25901, 0.3, 0.37568, 0.44932] recent_lows=[0.24331, 0.24597, 0.24131, 0.27469, 0.33346] bos_detected=False structure_state=weak reason=no BOS but higher lows / developing uptrend
2026-04-19 14:00:18,359 - crypto_bot - INFO - SCORE_BREAKDOWN: symbol=HIGHUSDT trend_score=1.00 structure_score=0.50 rsi_score=1.00 adx_score=0.50 volume_score=0.25 macd_score=1.40 total_score=4.65 min_required_score=3.00
2026-04-19 14:00:18,360 - crypto_bot - INFO - FILTER_REJECTION: symbol=HIGHUSDT hard_failed=[] soft_failed=['STRUCTURE']
2026-04-19 14:00:18,372 - crypto_bot - INFO - ENTRY_RISK_ADJUSTMENT: structure_state=weak position_size_factor=0.50 confirmation_passed=False reason="impulse candle missing (body_ratio=0.74)" symbol=HIGHUSDT
2026-04-19 14:00:18,372 - crypto_bot - INFO - ENTRY_DEBUG: symbol=HIGHUSDT structure_state=weak entry_type=continuation rr=0.00 entry_valid=False reason="impulse candle missing (body_ratio=0.74)"
2026-04-19 14:00:18,373 - crypto_bot - INFO - HIGHUSDT | signal_trace strict_result=False fallback_executed=True required_filters=None required_filters_result=None score=0.0 rejection_reason=relaxed signals disabled by config
2026-04-19 14:00:18,613 - crypto_bot - INFO - FILTER_CHECK: symbol=ORDIUSDT trend_ok=True structure_state=weak structure_ok=True rsi_ok=True adx_ok=True volume_ok=False macd_ok=True
2026-04-19 14:00:18,613 - crypto_bot - INFO - STRUCTURE_DEBUG: symbol=ORDIUSDT trend=LONG recent_highs=[4.238, 4.579, 4.658, 4.686, 4.745] recent_lows=[3.84, 3.85, 4.366, 4.331, 4.468] bos_detected=False structure_state=weak reason=no BOS but higher lows / developing uptrend
2026-04-19 14:00:18,614 - crypto_bot - INFO - SCORE_BREAKDOWN: symbol=ORDIUSDT trend_score=1.00 structure_score=0.50 rsi_score=1.00 adx_score=0.50 volume_score=0.00 macd_score=1.40 total_score=4.40 min_required_score=3.00
2026-04-19 14:00:18,614 - crypto_bot - INFO - FILTER_REJECTION: symbol=ORDIUSDT hard_failed=[] soft_failed=['VOLUME', 'STRUCTURE']
2026-04-19 14:00:18,623 - crypto_bot - INFO - ENTRY_RISK_ADJUSTMENT: structure_state=weak position_size_factor=0.50 confirmation_passed=False reason="impulse candle missing (body_ratio=0.44)" symbol=ORDIUSDT
2026-04-19 14:00:18,623 - crypto_bot - INFO - ENTRY_DEBUG: symbol=ORDIUSDT structure_state=weak entry_type=continuation rr=0.00 entry_valid=False reason="impulse candle missing (body_ratio=0.44)"
2026-04-19 14:00:18,624 - crypto_bot - INFO - ORDIUSDT | signal_trace strict_result=False fallback_executed=True required_filters=None required_filters_result=None score=0.0 rejection_reason=relaxed signals disabled by config
2026-04-19 14:00:18,851 - crypto_bot - INFO - FILTER_CHECK: symbol=DOGEUSDT trend_ok=False structure_state=invalid structure_ok=False rsi_ok=True adx_ok=True volume_ok=True macd_ok=True
2026-04-19 14:00:18,851 - crypto_bot - INFO - STRUCTURE_DEBUG: symbol=DOGEUSDT trend=LONG recent_highs=[0.09478, 0.09516, 0.09501, 0.09484, 0.09422] recent_lows=[0.09405, 0.0945, 0.09443, 0.09334, 0.09387] bos_detected=False structure_state=invalid reason=lower low detected in uptrend -> invalid
2026-04-19 14:00:18,852 - crypto_bot - INFO - SCORE_BREAKDOWN: symbol=DOGEUSDT trend_score=0.00 structure_score=0.00 rsi_score=1.00 adx_score=0.50 volume_score=0.25 macd_score=1.40 total_score=3.15 min_required_score=3.20
2026-04-19 14:00:18,852 - crypto_bot - INFO - FILTER_REJECTION: symbol=DOGEUSDT hard_failed=['TREND', 'STRUCTURE'] soft_failed=[]
2026-04-19 14:00:18,852 - crypto_bot - INFO - DOGEUSDT | signal_trace strict_result=False fallback_executed=False required_filters=None required_filters_result=None score=3.15 rejection_reason=hard filters failed
2026-04-19 14:00:19,097 - crypto_bot - INFO - FILTER_CHECK: symbol=1000PEPEUSDT trend_ok=False structure_state=weak structure_ok=True rsi_ok=True adx_ok=True volume_ok=True macd_ok=True
2026-04-19 14:00:19,098 - crypto_bot - INFO - STRUCTURE_DEBUG: symbol=1000PEPEUSDT trend=LONG recent_highs=[0.003775, 0.003793, 0.003806, 0.003784, 0.003759] recent_lows=[0.003736, 0.003748, 0.003745, 0.003715, 0.003737] bos_detected=False structure_state=weak reason=no BOS but higher lows / developing uptrend
2026-04-19 14:00:19,098 - crypto_bot - INFO - SCORE_BREAKDOWN: symbol=1000PEPEUSDT trend_score=0.00 structure_score=0.50 rsi_score=1.00 adx_score=0.50 volume_score=0.25 macd_score=1.40 total_score=3.65 min_required_score=3.00
2026-04-19 14:00:19,099 - crypto_bot - INFO - FILTER_REJECTION: symbol=1000PEPEUSDT hard_failed=['TREND'] soft_failed=['STRUCTURE']
2026-04-19 14:00:19,099 - crypto_bot - INFO - 1000PEPEUSDT | signal_trace strict_result=False fallback_executed=False required_filters=None required_filters_result=None score=3.65 rejection_reason=hard filters failed
2026-04-19 14:00:19,333 - crypto_bot - INFO - FILTER_CHECK: symbol=HYPEUSDT trend_ok=False structure_state=invalid structure_ok=False rsi_ok=True adx_ok=True volume_ok=True macd_ok=False
2026-04-19 14:00:19,333 - crypto_bot - INFO - STRUCTURE_DEBUG: symbol=HYPEUSDT trend=LONG recent_highs=[43.619, 43.662, 43.452, 43.442, 43.326] recent_lows=[43.3, 43.412, 43.161, 42.869, 43.062] bos_detected=False structure_state=invalid reason=lower low detected in uptrend -> invalid
2026-04-19 14:00:19,334 - crypto_bot - INFO - SCORE_BREAKDOWN: symbol=HYPEUSDT trend_score=0.00 structure_score=0.00 rsi_score=1.00 adx_score=0.50 volume_score=0.25 macd_score=0.00 total_score=1.75 min_required_score=3.20
2026-04-19 14:00:19,334 - crypto_bot - INFO - FILTER_REJECTION: symbol=HYPEUSDT hard_failed=['TREND', 'STRUCTURE'] soft_failed=['MACD']
2026-04-19 14:00:19,334 - crypto_bot - INFO - HYPEUSDT | signal_trace strict_result=False fallback_executed=False required_filters=None required_filters_result=None score=1.75 rejection_reason=hard filters failed
2026-04-19 14:00:19,772 - crypto_bot - INFO - FILTER_CHECK: symbol=ENAUSDT trend_ok=True structure_state=weak structure_ok=True rsi_ok=True adx_ok=False volume_ok=False macd_ok=False
2026-04-19 14:00:19,772 - crypto_bot - INFO - STRUCTURE_DEBUG: symbol=ENAUSDT trend=LONG recent_highs=[0.12116, 0.12186, 0.1211, 0.12098, 0.1187] recent_lows=[0.11933, 0.12016, 0.11941, 0.11752, 0.11706] bos_detected=False structure_state=weak reason=no BOS but higher lows / developing uptrend
2026-04-19 14:00:19,773 - crypto_bot - INFO - SCORE_BREAKDOWN: symbol=ENAUSDT trend_score=1.00 structure_score=0.50 rsi_score=1.00 adx_score=0.00 volume_score=0.00 macd_score=0.00 total_score=2.50 min_required_score=3.00
2026-04-19 14:00:19,773 - crypto_bot - INFO - FILTER_REJECTION: symbol=ENAUSDT hard_failed=[] soft_failed=['MACD', 'VOLUME', 'ADX', 'STRUCTURE']
2026-04-19 14:00:19,774 - crypto_bot - INFO - ENAUSDT | signal_trace strict_result=False fallback_executed=False required_filters=None required_filters_result=None score=2.5 rejection_reason=score below adaptive threshold (2.50 < 3.00)
2026-04-19 14:00:20,008 - crypto_bot - INFO - FILTER_CHECK: symbol=ADAUSDT trend_ok=False structure_state=invalid structure_ok=False rsi_ok=True adx_ok=True volume_ok=False macd_ok=False
2026-04-19 14:00:20,008 - crypto_bot - INFO - STRUCTURE_DEBUG: symbol=ADAUSDT trend=LONG recent_highs=[0.2487, 0.2488, 0.2478, 0.2471, 0.246] recent_lows=[0.2459, 0.247, 0.2458, 0.2442, 0.2448] bos_detected=False structure_state=invalid reason=lower low detected in uptrend -> invalid
2026-04-19 14:00:20,009 - crypto_bot - INFO - SCORE_BREAKDOWN: symbol=ADAUSDT trend_score=0.00 structure_score=0.00 rsi_score=1.00 adx_score=0.50 volume_score=0.00 macd_score=0.00 total_score=1.50 min_required_score=3.20
2026-04-19 14:00:20,009 - crypto_bot - INFO - FILTER_REJECTION: symbol=ADAUSDT hard_failed=['TREND', 'STRUCTURE'] soft_failed=['MACD', 'VOLUME']
2026-04-19 14:00:20,009 - crypto_bot - INFO - ADAUSDT | signal_trace strict_result=False fallback_executed=False required_filters=None required_filters_result=None score=1.5 rejection_reason=hard filters failed
2026-04-19 14:00:20,239 - crypto_bot - INFO - FILTER_CHECK: symbol=TAOUSDT trend_ok=True structure_state=weak structure_ok=True rsi_ok=True adx_ok=True volume_ok=False macd_ok=False
2026-04-19 14:00:20,240 - crypto_bot - INFO - STRUCTURE_DEBUG: symbol=TAOUSDT trend=SHORT recent_highs=[243.22, 242.51, 242.15, 244.58, 245.53] recent_lows=[239.69, 240.53, 239.77, 239.98, 242.9] bos_detected=False structure_state=weak reason=no BOS but lower highs / developing downtrend
2026-04-19 14:00:20,240 - crypto_bot - INFO - SCORE_BREAKDOWN: symbol=TAOUSDT trend_score=1.00 structure_score=0.50 rsi_score=1.00 adx_score=0.50 volume_score=0.00 macd_score=0.00 total_score=3.00 min_required_score=3.00
2026-04-19 14:00:20,241 - crypto_bot - INFO - FILTER_REJECTION: symbol=TAOUSDT hard_failed=[] soft_failed=['MACD', 'VOLUME', 'STRUCTURE']
2026-04-19 14:00:20,250 - crypto_bot - INFO - ENTRY_RISK_ADJUSTMENT: structure_state=weak position_size_factor=0.50 confirmation_passed=False reason="impulse candle missing (body_ratio=0.12)" symbol=TAOUSDT
2026-04-19 14:00:20,250 - crypto_bot - INFO - ENTRY_DEBUG: symbol=TAOUSDT structure_state=weak entry_type=continuation rr=0.00 entry_valid=False reason="impulse candle missing (body_ratio=0.12)"
2026-04-19 14:00:20,250 - crypto_bot - INFO - TAOUSDT | signal_trace strict_result=False fallback_executed=True required_filters=None required_filters_result=None score=0.0 rejection_reason=relaxed signals disabled by config
2026-04-19 14:00:20,484 - crypto_bot - INFO - FILTER_CHECK: symbol=SUIUSDT trend_ok=False structure_state=weak structure_ok=True rsi_ok=True adx_ok=True volume_ok=False macd_ok=True
2026-04-19 14:00:20,484 - crypto_bot - INFO - STRUCTURE_DEBUG: symbol=SUIUSDT trend=LONG recent_highs=[0.9508, 0.951, 0.948, 0.9476, 0.9451] recent_lows=[0.9401, 0.945, 0.94, 0.9364, 0.9409] bos_detected=False structure_state=weak reason=no BOS but higher lows / developing uptrend
2026-04-19 14:00:20,484 - crypto_bot - INFO - SCORE_BREAKDOWN: symbol=SUIUSDT trend_score=0.00 structure_score=0.50 rsi_score=1.00 adx_score=0.50 volume_score=0.00 macd_score=1.40 total_score=3.40 min_required_score=3.00
2026-04-19 14:00:20,485 - crypto_bot - INFO - FILTER_REJECTION: symbol=SUIUSDT hard_failed=['TREND'] soft_failed=['VOLUME', 'STRUCTURE']
2026-04-19 14:00:20,485 - crypto_bot - INFO - SUIUSDT | signal_trace strict_result=False fallback_executed=False required_filters=None required_filters_result=None score=3.4 rejection_reason=hard filters failed
2026-04-19 14:00:20,719 - crypto_bot - INFO - FILTER_CHECK: symbol=FARTCOINUSDT trend_ok=False structure_state=weak structure_ok=True rsi_ok=True adx_ok=True volume_ok=False macd_ok=True
2026-04-19 14:00:20,720 - crypto_bot - INFO - STRUCTURE_DEBUG: symbol=FARTCOINUSDT trend=LONG recent_highs=[0.19847, 0.19973, 0.2, 0.19917, 0.19938] recent_lows=[0.19578, 0.1974, 0.19684, 0.19618, 0.19798] bos_detected=False structure_state=weak reason=no BOS but higher lows / developing uptrend
2026-04-19 14:00:20,720 - crypto_bot - INFO - SCORE_BREAKDOWN: symbol=FARTCOINUSDT trend_score=0.00 structure_score=0.50 rsi_score=1.00 adx_score=0.50 volume_score=0.00 macd_score=1.40 total_score=3.40 min_required_score=3.00
2026-04-19 14:00:20,721 - crypto_bot - INFO - FILTER_REJECTION: symbol=FARTCOINUSDT hard_failed=['TREND'] soft_failed=['VOLUME', 'STRUCTURE']
2026-04-19 14:00:20,721 - crypto_bot - INFO - FARTCOINUSDT | signal_trace strict_result=False fallback_executed=False required_filters=None required_filters_result=None score=3.4 rejection_reason=hard filters failed
2026-04-19 14:00:20,948 - crypto_bot - INFO - FILTER_CHECK: symbol=SIRENUSDT trend_ok=True structure_state=weak structure_ok=True rsi_ok=False adx_ok=True volume_ok=False macd_ok=True
2026-04-19 14:00:20,948 - crypto_bot - INFO - STRUCTURE_DEBUG: symbol=SIRENUSDT trend=SHORT recent_highs=[0.69727, 0.67024, 0.72524, 0.71499, 0.66053] recent_lows=[0.50071, 0.51301, 0.63667, 0.65735, 0.63056] bos_detected=False structure_state=weak reason=no BOS but lower highs / developing downtrend
2026-04-19 14:00:20,949 - crypto_bot - INFO - SCORE_BREAKDOWN: symbol=SIRENUSDT trend_score=1.00 structure_score=0.50 rsi_score=0.00 adx_score=0.50 volume_score=0.00 macd_score=1.40 total_score=3.40 min_required_score=3.00
2026-04-19 14:00:20,949 - crypto_bot - INFO - FILTER_REJECTION: symbol=SIRENUSDT hard_failed=[] soft_failed=['RSI', 'VOLUME', 'STRUCTURE']
2026-04-19 14:00:20,962 - crypto_bot - INFO - ENTRY_RISK_ADJUSTMENT: structure_state=weak position_size_factor=0.50 confirmation_passed=False reason="impulse candle missing (body_ratio=0.16)" symbol=SIRENUSDT
2026-04-19 14:00:20,963 - crypto_bot - INFO - ENTRY_DEBUG: symbol=SIRENUSDT structure_state=weak entry_type=continuation rr=0.00 entry_valid=False reason="impulse candle missing (body_ratio=0.16)"
2026-04-19 14:00:20,963 - crypto_bot - INFO - SIRENUSDT | signal_trace strict_result=False fallback_executed=True required_filters=None required_filters_result=None score=0.0 rejection_reason=relaxed signals disabled by config
2026-04-19 14:00:21,191 - crypto_bot - INFO - FILTER_CHECK: symbol=MOVEUSDT trend_ok=True structure_state=weak structure_ok=True rsi_ok=True adx_ok=True volume_ok=False macd_ok=True
2026-04-19 14:00:21,191 - crypto_bot - INFO - STRUCTURE_DEBUG: symbol=MOVEUSDT trend=LONG recent_highs=[0.01979, 0.01983, 0.02535, 0.0214, 0.02128] recent_lows=[0.0194, 0.01908, 0.01881, 0.02007, 0.02024] bos_detected=False structure_state=weak reason=no BOS but higher lows / developing uptrend
2026-04-19 14:00:21,191 - crypto_bot - INFO - SCORE_BREAKDOWN: symbol=MOVEUSDT trend_score=1.00 structure_score=0.50 rsi_score=1.00 adx_score=0.50 volume_score=0.00 macd_score=1.40 total_score=4.40 min_required_score=3.00
2026-04-19 14:00:21,192 - crypto_bot - INFO - FILTER_REJECTION: symbol=MOVEUSDT hard_failed=[] soft_failed=['VOLUME', 'STRUCTURE']
2026-04-19 14:00:21,200 - crypto_bot - INFO - ENTRY_RISK_ADJUSTMENT: structure_state=weak position_size_factor=0.50 confirmation_passed=False reason="impulse candle missing (body_ratio=0.07)" symbol=MOVEUSDT
2026-04-19 14:00:21,200 - crypto_bot - INFO - ENTRY_DEBUG: symbol=MOVEUSDT structure_state=weak entry_type=continuation rr=0.00 entry_valid=False reason="impulse candle missing (body_ratio=0.07)"
2026-04-19 14:00:21,200 - crypto_bot - INFO - MOVEUSDT | signal_trace strict_result=False fallback_executed=True required_filters=None required_filters_result=None score=0.0 rejection_reason=relaxed signals disabled by config
2026-04-19 14:00:21,433 - crypto_bot - INFO - FILTER_CHECK: symbol=BIOUSDT trend_ok=True structure_state=weak structure_ok=True rsi_ok=True adx_ok=True volume_ok=False macd_ok=True
2026-04-19 14:00:21,433 - crypto_bot - INFO - STRUCTURE_DEBUG: symbol=BIOUSDT trend=LONG recent_highs=[0.03068, 0.03054, 0.03159, 0.03232, 0.03207] recent_lows=[0.02948, 0.02948, 0.02974, 0.03068, 0.0308] bos_detected=False structure_state=weak reason=no BOS but higher lows / developing uptrend
2026-04-19 14:00:21,434 - crypto_bot - INFO - SCORE_BREAKDOWN: symbol=BIOUSDT trend_score=1.00 structure_score=0.50 rsi_score=1.00 adx_score=0.50 volume_score=0.00 macd_score=1.40 total_score=4.40 min_required_score=3.00
2026-04-19 14:00:21,434 - crypto_bot - INFO - FILTER_REJECTION: symbol=BIOUSDT hard_failed=[] soft_failed=['VOLUME', 'STRUCTURE']
2026-04-19 14:00:21,444 - crypto_bot - INFO - ENTRY_RISK_ADJUSTMENT: structure_state=weak position_size_factor=0.50 confirmation_passed=False reason="impulse candle missing (body_ratio=0.80)" symbol=BIOUSDT
2026-04-19 14:00:21,445 - crypto_bot - INFO - ENTRY_DEBUG: symbol=BIOUSDT structure_state=weak entry_type=continuation rr=0.00 entry_valid=False reason="impulse candle missing (body_ratio=0.80)"
2026-04-19 14:00:21,445 - crypto_bot - INFO - BIOUSDT | signal_trace strict_result=False fallback_executed=True required_filters=None required_filters_result=None score=0.0 rejection_reason=relaxed signals disabled by config
2026-04-19 14:00:21,680 - crypto_bot - INFO - FILTER_CHECK: symbol=ENJUSDT trend_ok=True structure_state=strong structure_ok=True rsi_ok=False adx_ok=True volume_ok=True macd_ok=True
2026-04-19 14:00:21,680 - crypto_bot - INFO - STRUCTURE_DEBUG: symbol=ENJUSDT trend=LONG recent_highs=[0.06113, 0.064852, 0.068262, 0.066384, 0.066075] recent_lows=[0.057214, 0.056862, 0.061831, 0.062292, 0.061758] bos_detected=True structure_state=strong reason=BOS confirmed with higher lows
2026-04-19 14:00:21,681 - crypto_bot - INFO - SCORE_BREAKDOWN: symbol=ENJUSDT trend_score=1.00 structure_score=1.00 rsi_score=0.00 adx_score=0.50 volume_score=0.25 macd_score=1.40 total_score=4.15 min_required_score=4.00
2026-04-19 14:00:21,681 - crypto_bot - INFO - FILTER_REJECTION: symbol=ENJUSDT hard_failed=[] soft_failed=['RSI']
2026-04-19 14:00:21,691 - crypto_bot - INFO - ENJUSDT | signal_trace strict_result=False fallback_executed=True required_filters=None required_filters_result=None score=0.0 rejection_reason=relaxed signals disabled by config
2026-04-19 14:00:21,923 - crypto_bot - INFO - FILTER_CHECK: symbol=API3USDT trend_ok=True structure_state=weak structure_ok=True rsi_ok=True adx_ok=True volume_ok=False macd_ok=False
2026-04-19 14:00:21,924 - crypto_bot - INFO - STRUCTURE_DEBUG: symbol=API3USDT trend=LONG recent_highs=[0.3465, 0.3414, 0.3338, 0.3355, 0.3364] recent_lows=[0.3357, 0.3319, 0.3307, 0.3302, 0.3311] bos_detected=False structure_state=weak reason=no BOS but higher lows / developing uptrend
2026-04-19 14:00:21,924 - crypto_bot - INFO - SCORE_BREAKDOWN: symbol=API3USDT trend_score=1.00 structure_score=0.50 rsi_score=1.00 adx_score=0.50 volume_score=0.00 macd_score=0.00 total_score=3.00 min_required_score=3.00
2026-04-19 14:00:21,924 - crypto_bot - INFO - FILTER_REJECTION: symbol=API3USDT hard_failed=[] soft_failed=['MACD', 'VOLUME', 'STRUCTURE']
2026-04-19 14:00:21,936 - crypto_bot - INFO - ENTRY_RISK_ADJUSTMENT: structure_state=weak position_size_factor=0.50 confirmation_passed=True reason="weak-risk checks passed" symbol=API3USDT
2026-04-19 14:00:21,937 - crypto_bot - INFO - ENTRY_DEBUG: symbol=API3USDT structure_state=weak entry_type=momentum rr=1.60 entry_valid=True reason="adaptive weak entry accepted"
2026-04-19 14:00:21,938 - crypto_bot - INFO - API3USDT | signal_trace strict_result=True fallback_executed=False required_filters=None required_filters_result=None score=3.0 rejection_reason=None
2026-04-19 14:00:21,938 - crypto_bot - INFO - ✅ Signal generated: API3USDT | strict | tf=1h | mode=MAIN | score=3.0 | entry_source=strict | passed_filters=['TREND', 'STRUCTURE', 'RSI', 'ADX'] | failed_filters=[]
2026-04-19 14:00:22,167 - crypto_bot - INFO - FILTER_CHECK: symbol=ZROUSDT trend_ok=True structure_state=weak structure_ok=True rsi_ok=False adx_ok=True volume_ok=False macd_ok=True
2026-04-19 14:00:22,167 - crypto_bot - INFO - STRUCTURE_DEBUG: symbol=ZROUSDT trend=SHORT recent_highs=[1.6309, 1.6038, 1.5638, 1.6211, 1.6532] recent_lows=[1.5942, 1.5565, 1.5, 1.5257, 1.6002] bos_detected=False structure_state=weak reason=no BOS but lower highs / developing downtrend
2026-04-19 14:00:22,168 - crypto_bot - INFO - SCORE_BREAKDOWN: symbol=ZROUSDT trend_score=1.00 structure_score=0.50 rsi_score=0.00 adx_score=0.50 volume_score=0.00 macd_score=1.40 total_score=3.40 min_required_score=3.00
2026-04-19 14:00:22,168 - crypto_bot - INFO - FILTER_REJECTION: symbol=ZROUSDT hard_failed=[] soft_failed=['RSI', 'VOLUME', 'STRUCTURE']
2026-04-19 14:00:22,178 - crypto_bot - INFO - ENTRY_RISK_ADJUSTMENT: structure_state=weak position_size_factor=0.50 confirmation_passed=False reason="impulse candle missing (body_ratio=0.51)" symbol=ZROUSDT
2026-04-19 14:00:22,179 - crypto_bot - INFO - ENTRY_DEBUG: symbol=ZROUSDT structure_state=weak entry_type=continuation rr=0.00 entry_valid=False reason="impulse candle missing (body_ratio=0.51)"
2026-04-19 14:00:22,179 - crypto_bot - INFO - ZROUSDT | signal_trace strict_result=False fallback_executed=True required_filters=None required_filters_result=None score=0.0 rejection_reason=relaxed signals disabled by config
2026-04-19 14:00:22,406 - crypto_bot - INFO - FILTER_CHECK: symbol=RIVERUSDT trend_ok=True structure_state=strong structure_ok=True rsi_ok=False adx_ok=True volume_ok=False macd_ok=True
2026-04-19 14:00:22,407 - crypto_bot - INFO - STRUCTURE_DEBUG: symbol=RIVERUSDT trend=SHORT recent_highs=[6.111, 5.975, 5.748, 5.864, 5.854] recent_lows=[5.958, 5.519, 5.51, 5.648, 5.729] bos_detected=True structure_state=strong reason=BOS confirmed with lower highs
2026-04-19 14:00:22,407 - crypto_bot - INFO - SCORE_BREAKDOWN: symbol=RIVERUSDT trend_score=1.00 structure_score=1.00 rsi_score=0.00 adx_score=0.50 volume_score=0.00 macd_score=1.40 total_score=3.90 min_required_score=4.00
2026-04-19 14:00:22,408 - crypto_bot - INFO - FILTER_REJECTION: symbol=RIVERUSDT hard_failed=[] soft_failed=['RSI', 'VOLUME']
2026-04-19 14:00:22,408 - crypto_bot - INFO - RIVERUSDT | signal_trace strict_result=False fallback_executed=False required_filters=None required_filters_result=None score=3.9 rejection_reason=score below adaptive threshold (3.90 < 4.00)
2026-04-19 14:00:22,632 - crypto_bot - INFO - FILTER_CHECK: symbol=LINKUSDT trend_ok=False structure_state=invalid structure_ok=False rsi_ok=True adx_ok=True volume_ok=False macd_ok=False
2026-04-19 14:00:22,632 - crypto_bot - INFO - STRUCTURE_DEBUG: symbol=LINKUSDT trend=LONG recent_highs=[9.285, 9.244, 9.214, 9.203, 9.18] recent_lows=[9.175, 9.196, 9.143, 9.092, 9.149] bos_detected=False structure_state=invalid reason=lower low detected in uptrend -> invalid
2026-04-19 14:00:22,633 - crypto_bot - INFO - SCORE_BREAKDOWN: symbol=LINKUSDT trend_score=0.00 structure_score=0.00 rsi_score=1.00 adx_score=0.50 volume_score=0.00 macd_score=0.00 total_score=1.50 min_required_score=3.20
2026-04-19 14:00:22,633 - crypto_bot - INFO - FILTER_REJECTION: symbol=LINKUSDT hard_failed=['TREND', 'STRUCTURE'] soft_failed=['MACD', 'VOLUME']
2026-04-19 14:00:22,633 - crypto_bot - INFO - LINKUSDT | signal_trace strict_result=False fallback_executed=False required_filters=None required_filters_result=None score=1.5 rejection_reason=hard filters failed
2026-04-19 14:00:22,861 - crypto_bot - INFO - FILTER_CHECK: symbol=BLURUSDT trend_ok=True structure_state=strong structure_ok=True rsi_ok=False adx_ok=True volume_ok=True macd_ok=True
2026-04-19 14:00:22,862 - crypto_bot - INFO - STRUCTURE_DEBUG: symbol=BLURUSDT trend=LONG recent_highs=[0.028654, 0.033287, 0.031621, 0.030646, 0.031395] recent_lows=[0.027133, 0.028005, 0.02967, 0.029445, 0.029757] bos_detected=True structure_state=strong reason=BOS confirmed with higher lows
2026-04-19 14:00:22,862 - crypto_bot - INFO - SCORE_BREAKDOWN: symbol=BLURUSDT trend_score=1.00 structure_score=1.00 rsi_score=0.00 adx_score=0.50 volume_score=0.25 macd_score=1.40 total_score=4.15 min_required_score=4.00
2026-04-19 14:00:22,862 - crypto_bot - INFO - FILTER_REJECTION: symbol=BLURUSDT hard_failed=[] soft_failed=['RSI']
2026-04-19 14:00:22,873 - crypto_bot - INFO - BLURUSDT | signal_trace strict_result=False fallback_executed=True required_filters=None required_filters_result=None score=0.0 rejection_reason=relaxed signals disabled by config
2026-04-19 14:00:23,108 - crypto_bot - INFO - FILTER_CHECK: symbol=PIEVERSEUSDT trend_ok=True structure_state=weak structure_ok=True rsi_ok=True adx_ok=True volume_ok=False macd_ok=False
2026-04-19 14:00:23,109 - crypto_bot - INFO - STRUCTURE_DEBUG: symbol=PIEVERSEUSDT trend=LONG recent_highs=[0.6227, 0.6161, 0.6066, 0.6192, 0.6148] recent_lows=[0.5864, 0.5886, 0.5669, 0.5938, 0.5782] bos_detected=False structure_state=weak reason=no BOS but higher lows / developing uptrend
2026-04-19 14:00:23,109 - crypto_bot - INFO - SCORE_BREAKDOWN: symbol=PIEVERSEUSDT trend_score=1.00 structure_score=0.50 rsi_score=1.00 adx_score=0.50 volume_score=0.00 macd_score=0.00 total_score=3.00 min_required_score=3.00
2026-04-19 14:00:23,109 - crypto_bot - INFO - FILTER_REJECTION: symbol=PIEVERSEUSDT hard_failed=[] soft_failed=['MACD', 'VOLUME', 'STRUCTURE']
2026-04-19 14:00:23,120 - crypto_bot - INFO - ENTRY_RISK_ADJUSTMENT: structure_state=weak position_size_factor=0.50 confirmation_passed=True reason="weak-risk checks passed" symbol=PIEVERSEUSDT
2026-04-19 14:00:23,120 - crypto_bot - INFO - ENTRY_DEBUG: symbol=PIEVERSEUSDT structure_state=weak entry_type=continuation rr=1.60 entry_valid=True reason="adaptive weak entry accepted"
2026-04-19 14:00:23,121 - crypto_bot - INFO - PIEVERSEUSDT | signal_trace strict_result=True fallback_executed=False required_filters=None required_filters_result=None score=3.0 rejection_reason=None
2026-04-19 14:00:23,121 - crypto_bot - INFO - ✅ Signal generated: PIEVERSEUSDT | strict | tf=1h | mode=MAIN | score=3.0 | entry_source=strict | passed_filters=['TREND', 'STRUCTURE', 'RSI', 'ADX'] | failed_filters=[]
2026-04-19 14:00:23,348 - crypto_bot - INFO - FILTER_CHECK: symbol=MUSDT trend_ok=True structure_state=weak structure_ok=True rsi_ok=True adx_ok=True volume_ok=False macd_ok=False
2026-04-19 14:00:23,348 - crypto_bot - INFO - STRUCTURE_DEBUG: symbol=MUSDT trend=LONG recent_highs=[3.7133, 3.526, 3.6542, 3.5776, 3.5278] recent_lows=[3.4, 3.4087, 3.4777, 3.4816, 3.4657] bos_detected=False structure_state=weak reason=no BOS but higher lows / developing uptrend
2026-04-19 14:00:23,349 - crypto_bot - INFO - SCORE_BREAKDOWN: symbol=MUSDT trend_score=1.00 structure_score=0.50 rsi_score=1.00 adx_score=0.50 volume_score=0.00 macd_score=0.00 total_score=3.00 min_required_score=3.00
2026-04-19 14:00:23,349 - crypto_bot - INFO - FILTER_REJECTION: symbol=MUSDT hard_failed=[] soft_failed=['MACD', 'VOLUME', 'STRUCTURE']
2026-04-19 14:00:23,358 - crypto_bot - INFO - ENTRY_RISK_ADJUSTMENT: structure_state=weak position_size_factor=0.50 confirmation_passed=False reason="impulse candle missing (body_ratio=0.24)" symbol=MUSDT
2026-04-19 14:00:23,358 - crypto_bot - INFO - ENTRY_DEBUG: symbol=MUSDT structure_state=weak entry_type=continuation rr=0.00 entry_valid=False reason="impulse candle missing (body_ratio=0.24)"
2026-04-19 14:00:23,358 - crypto_bot - INFO - MUSDT | signal_trace strict_result=False fallback_executed=True required_filters=None required_filters_result=None score=0.0 rejection_reason=relaxed signals disabled by config
2026-04-19 14:00:23,590 - crypto_bot - INFO - FILTER_CHECK: symbol=NEARUSDT trend_ok=True structure_state=weak structure_ok=True rsi_ok=False adx_ok=True volume_ok=False macd_ok=False
2026-04-19 14:00:23,590 - crypto_bot - INFO - STRUCTURE_DEBUG: symbol=NEARUSDT trend=SHORT recent_highs=[1.3563, 1.3543, 1.3431, 1.3364, 1.3372] recent_lows=[1.3402, 1.3348, 1.3287, 1.3204, 1.3298] bos_detected=True structure_state=weak reason=no BOS but lower highs / developing downtrend
2026-04-19 14:00:23,590 - crypto_bot - INFO - SCORE_BREAKDOWN: symbol=NEARUSDT trend_score=1.00 structure_score=0.50 rsi_score=0.00 adx_score=0.50 volume_score=0.00 macd_score=0.00 total_score=2.00 min_required_score=3.00
2026-04-19 14:00:23,591 - crypto_bot - INFO - FILTER_REJECTION: symbol=NEARUSDT hard_failed=[] soft_failed=['RSI', 'MACD', 'VOLUME', 'STRUCTURE']
2026-04-19 14:00:23,591 - crypto_bot - INFO - NEARUSDT | signal_trace strict_result=False fallback_executed=False required_filters=None required_filters_result=None score=2.0 rejection_reason=score below adaptive threshold (2.00 < 3.00)
2026-04-19 14:00:23,813 - crypto_bot - INFO - FILTER_CHECK: symbol=ALICEUSDT trend_ok=True structure_state=weak structure_ok=True rsi_ok=True adx_ok=True volume_ok=False macd_ok=False
2026-04-19 14:00:23,813 - crypto_bot - INFO - STRUCTURE_DEBUG: symbol=ALICEUSDT trend=LONG recent_highs=[0.15897, 0.1519, 0.15139, 0.16317, 0.17105] recent_lows=[0.14783, 0.14544, 0.14433, 0.14928, 0.15442] bos_detected=False structure_state=weak reason=no BOS but higher lows / developing uptrend
2026-04-19 14:00:23,814 - crypto_bot - INFO - SCORE_BREAKDOWN: symbol=ALICEUSDT trend_score=1.00 structure_score=0.50 rsi_score=1.00 adx_score=0.50 volume_score=0.00 macd_score=0.00 total_score=3.00 min_required_score=3.00
2026-04-19 14:00:23,814 - crypto_bot - INFO - FILTER_REJECTION: symbol=ALICEUSDT hard_failed=[] soft_failed=['MACD', 'VOLUME', 'STRUCTURE']
2026-04-19 14:00:23,822 - crypto_bot - INFO - ENTRY_RISK_ADJUSTMENT: structure_state=weak position_size_factor=0.50 confirmation_passed=False reason="impulse candle missing (body_ratio=0.48)" symbol=ALICEUSDT
2026-04-19 14:00:23,823 - crypto_bot - INFO - ENTRY_DEBUG: symbol=ALICEUSDT structure_state=weak entry_type=continuation rr=0.00 entry_valid=False reason="impulse candle missing (body_ratio=0.48)"
2026-04-19 14:00:23,823 - crypto_bot - INFO - ALICEUSDT | signal_trace strict_result=False fallback_executed=True required_filters=None required_filters_result=None score=0.0 rejection_reason=relaxed signals disabled by config
2026-04-19 14:00:24,061 - crypto_bot - INFO - FILTER_CHECK: symbol=WLDUSDT trend_ok=True structure_state=weak structure_ok=True rsi_ok=False adx_ok=True volume_ok=True macd_ok=False
2026-04-19 14:00:24,061 - crypto_bot - INFO - STRUCTURE_DEBUG: symbol=WLDUSDT trend=SHORT recent_highs=[0.2615, 0.2605, 0.262, 0.2621, 0.2612] recent_lows=[0.2586, 0.2586, 0.2578, 0.2584, 0.2594] bos_detected=False structure_state=weak reason=no BOS but lower highs / developing downtrend
2026-04-19 14:00:24,062 - crypto_bot - INFO - SCORE_BREAKDOWN: symbol=WLDUSDT trend_score=1.00 structure_score=0.50 rsi_score=0.00 adx_score=0.50 volume_score=0.25 macd_score=0.00 total_score=2.25 min_required_score=3.00
2026-04-19 14:00:24,062 - crypto_bot - INFO - FILTER_REJECTION: symbol=WLDUSDT hard_failed=[] soft_failed=['RSI', 'MACD', 'STRUCTURE']
2026-04-19 14:00:24,062 - crypto_bot - INFO - WLDUSDT | signal_trace strict_result=False fallback_executed=False required_filters=None required_filters_result=None score=2.25 rejection_reason=score below adaptive threshold (2.25 < 3.00)
2026-04-19 14:00:24,304 - crypto_bot - INFO - FILTER_CHECK: symbol=AVAXUSDT trend_ok=True structure_state=invalid structure_ok=False rsi_ok=True adx_ok=True volume_ok=False macd_ok=False
2026-04-19 14:00:24,304 - crypto_bot - INFO - STRUCTURE_DEBUG: symbol=AVAXUSDT trend=LONG recent_highs=[9.316, 9.308, 9.3, 9.274, 9.213] recent_lows=[9.242, 9.262, 9.223, 9.122, 9.171] bos_detected=False structure_state=invalid reason=lower low detected in uptrend -> invalid
2026-04-19 14:00:24,305 - crypto_bot - INFO - SCORE_BREAKDOWN: symbol=AVAXUSDT trend_score=1.00 structure_score=0.00 rsi_score=1.00 adx_score=0.50 volume_score=0.00 macd_score=0.00 total_score=2.50 min_required_score=3.20
2026-04-19 14:00:24,305 - crypto_bot - INFO - FILTER_REJECTION: symbol=AVAXUSDT hard_failed=['STRUCTURE'] soft_failed=['MACD', 'VOLUME']
2026-04-19 14:00:24,305 - crypto_bot - INFO - AVAXUSDT | signal_trace strict_result=False fallback_executed=False required_filters=None required_filters_result=None score=2.5 rejection_reason=hard filters failed
2026-04-19 14:00:24,538 - crypto_bot - INFO - FILTER_CHECK: symbol=DOTUSDT trend_ok=False structure_state=invalid structure_ok=False rsi_ok=True adx_ok=True volume_ok=False macd_ok=False
2026-04-19 14:00:24,538 - crypto_bot - INFO - STRUCTURE_DEBUG: symbol=DOTUSDT trend=LONG recent_highs=[1.2793, 1.2761, 1.2665, 1.2646, 1.26] recent_lows=[1.2637, 1.2646, 1.2555, 1.246, 1.2546] bos_detected=False structure_state=invalid reason=lower low detected in uptrend -> invalid
2026-04-19 14:00:24,539 - crypto_bot - INFO - SCORE_BREAKDOWN: symbol=DOTUSDT trend_score=0.00 structure_score=0.00 rsi_score=1.00 adx_score=0.50 volume_score=0.00 macd_score=0.00 total_score=1.50 min_required_score=3.20
2026-04-19 14:00:24,539 - crypto_bot - INFO - FILTER_REJECTION: symbol=DOTUSDT hard_failed=['TREND', 'STRUCTURE'] soft_failed=['MACD', 'VOLUME']
2026-04-19 14:00:24,539 - crypto_bot - INFO - DOTUSDT | signal_trace strict_result=False fallback_executed=False required_filters=None required_filters_result=None score=1.5 rejection_reason=hard filters failed
2026-04-19 14:00:24,767 - crypto_bot - INFO - FILTER_CHECK: symbol=XPLUSDT trend_ok=True structure_state=strong structure_ok=True rsi_ok=False adx_ok=True volume_ok=False macd_ok=False
2026-04-19 14:00:24,767 - crypto_bot - INFO - STRUCTURE_DEBUG: symbol=XPLUSDT trend=SHORT recent_highs=[0.10849, 0.10758, 0.10678, 0.10667, 0.10542] recent_lows=[0.10683, 0.10502, 0.10464, 0.1047, 0.10386] bos_detected=True structure_state=strong reason=BOS confirmed with lower highs
2026-04-19 14:00:24,767 - crypto_bot - INFO - SCORE_BREAKDOWN: symbol=XPLUSDT trend_score=1.00 structure_score=1.00 rsi_score=0.00 adx_score=0.50 volume_score=0.00 macd_score=0.00 total_score=2.50 min_required_score=4.00
2026-04-19 14:00:24,768 - crypto_bot - INFO - FILTER_REJECTION: symbol=XPLUSDT hard_failed=[] soft_failed=['RSI', 'MACD', 'VOLUME']
2026-04-19 14:00:24,768 - crypto_bot - INFO - XPLUSDT | signal_trace strict_result=False fallback_executed=False required_filters=None required_filters_result=None score=2.5 rejection_reason=score below adaptive threshold (2.50 < 4.00)
2026-04-19 14:00:24,998 - crypto_bot - INFO - FILTER_CHECK: symbol=BNBUSDT trend_ok=True structure_state=weak structure_ok=True rsi_ok=True adx_ok=True volume_ok=True macd_ok=False
2026-04-19 14:00:24,998 - crypto_bot - INFO - STRUCTURE_DEBUG: symbol=BNBUSDT trend=LONG recent_highs=[624.2, 623.2, 623.1, 622.5, 621.1] recent_lows=[619.8, 621.4, 619.5, 617.8, 617.8] bos_detected=False structure_state=weak reason=no BOS but higher lows / developing uptrend
2026-04-19 14:00:24,998 - crypto_bot - INFO - SCORE_BREAKDOWN: symbol=BNBUSDT trend_score=1.00 structure_score=0.50 rsi_score=1.00 adx_score=0.50 volume_score=0.25 macd_score=0.00 total_score=3.25 min_required_score=3.00
2026-04-19 14:00:24,999 - crypto_bot - INFO - FILTER_REJECTION: symbol=BNBUSDT hard_failed=[] soft_failed=['MACD', 'STRUCTURE']
2026-04-19 14:00:25,009 - crypto_bot - INFO - ENTRY_RISK_ADJUSTMENT: structure_state=weak position_size_factor=0.50 confirmation_passed=False reason="impulse candle missing (body_ratio=0.52)" symbol=BNBUSDT
2026-04-19 14:00:25,010 - crypto_bot - INFO - ENTRY_DEBUG: symbol=BNBUSDT structure_state=weak entry_type=continuation rr=0.00 entry_valid=False reason="impulse candle missing (body_ratio=0.52)"
2026-04-19 14:00:25,010 - crypto_bot - INFO - BNBUSDT | signal_trace strict_result=False fallback_executed=True required_filters=None required_filters_result=None score=0.0 rejection_reason=relaxed signals disabled by config
2026-04-19 14:00:25,243 - crypto_bot - INFO - FILTER_CHECK: symbol=DYDXUSDT trend_ok=True structure_state=strong structure_ok=True rsi_ok=False adx_ok=True volume_ok=True macd_ok=True
2026-04-19 14:00:25,243 - crypto_bot - INFO - STRUCTURE_DEBUG: symbol=DYDXUSDT trend=LONG recent_highs=[0.14537, 0.14802, 0.14705, 0.14754, 0.1495] recent_lows=[0.14206, 0.1436, 0.14284, 0.14412, 0.14527] bos_detected=True structure_state=strong reason=BOS confirmed with higher lows
2026-04-19 14:00:25,244 - crypto_bot - INFO - SCORE_BREAKDOWN: symbol=DYDXUSDT trend_score=1.00 structure_score=1.00 rsi_score=0.00 adx_score=0.50 volume_score=0.25 macd_score=1.40 total_score=4.15 min_required_score=4.00
2026-04-19 14:00:25,244 - crypto_bot - INFO - FILTER_REJECTION: symbol=DYDXUSDT hard_failed=[] soft_failed=['RSI']
2026-04-19 14:00:25,253 - crypto_bot - INFO - DYDXUSDT | signal_trace strict_result=False fallback_executed=True required_filters=None required_filters_result=None score=0.0 rejection_reason=relaxed signals disabled by config
2026-04-19 14:00:25,480 - crypto_bot - INFO - FILTER_CHECK: symbol=PROMUSDT trend_ok=True structure_state=weak structure_ok=True rsi_ok=True adx_ok=True volume_ok=False macd_ok=False
2026-04-19 14:00:25,481 - crypto_bot - INFO - STRUCTURE_DEBUG: symbol=PROMUSDT trend=LONG recent_highs=[2.2976, 2.198, 2.1176, 2.062, 2.2019] recent_lows=[2.1104, 2.0436, 1.9761, 1.9905, 2.022] bos_detected=False structure_state=weak reason=no BOS but higher lows / developing uptrend
2026-04-19 14:00:25,481 - crypto_bot - INFO - SCORE_BREAKDOWN: symbol=PROMUSDT trend_score=1.00 structure_score=0.50 rsi_score=1.00 adx_score=0.50 volume_score=0.00 macd_score=0.00 total_score=3.00 min_required_score=3.00
2026-04-19 14:00:25,482 - crypto_bot - INFO - FILTER_REJECTION: symbol=PROMUSDT hard_failed=[] soft_failed=['MACD', 'VOLUME', 'STRUCTURE']
2026-04-19 14:00:25,493 - crypto_bot - INFO - ENTRY_RISK_ADJUSTMENT: structure_state=weak position_size_factor=0.50 confirmation_passed=False reason="impulse candle missing (body_ratio=0.22)" symbol=PROMUSDT
2026-04-19 14:00:25,493 - crypto_bot - INFO - ENTRY_DEBUG: symbol=PROMUSDT structure_state=weak entry_type=continuation rr=0.00 entry_valid=False reason="impulse candle missing (body_ratio=0.22)"
2026-04-19 14:00:25,493 - crypto_bot - INFO - PROMUSDT | signal_trace strict_result=False fallback_executed=True required_filters=None required_filters_result=None score=0.0 rejection_reason=relaxed signals disabled by config
2026-04-19 14:00:25,720 - crypto_bot - INFO - FILTER_CHECK: symbol=REQUSDT trend_ok=True structure_state=weak structure_ok=True rsi_ok=True adx_ok=True volume_ok=True macd_ok=False
2026-04-19 14:00:25,720 - crypto_bot - INFO - STRUCTURE_DEBUG: symbol=REQUSDT trend=LONG recent_highs=[0.14662, 0.12653, 0.11712, 0.12774, 0.12222] recent_lows=[0.11463, 0.11472, 0.10747, 0.10851, 0.11089] bos_detected=False structure_state=weak reason=no BOS but higher lows / developing uptrend
2026-04-19 14:00:25,720 - crypto_bot - INFO - SCORE_BREAKDOWN: symbol=REQUSDT trend_score=1.00 structure_score=0.50 rsi_score=1.00 adx_score=0.50 volume_score=0.25 macd_score=0.00 total_score=3.25 min_required_score=3.00
2026-04-19 14:00:25,721 - crypto_bot - INFO - FILTER_REJECTION: symbol=REQUSDT hard_failed=[] soft_failed=['MACD', 'STRUCTURE']
2026-04-19 14:00:25,730 - crypto_bot - INFO - ENTRY_RISK_ADJUSTMENT: structure_state=weak position_size_factor=0.50 confirmation_passed=False reason="impulse candle missing (body_ratio=0.27)" symbol=REQUSDT
2026-04-19 14:00:25,731 - crypto_bot - INFO - ENTRY_DEBUG: symbol=REQUSDT structure_state=weak entry_type=continuation rr=0.00 entry_valid=False reason="impulse candle missing (body_ratio=0.27)"
2026-04-19 14:00:25,731 - crypto_bot - INFO - REQUSDT | signal_trace strict_result=False fallback_executed=True required_filters=None required_filters_result=None score=0.0 rejection_reason=relaxed signals disabled by config
2026-04-19 14:00:25,966 - crypto_bot - INFO - FILTER_CHECK: symbol=CRVUSDT trend_ok=True structure_state=weak structure_ok=True rsi_ok=True adx_ok=True volume_ok=True macd_ok=False
2026-04-19 14:00:25,967 - crypto_bot - INFO - STRUCTURE_DEBUG: symbol=CRVUSDT trend=LONG recent_highs=[0.2271, 0.2267, 0.2267, 0.2268, 0.2267] recent_lows=[0.2248, 0.2255, 0.2248, 0.2247, 0.2256] bos_detected=False structure_state=weak reason=no BOS but higher lows / developing uptrend
2026-04-19 14:00:25,967 - crypto_bot - INFO - SCORE_BREAKDOWN: symbol=CRVUSDT trend_score=1.00 structure_score=0.50 rsi_score=1.00 adx_score=0.50 volume_score=0.25 macd_score=0.00 total_score=3.25 min_required_score=3.00
2026-04-19 14:00:25,967 - crypto_bot - INFO - FILTER_REJECTION: symbol=CRVUSDT hard_failed=[] soft_failed=['MACD', 'STRUCTURE']
2026-04-19 14:00:25,976 - crypto_bot - INFO - ENTRY_RISK_ADJUSTMENT: structure_state=weak position_size_factor=0.50 confirmation_passed=False reason="impulse candle missing (body_ratio=0.27)" symbol=CRVUSDT
2026-04-19 14:00:25,977 - crypto_bot - INFO - ENTRY_DEBUG: symbol=CRVUSDT structure_state=weak entry_type=continuation rr=0.00 entry_valid=False reason="impulse candle missing (body_ratio=0.27)"
2026-04-19 14:00:25,977 - crypto_bot - INFO - CRVUSDT | signal_trace strict_result=False fallback_executed=True required_filters=None required_filters_result=None score=0.0 rejection_reason=relaxed signals disabled by config
2026-04-19 14:00:26,205 - crypto_bot - INFO - FILTER_CHECK: symbol=BASEDUSDT trend_ok=False structure_state=weak structure_ok=True rsi_ok=True adx_ok=True volume_ok=False macd_ok=True
2026-04-19 14:00:26,205 - crypto_bot - INFO - STRUCTURE_DEBUG: symbol=BASEDUSDT trend=LONG recent_highs=[0.0859, 0.0897, 0.0906, 0.0929, 0.0929] recent_lows=[0.0836, 0.0836, 0.0863, 0.0865, 0.0891] bos_detected=False structure_state=weak reason=no BOS but higher lows / developing uptrend
2026-04-19 14:00:26,206 - crypto_bot - INFO - SCORE_BREAKDOWN: symbol=BASEDUSDT trend_score=0.00 structure_score=0.50 rsi_score=1.00 adx_score=0.50 volume_score=0.00 macd_score=1.40 total_score=3.40 min_required_score=3.00
2026-04-19 14:00:26,206 - crypto_bot - INFO - FILTER_REJECTION: symbol=BASEDUSDT hard_failed=['TREND'] soft_failed=['VOLUME', 'STRUCTURE']
2026-04-19 14:00:26,206 - crypto_bot - INFO - BASEDUSDT | signal_trace strict_result=False fallback_executed=False required_filters=None required_filters_result=None score=3.4 rejection_reason=hard filters failed
2026-04-19 14:00:26,440 - crypto_bot - INFO - FILTER_CHECK: symbol=IPUSDT trend_ok=False structure_state=weak structure_ok=True rsi_ok=True adx_ok=True volume_ok=False macd_ok=False
2026-04-19 14:00:26,441 - crypto_bot - INFO - STRUCTURE_DEBUG: symbol=IPUSDT trend=LONG recent_highs=[0.5331, 0.5285, 0.522, 0.5219, 0.5195] recent_lows=[0.526, 0.5193, 0.5176, 0.5143, 0.5158] bos_detected=False structure_state=weak reason=no BOS but higher lows / developing uptrend
2026-04-19 14:00:26,441 - crypto_bot - INFO - SCORE_BREAKDOWN: symbol=IPUSDT trend_score=0.00 structure_score=0.50 rsi_score=1.00 adx_score=0.50 volume_score=0.00 macd_score=0.00 total_score=2.00 min_required_score=3.00
2026-04-19 14:00:26,441 - crypto_bot - INFO - FILTER_REJECTION: symbol=IPUSDT hard_failed=['TREND'] soft_failed=['MACD', 'VOLUME', 'STRUCTURE']
2026-04-19 14:00:26,442 - crypto_bot - INFO - IPUSDT | signal_trace strict_result=False fallback_executed=False required_filters=None required_filters_result=None score=2.0 rejection_reason=hard filters failed
2026-04-19 14:00:26,442 - crypto_bot - INFO - 📊 Total signals after scan: 2
2026-04-19 14:00:26,442 - crypto_bot - INFO -  STRICT_PIPELINE_METRICS: potential_signals=8 strict_signals=2 raw_candidates=41
2026-04-19 14:00:26,442 - crypto_bot - INFO - AUTO_DIAGNOSTIC: potential_signals=8 strict_signals=2 scalping_signals=0 avg_score=1.37 rejection_top_reasons=[('relaxed signals disabled by config', 17), ('hard filters failed', 15), ('score below adaptive threshold (2.00 < 3.00)', 2)]
2026-04-19 14:00:26,443 - crypto_bot - INFO - AUTO_DIAGNOSTIC_EXTENDED: main_signal_count=2 scalping_signal_count=0 avg_score_main=3.00 avg_score_scalping=0.00
2026-04-19 14:00:26,443 - crypto_bot - INFO - 📊 Signals found: 2
2026-04-19 14:00:26,453 - crypto_bot - INFO - SIGNAL_DECISION: symbol=API3USDT mode=MAIN status=OPEN score=3.00 threshold=3.20 entry_source=strict passed_filters=['TREND', 'STRUCTURE', 'RSI', 'ADX'] failed_filters=[] reason=OPEN position_block=False mode_position_count=0 mode_limit=15 global_position_count=0 global_limit=40
2026-04-19 14:00:26,455 - crypto_bot - INFO - [SIGNAL ACCEPTED] symbol=API3USDT mode=MAIN entry_source=strict score=3.0 conf=0.6 stars=⭐⭐⭐⭐
2026-04-19 14:00:27,302 - crypto_bot - INFO - PORTFOLIO_RISK_STATE: total_risk=0.000 exposure=0.000 long_exposure=0.000 short_exposure=0.000 open_trades=0
2026-04-19 14:00:27,303 - crypto_bot - INFO - RISK_ADJUSTMENT: mode=DISABLED_ZERO_EXPOSURE symbol=API3USDT base_score=3.20
2026-04-19 14:00:27,303 - crypto_bot - INFO - EXECUTION_SCORE: symbol=API3USDT base_score=3.00 bonus_raw=0.10 penalty=0.00 final_bonus=0.10 effective_score=3.10 threshold=3.20
2026-04-19 14:00:27,304 - crypto_bot - INFO - SIGNAL_BLOCKED_BY_RISK: symbol=API3USDT score=3.00 effective_score=3.10 required_score=3.20 base_score=3.20 total_risk=0.00 exposure=0.00 reason=LOW_SCORE_EXECUTION
2026-04-19 14:00:27,304 - crypto_bot - INFO - EXECUTION_DECISION: symbol=API3USDT decision=SKIP reason=LOW_SCORE_EXECUTION
2026-04-19 14:00:27,305 - crypto_bot - INFO - ORDER_SKIPPED: symbol=API3USDT reason=LOW_SCORE_EXECUTION
2026-04-19 14:00:27,306 - crypto_bot - WARNING - SIGNAL_EXECUTION_RESULT: symbol=API3USDT result=FAILED reason=LOW_SCORE_EXECUTION state=UNCHANGED
2026-04-19 14:00:27,307 - crypto_bot - INFO - MAIN 📡 SIGNAL

Symbol:    API3USDT
Direction: 🟢 LONG
Timeframe: 1h

💰 Entry: 0.348300
🎯 TP:    0.382935
🛑 SL:    0.326653
RR:    1.60

Score:      3.00 / 5.00
⭐ Confidence: 0.60 ⭐⭐⭐⭐

Entry source: strict
Passed: TREND, STRUCTURE, RSI, ADX
Failed: -
Reject reason: -

🧠 Regime: N/A
🕒 Time:   2026-04-19 09:00:00+00:00
Fingerprint: c9c243e2f7f57c33
2026-04-19 14:00:27,319 - crypto_bot - INFO - SIGNAL_DECISION: symbol=PIEVERSEUSDT mode=MAIN status=OPEN score=3.00 threshold=3.20 entry_source=strict passed_filters=['TREND', 'STRUCTURE', 'RSI', 'ADX'] failed_filters=[] reason=OPEN position_block=False mode_position_count=0 mode_limit=15 global_position_count=0 global_limit=40
2026-04-19 14:00:27,321 - crypto_bot - INFO - [SIGNAL ACCEPTED] symbol=PIEVERSEUSDT mode=MAIN entry_source=strict score=3.0 conf=0.6 stars=⭐⭐⭐⭐
2026-04-19 14:00:27,782 - crypto_bot - INFO - PORTFOLIO_RISK_STATE: total_risk=0.000 exposure=0.000 long_exposure=0.000 short_exposure=0.000 open_trades=0
2026-04-19 14:00:27,783 - crypto_bot - INFO - RISK_ADJUSTMENT: mode=DISABLED_ZERO_EXPOSURE symbol=PIEVERSEUSDT base_score=3.20
2026-04-19 14:00:27,783 - crypto_bot - INFO - EXECUTION_SCORE: symbol=PIEVERSEUSDT base_score=3.00 bonus_raw=0.10 penalty=0.00 final_bonus=0.10 effective_score=3.10 threshold=3.20
2026-04-19 14:00:27,783 - crypto_bot - INFO - SIGNAL_BLOCKED_BY_RISK: symbol=PIEVERSEUSDT score=3.00 effective_score=3.10 required_score=3.20 base_score=3.20 total_risk=0.00 exposure=0.00 reason=LOW_SCORE_EXECUTION
2026-04-19 14:00:27,784 - crypto_bot - INFO - EXECUTION_DECISION: symbol=PIEVERSEUSDT decision=SKIP reason=LOW_SCORE_EXECUTION
2026-04-19 14:00:27,784 - crypto_bot - INFO - ORDER_SKIPPED: symbol=PIEVERSEUSDT reason=LOW_SCORE_EXECUTION
2026-04-19 14:00:27,785 - crypto_bot - WARNING - SIGNAL_EXECUTION_RESULT: symbol=PIEVERSEUSDT result=FAILED reason=LOW_SCORE_EXECUTION state=UNCHANGED
2026-04-19 14:00:27,787 - crypto_bot - INFO - MAIN 📡 SIGNAL

Symbol:    PIEVERSEUSDT
Direction: 🟢 LONG
Timeframe: 1h

💰 Entry: 0.624500
🎯 TP:    0.733698
🛑 SL:    0.556251
RR:    1.60

Score:      3.00 / 5.00
⭐ Confidence: 0.60 ⭐⭐⭐⭐

Entry source: strict
Passed: TREND, STRUCTURE, RSI, ADX
Failed: -
Reject reason: -

🧠 Regime: N/A
🕒 Time:   2026-04-19 09:00:00+00:00
Fingerprint: 156dbca9534193f8
2026-04-19 14:00:27,788 - crypto_bot - INFO - AUTO_DIAGNOSTIC_PORTFOLIO: avg_portfolio_risk=0.00 avg_exposure=0.00 signals_blocked_by_risk=9 signals_scaled_by_risk=0
2026-04-19 14:00:27,788 - crypto_bot - INFO - ⏳ Sleeping for 300 seconds
2026-04-19 14:05:27,834 - crypto_bot - INFO - 🔍 Starting market scan for top-50 symbols...
2026-04-19 14:05:28,811 - crypto_bot - INFO - [MARKET] get_top_usdt_pairs prepared 534 liquid swap symbols
2026-04-19 14:05:28,812 - crypto_bot - INFO - 📈 Top-50 symbols fetched: 50
2026-04-19 14:05:28,812 - crypto_bot - INFO - 🔥 Active symbols after filter: 41 / 50
2026-04-19 14:05:28,812 - crypto_bot - INFO -  RAW_CANDIDATES_BEFORE_STRICT_FILTERS: count=41 mode=MAIN
2026-04-19 14:05:29,331 - crypto_bot - INFO - FILTER_CHECK: symbol=BTCUSDT trend_ok=True structure_state=invalid structure_ok=False rsi_ok=True adx_ok=True volume_ok=False macd_ok=False
2026-04-19 14:05:29,331 - crypto_bot - INFO - STRUCTURE_DEBUG: symbol=BTCUSDT trend=LONG recent_highs=[75748.7, 75650.0, 75510.0, 75358.8, 75265.0] recent_lows=[75369.2, 75470.6, 75219.3, 74810.3, 75034.8] bos_detected=False structure_state=invalid reason=lower low detected in uptrend -> invalid
2026-04-19 14:05:29,332 - crypto_bot - INFO - SCORE_BREAKDOWN: symbol=BTCUSDT trend_score=1.00 structure_score=0.00 rsi_score=1.00 adx_score=0.50 volume_score=0.00 macd_score=0.00 total_score=2.50 min_required_score=3.20
2026-04-19 14:05:29,332 - crypto_bot - INFO - FILTER_REJECTION: symbol=BTCUSDT hard_failed=['STRUCTURE'] soft_failed=['MACD', 'VOLUME']
2026-04-19 14:05:29,332 - crypto_bot - INFO - BTCUSDT | signal_trace strict_result=False fallback_executed=False required_filters=None required_filters_result=None score=2.5 rejection_reason=hard filters failed
2026-04-19 14:05:29,576 - crypto_bot - INFO - FILTER_CHECK: symbol=ETHUSDT trend_ok=False structure_state=invalid structure_ok=False rsi_ok=True adx_ok=True volume_ok=False macd_ok=False
2026-04-19 14:05:29,577 - crypto_bot - INFO - STRUCTURE_DEBUG: symbol=ETHUSDT trend=LONG recent_highs=[2344.99, 2337.32, 2331.72, 2326.32, 2319.76] recent_lows=[2320.0, 2327.43, 2319.66, 2294.43, 2309.67] bos_detected=False structure_state=invalid reason=lower low detected in uptrend -> invalid
2026-04-19 14:05:29,578 - crypto_bot - INFO - SCORE_BREAKDOWN: symbol=ETHUSDT trend_score=0.00 structure_score=0.00 rsi_score=1.00 adx_score=0.50 volume_score=0.00 macd_score=0.00 total_score=1.50 min_required_score=3.20
2026-04-19 14:05:29,578 - crypto_bot - INFO - FILTER_REJECTION: symbol=ETHUSDT hard_failed=['TREND', 'STRUCTURE'] soft_failed=['MACD', 'VOLUME']
2026-04-19 14:05:29,578 - crypto_bot - INFO - ETHUSDT | signal_trace strict_result=False fallback_executed=False required_filters=None required_filters_result=None score=1.5 rejection_reason=hard filters failed
2026-04-19 14:05:29,817 - crypto_bot - INFO - FILTER_CHECK: symbol=RAVEUSDT trend_ok=True structure_state=weak structure_ok=True rsi_ok=False adx_ok=True volume_ok=False macd_ok=False
2026-04-19 14:05:29,817 - crypto_bot - INFO - STRUCTURE_DEBUG: symbol=RAVEUSDT trend=SHORT recent_highs=[1.75, 1.52425, 1.71747, 1.47373, 1.36903] recent_lows=[1.15206, 1.12455, 1.28858, 1.14125, 1.21237] bos_detected=False structure_state=weak reason=no BOS but lower highs / developing downtrend
2026-04-19 14:05:29,818 - crypto_bot - INFO - SCORE_BREAKDOWN: symbol=RAVEUSDT trend_score=1.00 structure_score=0.50 rsi_score=0.00 adx_score=0.50 volume_score=0.00 macd_score=0.00 total_score=2.00 min_required_score=3.00
2026-04-19 14:05:29,818 - crypto_bot - INFO - FILTER_REJECTION: symbol=RAVEUSDT hard_failed=[] soft_failed=['RSI', 'MACD', 'VOLUME', 'STRUCTURE']
2026-04-19 14:05:29,818 - crypto_bot - INFO - RAVEUSDT | signal_trace strict_result=False fallback_executed=False required_filters=None required_filters_result=None score=2.0 rejection_reason=score below adaptive threshold (2.00 < 3.00)
2026-04-19 14:05:30,060 - crypto_bot - INFO - FILTER_CHECK: symbol=SOLUSDT trend_ok=False structure_state=invalid structure_ok=False rsi_ok=True adx_ok=True volume_ok=True macd_ok=False
2026-04-19 14:05:30,060 - crypto_bot - INFO - STRUCTURE_DEBUG: symbol=SOLUSDT trend=LONG recent_highs=[85.93, 85.77, 85.62, 85.4, 85.08] recent_lows=[85.1, 85.34, 85.09, 84.36, 84.54] bos_detected=False structure_state=invalid reason=lower low detected in uptrend -> invalid
2026-04-19 14:05:30,060 - crypto_bot - INFO - SCORE_BREAKDOWN: symbol=SOLUSDT trend_score=0.00 structure_score=0.00 rsi_score=1.00 adx_score=0.50 volume_score=0.25 macd_score=0.00 total_score=1.75 min_required_score=3.20
2026-04-19 14:05:30,060 - crypto_bot - INFO - FILTER_REJECTION: symbol=SOLUSDT hard_failed=['TREND', 'STRUCTURE'] soft_failed=['MACD']
2026-04-19 14:05:30,061 - crypto_bot - INFO - SOLUSDT | signal_trace strict_result=False fallback_executed=False required_filters=None required_filters_result=None score=1.75 rejection_reason=hard filters failed
2026-04-19 14:05:30,300 - crypto_bot - INFO - FILTER_CHECK: symbol=AAVEUSDT trend_ok=False structure_state=invalid structure_ok=False rsi_ok=True adx_ok=True volume_ok=False macd_ok=False
2026-04-19 14:05:30,300 - crypto_bot - INFO - STRUCTURE_DEBUG: symbol=AAVEUSDT trend=LONG recent_highs=[95.42, 95.26, 92.97, 92.7, 92.75] recent_lows=[92.78, 92.87, 91.26, 91.34, 90.36] bos_detected=False structure_state=invalid reason=lower low detected in uptrend -> invalid
2026-04-19 14:05:30,301 - crypto_bot - INFO - SCORE_BREAKDOWN: symbol=AAVEUSDT trend_score=0.00 structure_score=0.00 rsi_score=1.00 adx_score=0.50 volume_score=0.00 macd_score=0.00 total_score=1.50 min_required_score=3.20
2026-04-19 14:05:30,301 - crypto_bot - INFO - FILTER_REJECTION: symbol=AAVEUSDT hard_failed=['TREND', 'STRUCTURE'] soft_failed=['MACD', 'VOLUME']
2026-04-19 14:05:30,301 - crypto_bot - INFO - AAVEUSDT | signal_trace strict_result=False fallback_executed=False required_filters=None required_filters_result=None score=1.5 rejection_reason=hard filters failed
2026-04-19 14:05:30,541 - crypto_bot - INFO - FILTER_CHECK: symbol=HIGHUSDT trend_ok=True structure_state=weak structure_ok=True rsi_ok=True adx_ok=True volume_ok=True macd_ok=True
2026-04-19 14:05:30,542 - crypto_bot - INFO - STRUCTURE_DEBUG: symbol=HIGHUSDT trend=LONG recent_highs=[0.27148, 0.25901, 0.3, 0.37568, 0.44932] recent_lows=[0.24331, 0.24597, 0.24131, 0.27469, 0.33346] bos_detected=False structure_state=weak reason=no BOS but higher lows / developing uptrend
2026-04-19 14:05:30,542 - crypto_bot - INFO - SCORE_BREAKDOWN: symbol=HIGHUSDT trend_score=1.00 structure_score=0.50 rsi_score=1.00 adx_score=0.50 volume_score=0.25 macd_score=1.40 total_score=4.65 min_required_score=3.00
2026-04-19 14:05:30,542 - crypto_bot - INFO - FILTER_REJECTION: symbol=HIGHUSDT hard_failed=[] soft_failed=['STRUCTURE']
2026-04-19 14:05:30,552 - crypto_bot - INFO - ENTRY_RISK_ADJUSTMENT: structure_state=weak position_size_factor=0.50 confirmation_passed=False reason="impulse candle missing (body_ratio=0.74)" symbol=HIGHUSDT
2026-04-19 14:05:30,552 - crypto_bot - INFO - ENTRY_DEBUG: symbol=HIGHUSDT structure_state=weak entry_type=continuation rr=0.00 entry_valid=False reason="impulse candle missing (body_ratio=0.74)"
2026-04-19 14:05:30,553 - crypto_bot - INFO - HIGHUSDT | signal_trace strict_result=False fallback_executed=True required_filters=None required_filters_result=None score=0.0 rejection_reason=relaxed signals disabled by config
2026-04-19 14:05:30,793 - crypto_bot - INFO - FILTER_CHECK: symbol=ORDIUSDT trend_ok=True structure_state=weak structure_ok=True rsi_ok=True adx_ok=True volume_ok=False macd_ok=True
2026-04-19 14:05:30,794 - crypto_bot - INFO - STRUCTURE_DEBUG: symbol=ORDIUSDT trend=LONG recent_highs=[4.238, 4.579, 4.658, 4.686, 4.745] recent_lows=[3.84, 3.85, 4.366, 4.331, 4.468] bos_detected=False structure_state=weak reason=no BOS but higher lows / developing uptrend
2026-04-19 14:05:30,794 - crypto_bot - INFO - SCORE_BREAKDOWN: symbol=ORDIUSDT trend_score=1.00 structure_score=0.50 rsi_score=1.00 adx_score=0.50 volume_score=0.00 macd_score=1.40 total_score=4.40 min_required_score=3.00
2026-04-19 14:05:30,795 - crypto_bot - INFO - FILTER_REJECTION: symbol=ORDIUSDT hard_failed=[] soft_failed=['VOLUME', 'STRUCTURE']
2026-04-19 14:05:30,803 - crypto_bot - INFO - ENTRY_RISK_ADJUSTMENT: structure_state=weak position_size_factor=0.50 confirmation_passed=False reason="impulse candle missing (body_ratio=0.44)" symbol=ORDIUSDT
2026-04-19 14:05:30,803 - crypto_bot - INFO - ENTRY_DEBUG: symbol=ORDIUSDT structure_state=weak entry_type=continuation rr=0.00 entry_valid=False reason="impulse candle missing (body_ratio=0.44)"
2026-04-19 14:05:30,804 - crypto_bot - INFO - ORDIUSDT | signal_trace strict_result=False fallback_executed=True required_filters=None required_filters_result=None score=0.0 rejection_reason=relaxed signals disabled by config
2026-04-19 14:05:31,044 - crypto_bot - INFO - FILTER_CHECK: symbol=DOGEUSDT trend_ok=False structure_state=invalid structure_ok=False rsi_ok=True adx_ok=True volume_ok=True macd_ok=True
2026-04-19 14:05:31,045 - crypto_bot - INFO - STRUCTURE_DEBUG: symbol=DOGEUSDT trend=LONG recent_highs=[0.09478, 0.09516, 0.09501, 0.09484, 0.09422] recent_lows=[0.09405, 0.0945, 0.09443, 0.09334, 0.09387] bos_detected=False structure_state=invalid reason=lower low detected in uptrend -> invalid
2026-04-19 14:05:31,045 - crypto_bot - INFO - SCORE_BREAKDOWN: symbol=DOGEUSDT trend_score=0.00 structure_score=0.00 rsi_score=1.00 adx_score=0.50 volume_score=0.25 macd_score=1.40 total_score=3.15 min_required_score=3.20
2026-04-19 14:05:31,045 - crypto_bot - INFO - FILTER_REJECTION: symbol=DOGEUSDT hard_failed=['TREND', 'STRUCTURE'] soft_failed=[]
2026-04-19 14:05:31,046 - crypto_bot - INFO - DOGEUSDT | signal_trace strict_result=False fallback_executed=False required_filters=None required_filters_result=None score=3.15 rejection_reason=hard filters failed
2026-04-19 14:05:31,284 - crypto_bot - INFO - FILTER_CHECK: symbol=1000PEPEUSDT trend_ok=False structure_state=weak structure_ok=True rsi_ok=True adx_ok=True volume_ok=True macd_ok=True
2026-04-19 14:05:31,284 - crypto_bot - INFO - STRUCTURE_DEBUG: symbol=1000PEPEUSDT trend=LONG recent_highs=[0.003775, 0.003793, 0.003806, 0.003784, 0.003759] recent_lows=[0.003736, 0.003748, 0.003745, 0.003715, 0.003737] bos_detected=False structure_state=weak reason=no BOS but higher lows / developing uptrend
2026-04-19 14:05:31,285 - crypto_bot - INFO - SCORE_BREAKDOWN: symbol=1000PEPEUSDT trend_score=0.00 structure_score=0.50 rsi_score=1.00 adx_score=0.50 volume_score=0.25 macd_score=1.40 total_score=3.65 min_required_score=3.00
2026-04-19 14:05:31,285 - crypto_bot - INFO - FILTER_REJECTION: symbol=1000PEPEUSDT hard_failed=['TREND'] soft_failed=['STRUCTURE']
2026-04-19 14:05:31,285 - crypto_bot - INFO - 1000PEPEUSDT | signal_trace strict_result=False fallback_executed=False required_filters=None required_filters_result=None score=3.65 rejection_reason=hard filters failed
2026-04-19 14:05:31,533 - crypto_bot - INFO - FILTER_CHECK: symbol=HYPEUSDT trend_ok=False structure_state=invalid structure_ok=False rsi_ok=True adx_ok=True volume_ok=True macd_ok=False
2026-04-19 14:05:31,534 - crypto_bot - INFO - STRUCTURE_DEBUG: symbol=HYPEUSDT trend=LONG recent_highs=[43.619, 43.662, 43.452, 43.442, 43.326] recent_lows=[43.3, 43.412, 43.161, 42.869, 43.062] bos_detected=False structure_state=invalid reason=lower low detected in uptrend -> invalid
2026-04-19 14:05:31,535 - crypto_bot - INFO - SCORE_BREAKDOWN: symbol=HYPEUSDT trend_score=0.00 structure_score=0.00 rsi_score=1.00 adx_score=0.50 volume_score=0.25 macd_score=0.00 total_score=1.75 min_required_score=3.20
2026-04-19 14:05:31,535 - crypto_bot - INFO - FILTER_REJECTION: symbol=HYPEUSDT hard_failed=['TREND', 'STRUCTURE'] soft_failed=['MACD']
2026-04-19 14:05:31,535 - crypto_bot - INFO - HYPEUSDT | signal_trace strict_result=False fallback_executed=False required_filters=None required_filters_result=None score=1.75 rejection_reason=hard filters failed
2026-04-19 14:05:32,023 - crypto_bot - INFO - FILTER_CHECK: symbol=ENAUSDT trend_ok=True structure_state=weak structure_ok=True rsi_ok=True adx_ok=False volume_ok=False macd_ok=False
2026-04-19 14:05:32,023 - crypto_bot - INFO - STRUCTURE_DEBUG: symbol=ENAUSDT trend=LONG recent_highs=[0.12116, 0.12186, 0.1211, 0.12098, 0.1187] recent_lows=[0.11933, 0.12016, 0.11941, 0.11752, 0.11706] bos_detected=False structure_state=weak reason=no BOS but higher lows / developing uptrend
2026-04-19 14:05:32,024 - crypto_bot - INFO - SCORE_BREAKDOWN: symbol=ENAUSDT trend_score=1.00 structure_score=0.50 rsi_score=1.00 adx_score=0.00 volume_score=0.00 macd_score=0.00 total_score=2.50 min_required_score=3.00
2026-04-19 14:05:32,024 - crypto_bot - INFO - FILTER_REJECTION: symbol=ENAUSDT hard_failed=[] soft_failed=['MACD', 'VOLUME', 'ADX', 'STRUCTURE']
2026-04-19 14:05:32,024 - crypto_bot - INFO - ENAUSDT | signal_trace strict_result=False fallback_executed=False required_filters=None required_filters_result=None score=2.5 rejection_reason=score below adaptive threshold (2.50 < 3.00)
2026-04-19 14:05:32,266 - crypto_bot - INFO - FILTER_CHECK: symbol=ADAUSDT trend_ok=False structure_state=invalid structure_ok=False rsi_ok=True adx_ok=True volume_ok=False macd_ok=False
2026-04-19 14:05:32,267 - crypto_bot - INFO - STRUCTURE_DEBUG: symbol=ADAUSDT trend=LONG recent_highs=[0.2487, 0.2488, 0.2478, 0.2471, 0.246] recent_lows=[0.2459, 0.247, 0.2458, 0.2442, 0.2448] bos_detected=False structure_state=invalid reason=lower low detected in uptrend -> invalid
2026-04-19 14:05:32,267 - crypto_bot - INFO - SCORE_BREAKDOWN: symbol=ADAUSDT trend_score=0.00 structure_score=0.00 rsi_score=1.00 adx_score=0.50 volume_score=0.00 macd_score=0.00 total_score=1.50 min_required_score=3.20
2026-04-19 14:05:32,268 - crypto_bot - INFO - FILTER_REJECTION: symbol=ADAUSDT hard_failed=['TREND', 'STRUCTURE'] soft_failed=['MACD', 'VOLUME']
2026-04-19 14:05:32,268 - crypto_bot - INFO - ADAUSDT | signal_trace strict_result=False fallback_executed=False required_filters=None required_filters_result=None score=1.5 rejection_reason=hard filters failed
2026-04-19 14:05:32,527 - crypto_bot - INFO - FILTER_CHECK: symbol=TAOUSDT trend_ok=True structure_state=weak structure_ok=True rsi_ok=True adx_ok=True volume_ok=False macd_ok=False
2026-04-19 14:05:32,527 - crypto_bot - INFO - STRUCTURE_DEBUG: symbol=TAOUSDT trend=SHORT recent_highs=[243.22, 242.51, 242.15, 244.58, 245.53] recent_lows=[239.69, 240.53, 239.77, 239.98, 242.9] bos_detected=False structure_state=weak reason=no BOS but lower highs / developing downtrend
2026-04-19 14:05:32,527 - crypto_bot - INFO - SCORE_BREAKDOWN: symbol=TAOUSDT trend_score=1.00 structure_score=0.50 rsi_score=1.00 adx_score=0.50 volume_score=0.00 macd_score=0.00 total_score=3.00 min_required_score=3.00
2026-04-19 14:05:32,528 - crypto_bot - INFO - FILTER_REJECTION: symbol=TAOUSDT hard_failed=[] soft_failed=['MACD', 'VOLUME', 'STRUCTURE']
2026-04-19 14:05:32,540 - crypto_bot - INFO - ENTRY_RISK_ADJUSTMENT: structure_state=weak position_size_factor=0.50 confirmation_passed=False reason="impulse candle missing (body_ratio=0.12)" symbol=TAOUSDT
2026-04-19 14:05:32,540 - crypto_bot - INFO - ENTRY_DEBUG: symbol=TAOUSDT structure_state=weak entry_type=continuation rr=0.00 entry_valid=False reason="impulse candle missing (body_ratio=0.12)"
2026-04-19 14:05:32,541 - crypto_bot - INFO - TAOUSDT | signal_trace strict_result=False fallback_executed=True required_filters=None required_filters_result=None score=0.0 rejection_reason=relaxed signals disabled by config
2026-04-19 14:05:32,958 - crypto_bot - INFO - FILTER_CHECK: symbol=SUIUSDT trend_ok=False structure_state=weak structure_ok=True rsi_ok=True adx_ok=True volume_ok=False macd_ok=True
2026-04-19 14:05:32,958 - crypto_bot - INFO - STRUCTURE_DEBUG: symbol=SUIUSDT trend=LONG recent_highs=[0.9508, 0.951, 0.948, 0.9476, 0.9451] recent_lows=[0.9401, 0.945, 0.94, 0.9364, 0.9409] bos_detected=False structure_state=weak reason=no BOS but higher lows / developing uptrend
2026-04-19 14:05:32,958 - crypto_bot - INFO - SCORE_BREAKDOWN: symbol=SUIUSDT trend_score=0.00 structure_score=0.50 rsi_score=1.00 adx_score=0.50 volume_score=0.00 macd_score=1.40 total_score=3.40 min_required_score=3.00
2026-04-19 14:05:32,959 - crypto_bot - INFO - FILTER_REJECTION: symbol=SUIUSDT hard_failed=['TREND'] soft_failed=['VOLUME', 'STRUCTURE']
2026-04-19 14:05:32,959 - crypto_bot - INFO - SUIUSDT | signal_trace strict_result=False fallback_executed=False required_filters=None required_filters_result=None score=3.4 rejection_reason=hard filters failed
2026-04-19 14:05:33,199 - crypto_bot - INFO - FILTER_CHECK: symbol=FARTCOINUSDT trend_ok=False structure_state=weak structure_ok=True rsi_ok=True adx_ok=True volume_ok=False macd_ok=True
2026-04-19 14:05:33,199 - crypto_bot - INFO - STRUCTURE_DEBUG: symbol=FARTCOINUSDT trend=LONG recent_highs=[0.19847, 0.19973, 0.2, 0.19917, 0.19938] recent_lows=[0.19578, 0.1974, 0.19684, 0.19618, 0.19798] bos_detected=False structure_state=weak reason=no BOS but higher lows / developing uptrend
2026-04-19 14:05:33,200 - crypto_bot - INFO - SCORE_BREAKDOWN: symbol=FARTCOINUSDT trend_score=0.00 structure_score=0.50 rsi_score=1.00 adx_score=0.50 volume_score=0.00 macd_score=1.40 total_score=3.40 min_required_score=3.00
2026-04-19 14:05:33,200 - crypto_bot - INFO - FILTER_REJECTION: symbol=FARTCOINUSDT hard_failed=['TREND'] soft_failed=['VOLUME', 'STRUCTURE']
2026-04-19 14:05:33,200 - crypto_bot - INFO - FARTCOINUSDT | signal_trace strict_result=False fallback_executed=False required_filters=None required_filters_result=None score=3.4 rejection_reason=hard filters failed
2026-04-19 14:05:33,443 - crypto_bot - INFO - FILTER_CHECK: symbol=SIRENUSDT trend_ok=True structure_state=weak structure_ok=True rsi_ok=False adx_ok=True volume_ok=False macd_ok=True
2026-04-19 14:05:33,443 - crypto_bot - INFO - STRUCTURE_DEBUG: symbol=SIRENUSDT trend=SHORT recent_highs=[0.69727, 0.67024, 0.72524, 0.71499, 0.66053] recent_lows=[0.50071, 0.51301, 0.63667, 0.65735, 0.63056] bos_detected=False structure_state=weak reason=no BOS but lower highs / developing downtrend
2026-04-19 14:05:33,444 - crypto_bot - INFO - SCORE_BREAKDOWN: symbol=SIRENUSDT trend_score=1.00 structure_score=0.50 rsi_score=0.00 adx_score=0.50 volume_score=0.00 macd_score=1.40 total_score=3.40 min_required_score=3.00
2026-04-19 14:05:33,444 - crypto_bot - INFO - FILTER_REJECTION: symbol=SIRENUSDT hard_failed=[] soft_failed=['RSI', 'VOLUME', 'STRUCTURE']
2026-04-19 14:05:33,453 - crypto_bot - INFO - ENTRY_RISK_ADJUSTMENT: structure_state=weak position_size_factor=0.50 confirmation_passed=False reason="impulse candle missing (body_ratio=0.16)" symbol=SIRENUSDT
2026-04-19 14:05:33,453 - crypto_bot - INFO - ENTRY_DEBUG: symbol=SIRENUSDT structure_state=weak entry_type=continuation rr=0.00 entry_valid=False reason="impulse candle missing (body_ratio=0.16)"
2026-04-19 14:05:33,453 - crypto_bot - INFO - SIRENUSDT | signal_trace strict_result=False fallback_executed=True required_filters=None required_filters_result=None score=0.0 rejection_reason=relaxed signals disabled by config
2026-04-19 14:05:33,707 - crypto_bot - INFO - FILTER_CHECK: symbol=MOVEUSDT trend_ok=True structure_state=weak structure_ok=True rsi_ok=True adx_ok=True volume_ok=False macd_ok=True
2026-04-19 14:05:33,708 - crypto_bot - INFO - STRUCTURE_DEBUG: symbol=MOVEUSDT trend=LONG recent_highs=[0.01979, 0.01983, 0.02535, 0.0214, 0.02128] recent_lows=[0.0194, 0.01908, 0.01881, 0.02007, 0.02024] bos_detected=False structure_state=weak reason=no BOS but higher lows / developing uptrend
2026-04-19 14:05:33,708 - crypto_bot - INFO - SCORE_BREAKDOWN: symbol=MOVEUSDT trend_score=1.00 structure_score=0.50 rsi_score=1.00 adx_score=0.50 volume_score=0.00 macd_score=1.40 total_score=4.40 min_required_score=3.00
2026-04-19 14:05:33,708 - crypto_bot - INFO - FILTER_REJECTION: symbol=MOVEUSDT hard_failed=[] soft_failed=['VOLUME', 'STRUCTURE']
2026-04-19 14:05:33,717 - crypto_bot - INFO - ENTRY_RISK_ADJUSTMENT: structure_state=weak position_size_factor=0.50 confirmation_passed=False reason="impulse candle missing (body_ratio=0.07)" symbol=MOVEUSDT
2026-04-19 14:05:33,718 - crypto_bot - INFO - ENTRY_DEBUG: symbol=MOVEUSDT structure_state=weak entry_type=continuation rr=0.00 entry_valid=False reason="impulse candle missing (body_ratio=0.07)"
2026-04-19 14:05:33,718 - crypto_bot - INFO - MOVEUSDT | signal_trace strict_result=False fallback_executed=True required_filters=None required_filters_result=None score=0.0 rejection_reason=relaxed signals disabled by config
2026-04-19 14:05:33,964 - crypto_bot - INFO - FILTER_CHECK: symbol=BIOUSDT trend_ok=True structure_state=weak structure_ok=True rsi_ok=True adx_ok=True volume_ok=False macd_ok=True
2026-04-19 14:05:33,964 - crypto_bot - INFO - STRUCTURE_DEBUG: symbol=BIOUSDT trend=LONG recent_highs=[0.03068, 0.03054, 0.03159, 0.03232, 0.03207] recent_lows=[0.02948, 0.02948, 0.02974, 0.03068, 0.0308] bos_detected=False structure_state=weak reason=no BOS but higher lows / developing uptrend
2026-04-19 14:05:33,964 - crypto_bot - INFO - SCORE_BREAKDOWN: symbol=BIOUSDT trend_score=1.00 structure_score=0.50 rsi_score=1.00 adx_score=0.50 volume_score=0.00 macd_score=1.40 total_score=4.40 min_required_score=3.00
2026-04-19 14:05:33,965 - crypto_bot - INFO - FILTER_REJECTION: symbol=BIOUSDT hard_failed=[] soft_failed=['VOLUME', 'STRUCTURE']
2026-04-19 14:05:33,973 - crypto_bot - INFO - ENTRY_RISK_ADJUSTMENT: structure_state=weak position_size_factor=0.50 confirmation_passed=False reason="impulse candle missing (body_ratio=0.80)" symbol=BIOUSDT
2026-04-19 14:05:33,973 - crypto_bot - INFO - ENTRY_DEBUG: symbol=BIOUSDT structure_state=weak entry_type=continuation rr=0.00 entry_valid=False reason="impulse candle missing (body_ratio=0.80)"
2026-04-19 14:05:33,973 - crypto_bot - INFO - BIOUSDT | signal_trace strict_result=False fallback_executed=True required_filters=None required_filters_result=None score=0.0 rejection_reason=relaxed signals disabled by config
2026-04-19 14:05:34,225 - crypto_bot - INFO - FILTER_CHECK: symbol=ENJUSDT trend_ok=True structure_state=strong structure_ok=True rsi_ok=False adx_ok=True volume_ok=True macd_ok=True
2026-04-19 14:05:34,225 - crypto_bot - INFO - STRUCTURE_DEBUG: symbol=ENJUSDT trend=LONG recent_highs=[0.06113, 0.064852, 0.068262, 0.066384, 0.066075] recent_lows=[0.057214, 0.056862, 0.061831, 0.062292, 0.061758] bos_detected=True structure_state=strong reason=BOS confirmed with higher lows
2026-04-19 14:05:34,226 - crypto_bot - INFO - SCORE_BREAKDOWN: symbol=ENJUSDT trend_score=1.00 structure_score=1.00 rsi_score=0.00 adx_score=0.50 volume_score=0.25 macd_score=1.40 total_score=4.15 min_required_score=4.00
2026-04-19 14:05:34,226 - crypto_bot - INFO - FILTER_REJECTION: symbol=ENJUSDT hard_failed=[] soft_failed=['RSI']
2026-04-19 14:05:34,234 - crypto_bot - INFO - ENJUSDT | signal_trace strict_result=False fallback_executed=True required_filters=None required_filters_result=None score=0.0 rejection_reason=relaxed signals disabled by config
2026-04-19 14:05:34,475 - crypto_bot - INFO - FILTER_CHECK: symbol=API3USDT trend_ok=True structure_state=weak structure_ok=True rsi_ok=True adx_ok=True volume_ok=False macd_ok=False
2026-04-19 14:05:34,475 - crypto_bot - INFO - STRUCTURE_DEBUG: symbol=API3USDT trend=LONG recent_highs=[0.3465, 0.3414, 0.3338, 0.3355, 0.3364] recent_lows=[0.3357, 0.3319, 0.3307, 0.3302, 0.3311] bos_detected=False structure_state=weak reason=no BOS but higher lows / developing uptrend
2026-04-19 14:05:34,475 - crypto_bot - INFO - SCORE_BREAKDOWN: symbol=API3USDT trend_score=1.00 structure_score=0.50 rsi_score=1.00 adx_score=0.50 volume_score=0.00 macd_score=0.00 total_score=3.00 min_required_score=3.00
2026-04-19 14:05:34,476 - crypto_bot - INFO - FILTER_REJECTION: symbol=API3USDT hard_failed=[] soft_failed=['MACD', 'VOLUME', 'STRUCTURE']
2026-04-19 14:05:34,484 - crypto_bot - INFO - ENTRY_RISK_ADJUSTMENT: structure_state=weak position_size_factor=0.50 confirmation_passed=True reason="weak-risk checks passed" symbol=API3USDT
2026-04-19 14:05:34,485 - crypto_bot - INFO - ENTRY_DEBUG: symbol=API3USDT structure_state=weak entry_type=momentum rr=1.60 entry_valid=True reason="adaptive weak entry accepted"
2026-04-19 14:05:34,485 - crypto_bot - INFO - API3USDT | signal_trace strict_result=True fallback_executed=False required_filters=None required_filters_result=None score=3.0 rejection_reason=None
2026-04-19 14:05:34,486 - crypto_bot - INFO - ✅ Signal generated: API3USDT | strict | tf=1h | mode=MAIN | score=3.0 | entry_source=strict | passed_filters=['TREND', 'STRUCTURE', 'RSI', 'ADX'] | failed_filters=[]
2026-04-19 14:05:34,734 - crypto_bot - INFO - FILTER_CHECK: symbol=ZROUSDT trend_ok=True structure_state=weak structure_ok=True rsi_ok=False adx_ok=True volume_ok=False macd_ok=True
2026-04-19 14:05:34,734 - crypto_bot - INFO - STRUCTURE_DEBUG: symbol=ZROUSDT trend=SHORT recent_highs=[1.6309, 1.6038, 1.5638, 1.6211, 1.6532] recent_lows=[1.5942, 1.5565, 1.5, 1.5257, 1.6002] bos_detected=False structure_state=weak reason=no BOS but lower highs / developing downtrend
2026-04-19 14:05:34,735 - crypto_bot - INFO - SCORE_BREAKDOWN: symbol=ZROUSDT trend_score=1.00 structure_score=0.50 rsi_score=0.00 adx_score=0.50 volume_score=0.00 macd_score=1.40 total_score=3.40 min_required_score=3.00
2026-04-19 14:05:34,735 - crypto_bot - INFO - FILTER_REJECTION: symbol=ZROUSDT hard_failed=[] soft_failed=['RSI', 'VOLUME', 'STRUCTURE']
2026-04-19 14:05:34,747 - crypto_bot - INFO - ENTRY_RISK_ADJUSTMENT: structure_state=weak position_size_factor=0.50 confirmation_passed=False reason="impulse candle missing (body_ratio=0.51)" symbol=ZROUSDT
2026-04-19 14:05:34,747 - crypto_bot - INFO - ENTRY_DEBUG: symbol=ZROUSDT structure_state=weak entry_type=continuation rr=0.00 entry_valid=False reason="impulse candle missing (body_ratio=0.51)"
2026-04-19 14:05:34,748 - crypto_bot - INFO - ZROUSDT | signal_trace strict_result=False fallback_executed=True required_filters=None required_filters_result=None score=0.0 rejection_reason=relaxed signals disabled by config
2026-04-19 14:05:34,988 - crypto_bot - INFO - FILTER_CHECK: symbol=RIVERUSDT trend_ok=True structure_state=strong structure_ok=True rsi_ok=False adx_ok=True volume_ok=False macd_ok=True
2026-04-19 14:05:34,988 - crypto_bot - INFO - STRUCTURE_DEBUG: symbol=RIVERUSDT trend=SHORT recent_highs=[6.111, 5.975, 5.748, 5.864, 5.854] recent_lows=[5.958, 5.519, 5.51, 5.648, 5.729] bos_detected=True structure_state=strong reason=BOS confirmed with lower highs
2026-04-19 14:05:34,989 - crypto_bot - INFO - SCORE_BREAKDOWN: symbol=RIVERUSDT trend_score=1.00 structure_score=1.00 rsi_score=0.00 adx_score=0.50 volume_score=0.00 macd_score=1.40 total_score=3.90 min_required_score=4.00
2026-04-19 14:05:34,989 - crypto_bot - INFO - FILTER_REJECTION: symbol=RIVERUSDT hard_failed=[] soft_failed=['RSI', 'VOLUME']
2026-04-19 14:05:34,989 - crypto_bot - INFO - RIVERUSDT | signal_trace strict_result=False fallback_executed=False required_filters=None required_filters_result=None score=3.9 rejection_reason=score below adaptive threshold (3.90 < 4.00)
2026-04-19 14:05:35,234 - crypto_bot - INFO - FILTER_CHECK: symbol=LINKUSDT trend_ok=False structure_state=invalid structure_ok=False rsi_ok=True adx_ok=True volume_ok=False macd_ok=False
2026-04-19 14:05:35,235 - crypto_bot - INFO - STRUCTURE_DEBUG: symbol=LINKUSDT trend=LONG recent_highs=[9.285, 9.244, 9.214, 9.203, 9.18] recent_lows=[9.175, 9.196, 9.143, 9.092, 9.149] bos_detected=False structure_state=invalid reason=lower low detected in uptrend -> invalid
2026-04-19 14:05:35,235 - crypto_bot - INFO - SCORE_BREAKDOWN: symbol=LINKUSDT trend_score=0.00 structure_score=0.00 rsi_score=1.00 adx_score=0.50 volume_score=0.00 macd_score=0.00 total_score=1.50 min_required_score=3.20
2026-04-19 14:05:35,236 - crypto_bot - INFO - FILTER_REJECTION: symbol=LINKUSDT hard_failed=['TREND', 'STRUCTURE'] soft_failed=['MACD', 'VOLUME']
2026-04-19 14:05:35,236 - crypto_bot - INFO - LINKUSDT | signal_trace strict_result=False fallback_executed=False required_filters=None required_filters_result=None score=1.5 rejection_reason=hard filters failed
2026-04-19 14:05:35,481 - crypto_bot - INFO - FILTER_CHECK: symbol=BLURUSDT trend_ok=True structure_state=strong structure_ok=True rsi_ok=False adx_ok=True volume_ok=True macd_ok=True
2026-04-19 14:05:35,482 - crypto_bot - INFO - STRUCTURE_DEBUG: symbol=BLURUSDT trend=LONG recent_highs=[0.028654, 0.033287, 0.031621, 0.030646, 0.031395] recent_lows=[0.027133, 0.028005, 0.02967, 0.029445, 0.029757] bos_detected=True structure_state=strong reason=BOS confirmed with higher lows
2026-04-19 14:05:35,482 - crypto_bot - INFO - SCORE_BREAKDOWN: symbol=BLURUSDT trend_score=1.00 structure_score=1.00 rsi_score=0.00 adx_score=0.50 volume_score=0.25 macd_score=1.40 total_score=4.15 min_required_score=4.00
2026-04-19 14:05:35,482 - crypto_bot - INFO - FILTER_REJECTION: symbol=BLURUSDT hard_failed=[] soft_failed=['RSI']
2026-04-19 14:05:35,493 - crypto_bot - INFO - BLURUSDT | signal_trace strict_result=False fallback_executed=True required_filters=None required_filters_result=None score=0.0 rejection_reason=relaxed signals disabled by config
2026-04-19 14:05:35,739 - crypto_bot - INFO - FILTER_CHECK: symbol=PIEVERSEUSDT trend_ok=True structure_state=weak structure_ok=True rsi_ok=True adx_ok=True volume_ok=False macd_ok=False
2026-04-19 14:05:35,739 - crypto_bot - INFO - STRUCTURE_DEBUG: symbol=PIEVERSEUSDT trend=LONG recent_highs=[0.6227, 0.6161, 0.6066, 0.6192, 0.6148] recent_lows=[0.5864, 0.5886, 0.5669, 0.5938, 0.5782] bos_detected=False structure_state=weak reason=no BOS but higher lows / developing uptrend
2026-04-19 14:05:35,740 - crypto_bot - INFO - SCORE_BREAKDOWN: symbol=PIEVERSEUSDT trend_score=1.00 structure_score=0.50 rsi_score=1.00 adx_score=0.50 volume_score=0.00 macd_score=0.00 total_score=3.00 min_required_score=3.00
2026-04-19 14:05:35,740 - crypto_bot - INFO - FILTER_REJECTION: symbol=PIEVERSEUSDT hard_failed=[] soft_failed=['MACD', 'VOLUME', 'STRUCTURE']
2026-04-19 14:05:35,753 - crypto_bot - INFO - ENTRY_RISK_ADJUSTMENT: structure_state=weak position_size_factor=0.50 confirmation_passed=True reason="weak-risk checks passed" symbol=PIEVERSEUSDT
2026-04-19 14:05:35,754 - crypto_bot - INFO - ENTRY_DEBUG: symbol=PIEVERSEUSDT structure_state=weak entry_type=continuation rr=1.60 entry_valid=True reason="adaptive weak entry accepted"
2026-04-19 14:05:35,755 - crypto_bot - INFO - PIEVERSEUSDT | signal_trace strict_result=True fallback_executed=False required_filters=None required_filters_result=None score=3.0 rejection_reason=None
2026-04-19 14:05:35,755 - crypto_bot - INFO - ✅ Signal generated: PIEVERSEUSDT | strict | tf=1h | mode=MAIN | score=3.0 | entry_source=strict | passed_filters=['TREND', 'STRUCTURE', 'RSI', 'ADX'] | failed_filters=[]
2026-04-19 14:05:35,997 - crypto_bot - INFO - FILTER_CHECK: symbol=MUSDT trend_ok=True structure_state=weak structure_ok=True rsi_ok=True adx_ok=True volume_ok=False macd_ok=False
2026-04-19 14:05:35,998 - crypto_bot - INFO - STRUCTURE_DEBUG: symbol=MUSDT trend=LONG recent_highs=[3.7133, 3.526, 3.6542, 3.5776, 3.5278] recent_lows=[3.4, 3.4087, 3.4777, 3.4816, 3.4657] bos_detected=False structure_state=weak reason=no BOS but higher lows / developing uptrend
2026-04-19 14:05:35,998 - crypto_bot - INFO - SCORE_BREAKDOWN: symbol=MUSDT trend_score=1.00 structure_score=0.50 rsi_score=1.00 adx_score=0.50 volume_score=0.00 macd_score=0.00 total_score=3.00 min_required_score=3.00
2026-04-19 14:05:35,999 - crypto_bot - INFO - FILTER_REJECTION: symbol=MUSDT hard_failed=[] soft_failed=['MACD', 'VOLUME', 'STRUCTURE']
2026-04-19 14:05:36,008 - crypto_bot - INFO - ENTRY_RISK_ADJUSTMENT: structure_state=weak position_size_factor=0.50 confirmation_passed=False reason="impulse candle missing (body_ratio=0.24)" symbol=MUSDT
2026-04-19 14:05:36,008 - crypto_bot - INFO - ENTRY_DEBUG: symbol=MUSDT structure_state=weak entry_type=continuation rr=0.00 entry_valid=False reason="impulse candle missing (body_ratio=0.24)"
2026-04-19 14:05:36,008 - crypto_bot - INFO - MUSDT | signal_trace strict_result=False fallback_executed=True required_filters=None required_filters_result=None score=0.0 rejection_reason=relaxed signals disabled by config
2026-04-19 14:05:36,251 - crypto_bot - INFO - FILTER_CHECK: symbol=NEARUSDT trend_ok=True structure_state=weak structure_ok=True rsi_ok=False adx_ok=True volume_ok=False macd_ok=False
2026-04-19 14:05:36,252 - crypto_bot - INFO - STRUCTURE_DEBUG: symbol=NEARUSDT trend=SHORT recent_highs=[1.3563, 1.3543, 1.3431, 1.3364, 1.3372] recent_lows=[1.3402, 1.3348, 1.3287, 1.3204, 1.3298] bos_detected=True structure_state=weak reason=no BOS but lower highs / developing downtrend
2026-04-19 14:05:36,252 - crypto_bot - INFO - SCORE_BREAKDOWN: symbol=NEARUSDT trend_score=1.00 structure_score=0.50 rsi_score=0.00 adx_score=0.50 volume_score=0.00 macd_score=0.00 total_score=2.00 min_required_score=3.00
2026-04-19 14:05:36,253 - crypto_bot - INFO - FILTER_REJECTION: symbol=NEARUSDT hard_failed=[] soft_failed=['RSI', 'MACD', 'VOLUME', 'STRUCTURE']
2026-04-19 14:05:36,253 - crypto_bot - INFO - NEARUSDT | signal_trace strict_result=False fallback_executed=False required_filters=None required_filters_result=None score=2.0 rejection_reason=score below adaptive threshold (2.00 < 3.00)
2026-04-19 14:05:36,495 - crypto_bot - INFO - FILTER_CHECK: symbol=ALICEUSDT trend_ok=True structure_state=weak structure_ok=True rsi_ok=True adx_ok=True volume_ok=False macd_ok=False
2026-04-19 14:05:36,495 - crypto_bot - INFO - STRUCTURE_DEBUG: symbol=ALICEUSDT trend=LONG recent_highs=[0.15897, 0.1519, 0.15139, 0.16317, 0.17105] recent_lows=[0.14783, 0.14544, 0.14433, 0.14928, 0.15442] bos_detected=False structure_state=weak reason=no BOS but higher lows / developing uptrend
2026-04-19 14:05:36,495 - crypto_bot - INFO - SCORE_BREAKDOWN: symbol=ALICEUSDT trend_score=1.00 structure_score=0.50 rsi_score=1.00 adx_score=0.50 volume_score=0.00 macd_score=0.00 total_score=3.00 min_required_score=3.00
2026-04-19 14:05:36,496 - crypto_bot - INFO - FILTER_REJECTION: symbol=ALICEUSDT hard_failed=[] soft_failed=['MACD', 'VOLUME', 'STRUCTURE']
2026-04-19 14:05:36,504 - crypto_bot - INFO - ENTRY_RISK_ADJUSTMENT: structure_state=weak position_size_factor=0.50 confirmation_passed=False reason="impulse candle missing (body_ratio=0.48)" symbol=ALICEUSDT
2026-04-19 14:05:36,504 - crypto_bot - INFO - ENTRY_DEBUG: symbol=ALICEUSDT structure_state=weak entry_type=continuation rr=0.00 entry_valid=False reason="impulse candle missing (body_ratio=0.48)"
2026-04-19 14:05:36,505 - crypto_bot - INFO - ALICEUSDT | signal_trace strict_result=False fallback_executed=True required_filters=None required_filters_result=None score=0.0 rejection_reason=relaxed signals disabled by config
2026-04-19 14:05:36,745 - crypto_bot - INFO - FILTER_CHECK: symbol=WLDUSDT trend_ok=True structure_state=weak structure_ok=True rsi_ok=False adx_ok=True volume_ok=True macd_ok=False
2026-04-19 14:05:36,745 - crypto_bot - INFO - STRUCTURE_DEBUG: symbol=WLDUSDT trend=SHORT recent_highs=[0.2615, 0.2605, 0.262, 0.2621, 0.2612] recent_lows=[0.2586, 0.2586, 0.2578, 0.2584, 0.2594] bos_detected=False structure_state=weak reason=no BOS but lower highs / developing downtrend
2026-04-19 14:05:36,745 - crypto_bot - INFO - SCORE_BREAKDOWN: symbol=WLDUSDT trend_score=1.00 structure_score=0.50 rsi_score=0.00 adx_score=0.50 volume_score=0.25 macd_score=0.00 total_score=2.25 min_required_score=3.00
2026-04-19 14:05:36,746 - crypto_bot - INFO - FILTER_REJECTION: symbol=WLDUSDT hard_failed=[] soft_failed=['RSI', 'MACD', 'STRUCTURE']
2026-04-19 14:05:36,746 - crypto_bot - INFO - WLDUSDT | signal_trace strict_result=False fallback_executed=False required_filters=None required_filters_result=None score=2.25 rejection_reason=score below adaptive threshold (2.25 < 3.00)
2026-04-19 14:05:36,997 - crypto_bot - INFO - FILTER_CHECK: symbol=AVAXUSDT trend_ok=True structure_state=invalid structure_ok=False rsi_ok=True adx_ok=True volume_ok=False macd_ok=False
2026-04-19 14:05:36,997 - crypto_bot - INFO - STRUCTURE_DEBUG: symbol=AVAXUSDT trend=LONG recent_highs=[9.316, 9.308, 9.3, 9.274, 9.213] recent_lows=[9.242, 9.262, 9.223, 9.122, 9.171] bos_detected=False structure_state=invalid reason=lower low detected in uptrend -> invalid
2026-04-19 14:05:36,998 - crypto_bot - INFO - SCORE_BREAKDOWN: symbol=AVAXUSDT trend_score=1.00 structure_score=0.00 rsi_score=1.00 adx_score=0.50 volume_score=0.00 macd_score=0.00 total_score=2.50 min_required_score=3.20
2026-04-19 14:05:36,998 - crypto_bot - INFO - FILTER_REJECTION: symbol=AVAXUSDT hard_failed=['STRUCTURE'] soft_failed=['MACD', 'VOLUME']
2026-04-19 14:05:36,998 - crypto_bot - INFO - AVAXUSDT | signal_trace strict_result=False fallback_executed=False required_filters=None required_filters_result=None score=2.5 rejection_reason=hard filters failed
2026-04-19 14:05:37,239 - crypto_bot - INFO - FILTER_CHECK: symbol=DOTUSDT trend_ok=False structure_state=invalid structure_ok=False rsi_ok=True adx_ok=True volume_ok=False macd_ok=False
2026-04-19 14:05:37,239 - crypto_bot - INFO - STRUCTURE_DEBUG: symbol=DOTUSDT trend=LONG recent_highs=[1.2793, 1.2761, 1.2665, 1.2646, 1.26] recent_lows=[1.2637, 1.2646, 1.2555, 1.246, 1.2546] bos_detected=False structure_state=invalid reason=lower low detected in uptrend -> invalid
2026-04-19 14:05:37,239 - crypto_bot - INFO - SCORE_BREAKDOWN: symbol=DOTUSDT trend_score=0.00 structure_score=0.00 rsi_score=1.00 adx_score=0.50 volume_score=0.00 macd_score=0.00 total_score=1.50 min_required_score=3.20
2026-04-19 14:05:37,240 - crypto_bot - INFO - FILTER_REJECTION: symbol=DOTUSDT hard_failed=['TREND', 'STRUCTURE'] soft_failed=['MACD', 'VOLUME']
2026-04-19 14:05:37,240 - crypto_bot - INFO - DOTUSDT | signal_trace strict_result=False fallback_executed=False required_filters=None required_filters_result=None score=1.5 rejection_reason=hard filters failed
2026-04-19 14:05:37,479 - crypto_bot - INFO - FILTER_CHECK: symbol=XPLUSDT trend_ok=True structure_state=strong structure_ok=True rsi_ok=False adx_ok=True volume_ok=False macd_ok=False
2026-04-19 14:05:37,480 - crypto_bot - INFO - STRUCTURE_DEBUG: symbol=XPLUSDT trend=SHORT recent_highs=[0.10849, 0.10758, 0.10678, 0.10667, 0.10542] recent_lows=[0.10683, 0.10502, 0.10464, 0.1047, 0.10386] bos_detected=True structure_state=strong reason=BOS confirmed with lower highs
2026-04-19 14:05:37,480 - crypto_bot - INFO - SCORE_BREAKDOWN: symbol=XPLUSDT trend_score=1.00 structure_score=1.00 rsi_score=0.00 adx_score=0.50 volume_score=0.00 macd_score=0.00 total_score=2.50 min_required_score=4.00
2026-04-19 14:05:37,480 - crypto_bot - INFO - FILTER_REJECTION: symbol=XPLUSDT hard_failed=[] soft_failed=['RSI', 'MACD', 'VOLUME']
2026-04-19 14:05:37,481 - crypto_bot - INFO - XPLUSDT | signal_trace strict_result=False fallback_executed=False required_filters=None required_filters_result=None score=2.5 rejection_reason=score below adaptive threshold (2.50 < 4.00)
2026-04-19 14:05:38,235 - crypto_bot - INFO - FILTER_CHECK: symbol=BNBUSDT trend_ok=True structure_state=weak structure_ok=True rsi_ok=True adx_ok=True volume_ok=True macd_ok=False
2026-04-19 14:05:38,236 - crypto_bot - INFO - STRUCTURE_DEBUG: symbol=BNBUSDT trend=LONG recent_highs=[624.2, 623.2, 623.1, 622.5, 621.1] recent_lows=[619.8, 621.4, 619.5, 617.8, 617.8] bos_detected=False structure_state=weak reason=no BOS but higher lows / developing uptrend
2026-04-19 14:05:38,236 - crypto_bot - INFO - SCORE_BREAKDOWN: symbol=BNBUSDT trend_score=1.00 structure_score=0.50 rsi_score=1.00 adx_score=0.50 volume_score=0.25 macd_score=0.00 total_score=3.25 min_required_score=3.00
2026-04-19 14:05:38,236 - crypto_bot - INFO - FILTER_REJECTION: symbol=BNBUSDT hard_failed=[] soft_failed=['MACD', 'STRUCTURE']
2026-04-19 14:05:38,244 - crypto_bot - INFO - ENTRY_RISK_ADJUSTMENT: structure_state=weak position_size_factor=0.50 confirmation_passed=False reason="impulse candle missing (body_ratio=0.52)" symbol=BNBUSDT
2026-04-19 14:05:38,245 - crypto_bot - INFO - ENTRY_DEBUG: symbol=BNBUSDT structure_state=weak entry_type=continuation rr=0.00 entry_valid=False reason="impulse candle missing (body_ratio=0.52)"
2026-04-19 14:05:38,245 - crypto_bot - INFO - BNBUSDT | signal_trace strict_result=False fallback_executed=True required_filters=None required_filters_result=None score=0.0 rejection_reason=relaxed signals disabled by config
2026-04-19 14:05:38,484 - crypto_bot - INFO - FILTER_CHECK: symbol=DYDXUSDT trend_ok=True structure_state=strong structure_ok=True rsi_ok=False adx_ok=True volume_ok=True macd_ok=True
2026-04-19 14:05:38,485 - crypto_bot - INFO - STRUCTURE_DEBUG: symbol=DYDXUSDT trend=LONG recent_highs=[0.14537, 0.14802, 0.14705, 0.14754, 0.1495] recent_lows=[0.14206, 0.1436, 0.14284, 0.14412, 0.14527] bos_detected=True structure_state=strong reason=BOS confirmed with higher lows
2026-04-19 14:05:38,485 - crypto_bot - INFO - SCORE_BREAKDOWN: symbol=DYDXUSDT trend_score=1.00 structure_score=1.00 rsi_score=0.00 adx_score=0.50 volume_score=0.25 macd_score=1.40 total_score=4.15 min_required_score=4.00
2026-04-19 14:05:38,486 - crypto_bot - INFO - FILTER_REJECTION: symbol=DYDXUSDT hard_failed=[] soft_failed=['RSI']
2026-04-19 14:05:38,494 - crypto_bot - INFO - DYDXUSDT | signal_trace strict_result=False fallback_executed=True required_filters=None required_filters_result=None score=0.0 rejection_reason=relaxed signals disabled by config
2026-04-19 14:05:38,734 - crypto_bot - INFO - FILTER_CHECK: symbol=PROMUSDT trend_ok=True structure_state=weak structure_ok=True rsi_ok=True adx_ok=True volume_ok=False macd_ok=False
2026-04-19 14:05:38,735 - crypto_bot - INFO - STRUCTURE_DEBUG: symbol=PROMUSDT trend=LONG recent_highs=[2.2976, 2.198, 2.1176, 2.062, 2.2019] recent_lows=[2.1104, 2.0436, 1.9761, 1.9905, 2.022] bos_detected=False structure_state=weak reason=no BOS but higher lows / developing uptrend
2026-04-19 14:05:38,735 - crypto_bot - INFO - SCORE_BREAKDOWN: symbol=PROMUSDT trend_score=1.00 structure_score=0.50 rsi_score=1.00 adx_score=0.50 volume_score=0.00 macd_score=0.00 total_score=3.00 min_required_score=3.00
2026-04-19 14:05:38,735 - crypto_bot - INFO - FILTER_REJECTION: symbol=PROMUSDT hard_failed=[] soft_failed=['MACD', 'VOLUME', 'STRUCTURE']
2026-04-19 14:05:38,747 - crypto_bot - INFO - ENTRY_RISK_ADJUSTMENT: structure_state=weak position_size_factor=0.50 confirmation_passed=False reason="impulse candle missing (body_ratio=0.22)" symbol=PROMUSDT
2026-04-19 14:05:38,748 - crypto_bot - INFO - ENTRY_DEBUG: symbol=PROMUSDT structure_state=weak entry_type=continuation rr=0.00 entry_valid=False reason="impulse candle missing (body_ratio=0.22)"
2026-04-19 14:05:38,748 - crypto_bot - INFO - PROMUSDT | signal_trace strict_result=False fallback_executed=True required_filters=None required_filters_result=None score=0.0 rejection_reason=relaxed signals disabled by config
2026-04-19 14:05:39,432 - crypto_bot - INFO - FILTER_CHECK: symbol=CRVUSDT trend_ok=True structure_state=weak structure_ok=True rsi_ok=True adx_ok=True volume_ok=True macd_ok=False
2026-04-19 14:05:39,433 - crypto_bot - INFO - STRUCTURE_DEBUG: symbol=CRVUSDT trend=LONG recent_highs=[0.2271, 0.2267, 0.2267, 0.2268, 0.2267] recent_lows=[0.2248, 0.2255, 0.2248, 0.2247, 0.2256] bos_detected=False structure_state=weak reason=no BOS but higher lows / developing uptrend
2026-04-19 14:05:39,433 - crypto_bot - INFO - SCORE_BREAKDOWN: symbol=CRVUSDT trend_score=1.00 structure_score=0.50 rsi_score=1.00 adx_score=0.50 volume_score=0.25 macd_score=0.00 total_score=3.25 min_required_score=3.00
2026-04-19 14:05:39,433 - crypto_bot - INFO - FILTER_REJECTION: symbol=CRVUSDT hard_failed=[] soft_failed=['MACD', 'STRUCTURE']
2026-04-19 14:05:39,442 - crypto_bot - INFO - ENTRY_RISK_ADJUSTMENT: structure_state=weak position_size_factor=0.50 confirmation_passed=False reason="impulse candle missing (body_ratio=0.27)" symbol=CRVUSDT
2026-04-19 14:05:39,442 - crypto_bot - INFO - ENTRY_DEBUG: symbol=CRVUSDT structure_state=weak entry_type=continuation rr=0.00 entry_valid=False reason="impulse candle missing (body_ratio=0.27)"
2026-04-19 14:05:39,443 - crypto_bot - INFO - CRVUSDT | signal_trace strict_result=False fallback_executed=True required_filters=None required_filters_result=None score=0.0 rejection_reason=relaxed signals disabled by config
2026-04-19 14:05:39,686 - crypto_bot - INFO - FILTER_CHECK: symbol=REQUSDT trend_ok=True structure_state=weak structure_ok=True rsi_ok=True adx_ok=True volume_ok=True macd_ok=False
2026-04-19 14:05:39,687 - crypto_bot - INFO - STRUCTURE_DEBUG: symbol=REQUSDT trend=LONG recent_highs=[0.14662, 0.12653, 0.11712, 0.12774, 0.12222] recent_lows=[0.11463, 0.11472, 0.10747, 0.10851, 0.11089] bos_detected=False structure_state=weak reason=no BOS but higher lows / developing uptrend
2026-04-19 14:05:39,687 - crypto_bot - INFO - SCORE_BREAKDOWN: symbol=REQUSDT trend_score=1.00 structure_score=0.50 rsi_score=1.00 adx_score=0.50 volume_score=0.25 macd_score=0.00 total_score=3.25 min_required_score=3.00
2026-04-19 14:05:39,688 - crypto_bot - INFO - FILTER_REJECTION: symbol=REQUSDT hard_failed=[] soft_failed=['MACD', 'STRUCTURE']
2026-04-19 14:05:39,696 - crypto_bot - INFO - ENTRY_RISK_ADJUSTMENT: structure_state=weak position_size_factor=0.50 confirmation_passed=False reason="impulse candle missing (body_ratio=0.27)" symbol=REQUSDT
2026-04-19 14:05:39,697 - crypto_bot - INFO - ENTRY_DEBUG: symbol=REQUSDT structure_state=weak entry_type=continuation rr=0.00 entry_valid=False reason="impulse candle missing (body_ratio=0.27)"
2026-04-19 14:05:39,697 - crypto_bot - INFO - REQUSDT | signal_trace strict_result=False fallback_executed=True required_filters=None required_filters_result=None score=0.0 rejection_reason=relaxed signals disabled by config
2026-04-19 14:05:39,944 - crypto_bot - INFO - FILTER_CHECK: symbol=IPUSDT trend_ok=False structure_state=weak structure_ok=True rsi_ok=True adx_ok=True volume_ok=False macd_ok=False
2026-04-19 14:05:39,944 - crypto_bot - INFO - STRUCTURE_DEBUG: symbol=IPUSDT trend=LONG recent_highs=[0.5331, 0.5285, 0.522, 0.5219, 0.5195] recent_lows=[0.526, 0.5193, 0.5176, 0.5143, 0.5158] bos_detected=False structure_state=weak reason=no BOS but higher lows / developing uptrend
2026-04-19 14:05:39,945 - crypto_bot - INFO - SCORE_BREAKDOWN: symbol=IPUSDT trend_score=0.00 structure_score=0.50 rsi_score=1.00 adx_score=0.50 volume_score=0.00 macd_score=0.00 total_score=2.00 min_required_score=3.00
2026-04-19 14:05:39,945 - crypto_bot - INFO - FILTER_REJECTION: symbol=IPUSDT hard_failed=['TREND'] soft_failed=['MACD', 'VOLUME', 'STRUCTURE']
2026-04-19 14:05:39,945 - crypto_bot - INFO - IPUSDT | signal_trace strict_result=False fallback_executed=False required_filters=None required_filters_result=None score=2.0 rejection_reason=hard filters failed
2026-04-19 14:05:40,186 - crypto_bot - INFO - FILTER_CHECK: symbol=MONUSDT trend_ok=True structure_state=weak structure_ok=True rsi_ok=False adx_ok=True volume_ok=True macd_ok=False
2026-04-19 14:05:40,187 - crypto_bot - INFO - STRUCTURE_DEBUG: symbol=MONUSDT trend=SHORT recent_highs=[0.032227, 0.032456, 0.032768, 0.032745, 0.032485] recent_lows=[0.031799, 0.032049, 0.032045, 0.03217, 0.032011] bos_detected=False structure_state=weak reason=no BOS but lower highs / developing downtrend
2026-04-19 14:05:40,188 - crypto_bot - INFO - SCORE_BREAKDOWN: symbol=MONUSDT trend_score=1.00 structure_score=0.50 rsi_score=0.00 adx_score=0.50 volume_score=0.25 macd_score=0.00 total_score=2.25 min_required_score=3.00
2026-04-19 14:05:40,188 - crypto_bot - INFO - FILTER_REJECTION: symbol=MONUSDT hard_failed=[] soft_failed=['RSI', 'MACD', 'STRUCTURE']
2026-04-19 14:05:40,190 - crypto_bot - INFO - MONUSDT | signal_trace strict_result=False fallback_executed=False required_filters=None required_filters_result=None score=2.25 rejection_reason=score below adaptive threshold (2.25 < 3.00)
2026-04-19 14:05:40,430 - crypto_bot - INFO - FILTER_CHECK: symbol=ARKMUSDT trend_ok=True structure_state=strong structure_ok=True rsi_ok=False adx_ok=True volume_ok=True macd_ok=True
2026-04-19 14:05:40,431 - crypto_bot - INFO - STRUCTURE_DEBUG: symbol=ARKMUSDT trend=LONG recent_highs=[0.12917, 0.12831, 0.13001, 0.13061, 0.13499] recent_lows=[0.12505, 0.12582, 0.12604, 0.12719, 0.12932] bos_detected=True structure_state=strong reason=BOS confirmed with higher lows
2026-04-19 14:05:40,431 - crypto_bot - INFO - SCORE_BREAKDOWN: symbol=ARKMUSDT trend_score=1.00 structure_score=1.00 rsi_score=0.00 adx_score=0.50 volume_score=0.25 macd_score=1.40 total_score=4.15 min_required_score=4.00
2026-04-19 14:05:40,432 - crypto_bot - INFO - FILTER_REJECTION: symbol=ARKMUSDT hard_failed=[] soft_failed=['RSI']
2026-04-19 14:05:40,442 - crypto_bot - INFO - ARKMUSDT | signal_trace strict_result=False fallback_executed=True required_filters=None required_filters_result=None score=0.0 rejection_reason=relaxed signals disabled by config
2026-04-19 14:05:40,442 - crypto_bot - INFO - 📊 Total signals after scan: 2
2026-04-19 14:05:40,443 - crypto_bot - INFO -  STRICT_PIPELINE_METRICS: potential_signals=9 strict_signals=2 raw_candidates=41
2026-04-19 14:05:40,443 - crypto_bot - INFO - AUTO_DIAGNOSTIC: potential_signals=9 strict_signals=2 scalping_signals=0 avg_score=1.34 rejection_top_reasons=[('relaxed signals disabled by config', 17), ('hard filters failed', 14), ('score below adaptive threshold (2.00 < 3.00)', 2)]
2026-04-19 14:05:40,444 - crypto_bot - INFO - AUTO_DIAGNOSTIC_EXTENDED: main_signal_count=2 scalping_signal_count=0 avg_score_main=3.00 avg_score_scalping=0.00
2026-04-19 14:05:40,444 - crypto_bot - INFO - 📊 Signals found: 2
2026-04-19 14:05:40,445 - crypto_bot - INFO - SIGNAL_DECISION: symbol=API3USDT mode=MAIN status=IGNORE score=3.00 threshold=3.20 entry_source=strict reason=OPEN
2026-04-19 14:05:40,447 - crypto_bot - INFO - SIGNAL_IGNORED_NO_IMPROVEMENT: symbol=API3USDT mode=MAIN entry_source=strict action=IGNORE reason=both below upgrade threshold
2026-04-19 14:05:40,449 - crypto_bot - INFO - SIGNAL_DECISION: symbol=PIEVERSEUSDT mode=MAIN status=IGNORE score=3.00 threshold=3.20 entry_source=strict reason=OPEN
2026-04-19 14:05:40,451 - crypto_bot - INFO - SIGNAL_IGNORED_NO_IMPROVEMENT: symbol=PIEVERSEUSDT mode=MAIN entry_source=strict action=IGNORE reason=both below upgrade threshold
2026-04-19 14:05:40,452 - crypto_bot - INFO - ANALYTICS_INTEGRITY_CHECK: signals_vs_trades_delta=109 trades_vs_closed_delta=0 mode_distribution_check={'MAIN': {'signals': 1184, 'closed': 0, 'active': 0}, 'SCALPING': {'signals': 1063, 'closed': 0, 'active': 0}, 'LIGHT': {'signals': 23, 'closed': 0, 'active': 0}, 'UNKNOWN': {'signals': 0, 'closed': 0, 'active': 0}}
2026-04-19 14:05:40,452 - crypto_bot - INFO - [ANALYTICS SUMMARY]
Trades: 23
Winrate: 52.17%
Profit Factor: 1.84
Avg R: 1.02
2026-04-19 14:05:40,452 - crypto_bot - INFO - REJECTION_STATS:
MAIN:
  LOW_SCORE: 104
SCALPING:
  LOW_SCORE: 95
2026-04-19 14:05:40,453 - crypto_bot - INFO - AUTO_DIAGNOSTIC_PORTFOLIO: avg_portfolio_risk=0.00 avg_exposure=0.00 signals_blocked_by_risk=9 signals_scaled_by_risk=0
2026-04-19 14:05:40,454 - crypto_bot - INFO - ⏳ Sleeping for 300 seconds
2026-04-19 14:10:40,489 - crypto_bot - INFO - 🔍 Starting market scan for top-50 symbols...
2026-04-19 14:10:41,306 - crypto_bot - INFO - [MARKET] get_top_usdt_pairs prepared 534 liquid swap symbols
2026-04-19 14:10:41,307 - crypto_bot - INFO - 📈 Top-50 symbols fetched: 50
2026-04-19 14:10:41,307 - crypto_bot - INFO - 🔥 Active symbols after filter: 38 / 50
2026-04-19 14:10:41,307 - crypto_bot - INFO -  RAW_CANDIDATES_BEFORE_STRICT_FILTERS: count=38 mode=MAIN
2026-04-19 14:10:41,836 - crypto_bot - INFO - FILTER_CHECK: symbol=ETHUSDT trend_ok=False structure_state=invalid structure_ok=False rsi_ok=True adx_ok=True volume_ok=False macd_ok=False
2026-04-19 14:10:41,836 - crypto_bot - INFO - STRUCTURE_DEBUG: symbol=ETHUSDT trend=LONG recent_highs=[2344.99, 2337.32, 2331.72, 2326.32, 2319.76] recent_lows=[2320.0, 2327.43, 2319.66, 2294.43, 2309.67] bos_detected=False structure_state=invalid reason=lower low detected in uptrend -> invalid
2026-04-19 14:10:41,837 - crypto_bot - INFO - SCORE_BREAKDOWN: symbol=ETHUSDT trend_score=0.00 structure_score=0.00 rsi_score=1.00 adx_score=0.50 volume_score=0.00 macd_score=0.00 total_score=1.50 min_required_score=3.20
2026-04-19 14:10:41,837 - crypto_bot - INFO - FILTER_REJECTION: symbol=ETHUSDT hard_failed=['TREND', 'STRUCTURE'] soft_failed=['MACD', 'VOLUME']
2026-04-19 14:10:41,837 - crypto_bot - INFO - ETHUSDT | signal_trace strict_result=False fallback_executed=False required_filters=None required_filters_result=None score=1.5 rejection_reason=hard filters failed
2026-04-19 14:10:42,089 - crypto_bot - INFO - FILTER_CHECK: symbol=RAVEUSDT trend_ok=True structure_state=weak structure_ok=True rsi_ok=False adx_ok=True volume_ok=False macd_ok=False
2026-04-19 14:10:42,089 - crypto_bot - INFO - STRUCTURE_DEBUG: symbol=RAVEUSDT trend=SHORT recent_highs=[1.75, 1.52425, 1.71747, 1.47373, 1.36903] recent_lows=[1.15206, 1.12455, 1.28858, 1.14125, 1.21237] bos_detected=False structure_state=weak reason=no BOS but lower highs / developing downtrend
2026-04-19 14:10:42,090 - crypto_bot - INFO - SCORE_BREAKDOWN: symbol=RAVEUSDT trend_score=1.00 structure_score=0.50 rsi_score=0.00 adx_score=0.50 volume_score=0.00 macd_score=0.00 total_score=2.00 min_required_score=3.00
2026-04-19 14:10:42,090 - crypto_bot - INFO - FILTER_REJECTION: symbol=RAVEUSDT hard_failed=[] soft_failed=['RSI', 'MACD', 'VOLUME', 'STRUCTURE']
2026-04-19 14:10:42,090 - crypto_bot - INFO - RAVEUSDT | signal_trace strict_result=False fallback_executed=False required_filters=None required_filters_result=None score=2.0 rejection_reason=score below adaptive threshold (2.00 < 3.00)
2026-04-19 14:10:42,330 - crypto_bot - INFO - FILTER_CHECK: symbol=SOLUSDT trend_ok=False structure_state=invalid structure_ok=False rsi_ok=True adx_ok=True volume_ok=True macd_ok=False
2026-04-19 14:10:42,330 - crypto_bot - INFO - STRUCTURE_DEBUG: symbol=SOLUSDT trend=LONG recent_highs=[85.93, 85.77, 85.62, 85.4, 85.08] recent_lows=[85.1, 85.34, 85.09, 84.36, 84.54] bos_detected=False structure_state=invalid reason=lower low detected in uptrend -> invalid
2026-04-19 14:10:42,331 - crypto_bot - INFO - SCORE_BREAKDOWN: symbol=SOLUSDT trend_score=0.00 structure_score=0.00 rsi_score=1.00 adx_score=0.50 volume_score=0.25 macd_score=0.00 total_score=1.75 min_required_score=3.20
2026-04-19 14:10:42,331 - crypto_bot - INFO - FILTER_REJECTION: symbol=SOLUSDT hard_failed=['TREND', 'STRUCTURE'] soft_failed=['MACD']
2026-04-19 14:10:42,331 - crypto_bot - INFO - SOLUSDT | signal_trace strict_result=False fallback_executed=False required_filters=None required_filters_result=None score=1.75 rejection_reason=hard filters failed
2026-04-19 14:10:42,572 - crypto_bot - INFO - FILTER_CHECK: symbol=AAVEUSDT trend_ok=False structure_state=invalid structure_ok=False rsi_ok=True adx_ok=True volume_ok=False macd_ok=False
2026-04-19 14:10:42,573 - crypto_bot - INFO - STRUCTURE_DEBUG: symbol=AAVEUSDT trend=LONG recent_highs=[95.42, 95.26, 92.97, 92.7, 92.75] recent_lows=[92.78, 92.87, 91.26, 91.34, 90.36] bos_detected=False structure_state=invalid reason=lower low detected in uptrend -> invalid
2026-04-19 14:10:42,573 - crypto_bot - INFO - SCORE_BREAKDOWN: symbol=AAVEUSDT trend_score=0.00 structure_score=0.00 rsi_score=1.00 adx_score=0.50 volume_score=0.00 macd_score=0.00 total_score=1.50 min_required_score=3.20
2026-04-19 14:10:42,574 - crypto_bot - INFO - FILTER_REJECTION: symbol=AAVEUSDT hard_failed=['TREND', 'STRUCTURE'] soft_failed=['MACD', 'VOLUME']
2026-04-19 14:10:42,574 - crypto_bot - INFO - AAVEUSDT | signal_trace strict_result=False fallback_executed=False required_filters=None required_filters_result=None score=1.5 rejection_reason=hard filters failed
2026-04-19 14:10:42,822 - crypto_bot - INFO - FILTER_CHECK: symbol=HIGHUSDT trend_ok=True structure_state=weak structure_ok=True rsi_ok=True adx_ok=True volume_ok=True macd_ok=True
2026-04-19 14:10:42,822 - crypto_bot - INFO - STRUCTURE_DEBUG: symbol=HIGHUSDT trend=LONG recent_highs=[0.27148, 0.25901, 0.3, 0.37568, 0.44932] recent_lows=[0.24331, 0.24597, 0.24131, 0.27469, 0.33346] bos_detected=False structure_state=weak reason=no BOS but higher lows / developing uptrend
2026-04-19 14:10:42,823 - crypto_bot - INFO - SCORE_BREAKDOWN: symbol=HIGHUSDT trend_score=1.00 structure_score=0.50 rsi_score=1.00 adx_score=0.50 volume_score=0.25 macd_score=1.40 total_score=4.65 min_required_score=3.00
2026-04-19 14:10:42,823 - crypto_bot - INFO - FILTER_REJECTION: symbol=HIGHUSDT hard_failed=[] soft_failed=['STRUCTURE']
2026-04-19 14:10:42,832 - crypto_bot - INFO - ENTRY_RISK_ADJUSTMENT: structure_state=weak position_size_factor=0.50 confirmation_passed=False reason="impulse candle missing (body_ratio=0.74)" symbol=HIGHUSDT
2026-04-19 14:10:42,832 - crypto_bot - INFO - ENTRY_DEBUG: symbol=HIGHUSDT structure_state=weak entry_type=continuation rr=0.00 entry_valid=False reason="impulse candle missing (body_ratio=0.74)"
2026-04-19 14:10:42,833 - crypto_bot - INFO - HIGHUSDT | signal_trace strict_result=False fallback_executed=True required_filters=None required_filters_result=None score=0.0 rejection_reason=relaxed signals disabled by config
2026-04-19 14:10:43,074 - crypto_bot - INFO - FILTER_CHECK: symbol=ORDIUSDT trend_ok=True structure_state=weak structure_ok=True rsi_ok=True adx_ok=True volume_ok=False macd_ok=True
2026-04-19 14:10:43,075 - crypto_bot - INFO - STRUCTURE_DEBUG: symbol=ORDIUSDT trend=LONG recent_highs=[4.238, 4.579, 4.658, 4.686, 4.745] recent_lows=[3.84, 3.85, 4.366, 4.331, 4.468] bos_detected=False structure_state=weak reason=no BOS but higher lows / developing uptrend
2026-04-19 14:10:43,075 - crypto_bot - INFO - SCORE_BREAKDOWN: symbol=ORDIUSDT trend_score=1.00 structure_score=0.50 rsi_score=1.00 adx_score=0.50 volume_score=0.00 macd_score=1.40 total_score=4.40 min_required_score=3.00
2026-04-19 14:10:43,076 - crypto_bot - INFO - FILTER_REJECTION: symbol=ORDIUSDT hard_failed=[] soft_failed=['VOLUME', 'STRUCTURE']
2026-04-19 14:10:43,085 - crypto_bot - INFO - ENTRY_RISK_ADJUSTMENT: structure_state=weak position_size_factor=0.50 confirmation_passed=False reason="impulse candle missing (body_ratio=0.44)" symbol=ORDIUSDT
2026-04-19 14:10:43,085 - crypto_bot - INFO - ENTRY_DEBUG: symbol=ORDIUSDT structure_state=weak entry_type=continuation rr=0.00 entry_valid=False reason="impulse candle missing (body_ratio=0.44)"
2026-04-19 14:10:43,085 - crypto_bot - INFO - ORDIUSDT | signal_trace strict_result=False fallback_executed=True required_filters=None required_filters_result=None score=0.0 rejection_reason=relaxed signals disabled by config
2026-04-19 14:10:43,327 - crypto_bot - INFO - FILTER_CHECK: symbol=DOGEUSDT trend_ok=False structure_state=invalid structure_ok=False rsi_ok=True adx_ok=True volume_ok=True macd_ok=True
2026-04-19 14:10:43,327 - crypto_bot - INFO - STRUCTURE_DEBUG: symbol=DOGEUSDT trend=LONG recent_highs=[0.09478, 0.09516, 0.09501, 0.09484, 0.09422] recent_lows=[0.09405, 0.0945, 0.09443, 0.09334, 0.09387] bos_detected=False structure_state=invalid reason=lower low detected in uptrend -> invalid
2026-04-19 14:10:43,328 - crypto_bot - INFO - SCORE_BREAKDOWN: symbol=DOGEUSDT trend_score=0.00 structure_score=0.00 rsi_score=1.00 adx_score=0.50 volume_score=0.25 macd_score=1.40 total_score=3.15 min_required_score=3.20
2026-04-19 14:10:43,328 - crypto_bot - INFO - FILTER_REJECTION: symbol=DOGEUSDT hard_failed=['TREND', 'STRUCTURE'] soft_failed=[]
2026-04-19 14:10:43,328 - crypto_bot - INFO - DOGEUSDT | signal_trace strict_result=False fallback_executed=False required_filters=None required_filters_result=None score=3.15 rejection_reason=hard filters failed
2026-04-19 14:10:43,577 - crypto_bot - INFO - FILTER_CHECK: symbol=1000PEPEUSDT trend_ok=False structure_state=weak structure_ok=True rsi_ok=True adx_ok=True volume_ok=True macd_ok=True
2026-04-19 14:10:43,577 - crypto_bot - INFO - STRUCTURE_DEBUG: symbol=1000PEPEUSDT trend=LONG recent_highs=[0.003775, 0.003793, 0.003806, 0.003784, 0.003759] recent_lows=[0.003736, 0.003748, 0.003745, 0.003715, 0.003737] bos_detected=False structure_state=weak reason=no BOS but higher lows / developing uptrend
2026-04-19 14:10:43,577 - crypto_bot - INFO - SCORE_BREAKDOWN: symbol=1000PEPEUSDT trend_score=0.00 structure_score=0.50 rsi_score=1.00 adx_score=0.50 volume_score=0.25 macd_score=1.40 total_score=3.65 min_required_score=3.00
2026-04-19 14:10:43,578 - crypto_bot - INFO - FILTER_REJECTION: symbol=1000PEPEUSDT hard_failed=['TREND'] soft_failed=['STRUCTURE']
2026-04-19 14:10:43,578 - crypto_bot - INFO - 1000PEPEUSDT | signal_trace strict_result=False fallback_executed=False required_filters=None required_filters_result=None score=3.65 rejection_reason=hard filters failed
2026-04-19 14:10:43,821 - crypto_bot - INFO - FILTER_CHECK: symbol=HYPEUSDT trend_ok=False structure_state=invalid structure_ok=False rsi_ok=True adx_ok=True volume_ok=True macd_ok=False
2026-04-19 14:10:43,822 - crypto_bot - INFO - STRUCTURE_DEBUG: symbol=HYPEUSDT trend=LONG recent_highs=[43.619, 43.662, 43.452, 43.442, 43.326] recent_lows=[43.3, 43.412, 43.161, 42.869, 43.062] bos_detected=False structure_state=invalid reason=lower low detected in uptrend -> invalid
2026-04-19 14:10:43,823 - crypto_bot - INFO - SCORE_BREAKDOWN: symbol=HYPEUSDT trend_score=0.00 structure_score=0.00 rsi_score=1.00 adx_score=0.50 volume_score=0.25 macd_score=0.00 total_score=1.75 min_required_score=3.20
2026-04-19 14:10:43,823 - crypto_bot - INFO - FILTER_REJECTION: symbol=HYPEUSDT hard_failed=['TREND', 'STRUCTURE'] soft_failed=['MACD']
2026-04-19 14:10:43,823 - crypto_bot - INFO - HYPEUSDT | signal_trace strict_result=False fallback_executed=False required_filters=None required_filters_result=None score=1.75 rejection_reason=hard filters failed
2026-04-19 14:10:44,296 - crypto_bot - INFO - FILTER_CHECK: symbol=ADAUSDT trend_ok=False structure_state=invalid structure_ok=False rsi_ok=True adx_ok=True volume_ok=False macd_ok=False
2026-04-19 14:10:44,296 - crypto_bot - INFO - STRUCTURE_DEBUG: symbol=ADAUSDT trend=LONG recent_highs=[0.2487, 0.2488, 0.2478, 0.2471, 0.246] recent_lows=[0.2459, 0.247, 0.2458, 0.2442, 0.2448] bos_detected=False structure_state=invalid reason=lower low detected in uptrend -> invalid
2026-04-19 14:10:44,297 - crypto_bot - INFO - SCORE_BREAKDOWN: symbol=ADAUSDT trend_score=0.00 structure_score=0.00 rsi_score=1.00 adx_score=0.50 volume_score=0.00 macd_score=0.00 total_score=1.50 min_required_score=3.20
2026-04-19 14:10:44,297 - crypto_bot - INFO - FILTER_REJECTION: symbol=ADAUSDT hard_failed=['TREND', 'STRUCTURE'] soft_failed=['MACD', 'VOLUME']
2026-04-19 14:10:44,297 - crypto_bot - INFO - ADAUSDT | signal_trace strict_result=False fallback_executed=False required_filters=None required_filters_result=None score=1.5 rejection_reason=hard filters failed
2026-04-19 14:10:44,541 - crypto_bot - INFO - FILTER_CHECK: symbol=TAOUSDT trend_ok=True structure_state=weak structure_ok=True rsi_ok=True adx_ok=True volume_ok=False macd_ok=False
2026-04-19 14:10:44,542 - crypto_bot - INFO - STRUCTURE_DEBUG: symbol=TAOUSDT trend=SHORT recent_highs=[243.22, 242.51, 242.15, 244.58, 245.53] recent_lows=[239.69, 240.53, 239.77, 239.98, 242.9] bos_detected=False structure_state=weak reason=no BOS but lower highs / developing downtrend
2026-04-19 14:10:44,542 - crypto_bot - INFO - SCORE_BREAKDOWN: symbol=TAOUSDT trend_score=1.00 structure_score=0.50 rsi_score=1.00 adx_score=0.50 volume_score=0.00 macd_score=0.00 total_score=3.00 min_required_score=3.00
2026-04-19 14:10:44,543 - crypto_bot - INFO - FILTER_REJECTION: symbol=TAOUSDT hard_failed=[] soft_failed=['MACD', 'VOLUME', 'STRUCTURE']
2026-04-19 14:10:44,553 - crypto_bot - INFO - ENTRY_RISK_ADJUSTMENT: structure_state=weak position_size_factor=0.50 confirmation_passed=False reason="impulse candle missing (body_ratio=0.12)" symbol=TAOUSDT
2026-04-19 14:10:44,553 - crypto_bot - INFO - ENTRY_DEBUG: symbol=TAOUSDT structure_state=weak entry_type=continuation rr=0.00 entry_valid=False reason="impulse candle missing (body_ratio=0.12)"
2026-04-19 14:10:44,554 - crypto_bot - INFO - TAOUSDT | signal_trace strict_result=False fallback_executed=True required_filters=None required_filters_result=None score=0.0 rejection_reason=relaxed signals disabled by config
2026-04-19 14:10:44,808 - crypto_bot - INFO - FILTER_CHECK: symbol=SUIUSDT trend_ok=False structure_state=weak structure_ok=True rsi_ok=True adx_ok=True volume_ok=False macd_ok=True
2026-04-19 14:10:44,808 - crypto_bot - INFO - STRUCTURE_DEBUG: symbol=SUIUSDT trend=LONG recent_highs=[0.9508, 0.951, 0.948, 0.9476, 0.9451] recent_lows=[0.9401, 0.945, 0.94, 0.9364, 0.9409] bos_detected=False structure_state=weak reason=no BOS but higher lows / developing uptrend
2026-04-19 14:10:44,809 - crypto_bot - INFO - SCORE_BREAKDOWN: symbol=SUIUSDT trend_score=0.00 structure_score=0.50 rsi_score=1.00 adx_score=0.50 volume_score=0.00 macd_score=1.40 total_score=3.40 min_required_score=3.00
2026-04-19 14:10:44,809 - crypto_bot - INFO - FILTER_REJECTION: symbol=SUIUSDT hard_failed=['TREND'] soft_failed=['VOLUME', 'STRUCTURE']
2026-04-19 14:10:44,809 - crypto_bot - INFO - SUIUSDT | signal_trace strict_result=False fallback_executed=False required_filters=None required_filters_result=None score=3.4 rejection_reason=hard filters failed
2026-04-19 14:10:45,052 - crypto_bot - INFO - FILTER_CHECK: symbol=FARTCOINUSDT trend_ok=False structure_state=weak structure_ok=True rsi_ok=True adx_ok=True volume_ok=False macd_ok=True
2026-04-19 14:10:45,052 - crypto_bot - INFO - STRUCTURE_DEBUG: symbol=FARTCOINUSDT trend=LONG recent_highs=[0.19847, 0.19973, 0.2, 0.19917, 0.19938] recent_lows=[0.19578, 0.1974, 0.19684, 0.19618, 0.19798] bos_detected=False structure_state=weak reason=no BOS but higher lows / developing uptrend
2026-04-19 14:10:45,053 - crypto_bot - INFO - SCORE_BREAKDOWN: symbol=FARTCOINUSDT trend_score=0.00 structure_score=0.50 rsi_score=1.00 adx_score=0.50 volume_score=0.00 macd_score=1.40 total_score=3.40 min_required_score=3.00
2026-04-19 14:10:45,053 - crypto_bot - INFO - FILTER_REJECTION: symbol=FARTCOINUSDT hard_failed=['TREND'] soft_failed=['VOLUME', 'STRUCTURE']
2026-04-19 14:10:45,053 - crypto_bot - INFO - FARTCOINUSDT | signal_trace strict_result=False fallback_executed=False required_filters=None required_filters_result=None score=3.4 rejection_reason=hard filters failed
2026-04-19 14:10:45,296 - crypto_bot - INFO - FILTER_CHECK: symbol=SIRENUSDT trend_ok=True structure_state=weak structure_ok=True rsi_ok=False adx_ok=True volume_ok=False macd_ok=True
2026-04-19 14:10:45,296 - crypto_bot - INFO - STRUCTURE_DEBUG: symbol=SIRENUSDT trend=SHORT recent_highs=[0.69727, 0.67024, 0.72524, 0.71499, 0.66053] recent_lows=[0.50071, 0.51301, 0.63667, 0.65735, 0.63056] bos_detected=False structure_state=weak reason=no BOS but lower highs / developing downtrend
2026-04-19 14:10:45,297 - crypto_bot - INFO - SCORE_BREAKDOWN: symbol=SIRENUSDT trend_score=1.00 structure_score=0.50 rsi_score=0.00 adx_score=0.50 volume_score=0.00 macd_score=1.40 total_score=3.40 min_required_score=3.00
2026-04-19 14:10:45,297 - crypto_bot - INFO - FILTER_REJECTION: symbol=SIRENUSDT hard_failed=[] soft_failed=['RSI', 'VOLUME', 'STRUCTURE']
2026-04-19 14:10:45,307 - crypto_bot - INFO - ENTRY_RISK_ADJUSTMENT: structure_state=weak position_size_factor=0.50 confirmation_passed=False reason="impulse candle missing (body_ratio=0.16)" symbol=SIRENUSDT
2026-04-19 14:10:45,307 - crypto_bot - INFO - ENTRY_DEBUG: symbol=SIRENUSDT structure_state=weak entry_type=continuation rr=0.00 entry_valid=False reason="impulse candle missing (body_ratio=0.16)"
2026-04-19 14:10:45,308 - crypto_bot - INFO - SIRENUSDT | signal_trace strict_result=False fallback_executed=True required_filters=None required_filters_result=None score=0.0 rejection_reason=relaxed signals disabled by config
2026-04-19 14:10:45,548 - crypto_bot - INFO - FILTER_CHECK: symbol=MOVEUSDT trend_ok=True structure_state=weak structure_ok=True rsi_ok=True adx_ok=True volume_ok=False macd_ok=True
2026-04-19 14:10:45,549 - crypto_bot - INFO - STRUCTURE_DEBUG: symbol=MOVEUSDT trend=LONG recent_highs=[0.01979, 0.01983, 0.02535, 0.0214, 0.02128] recent_lows=[0.0194, 0.01908, 0.01881, 0.02007, 0.02024] bos_detected=False structure_state=weak reason=no BOS but higher lows / developing uptrend
2026-04-19 14:10:45,549 - crypto_bot - INFO - SCORE_BREAKDOWN: symbol=MOVEUSDT trend_score=1.00 structure_score=0.50 rsi_score=1.00 adx_score=0.50 volume_score=0.00 macd_score=1.40 total_score=4.40 min_required_score=3.00
2026-04-19 14:10:45,549 - crypto_bot - INFO - FILTER_REJECTION: symbol=MOVEUSDT hard_failed=[] soft_failed=['VOLUME', 'STRUCTURE']
2026-04-19 14:10:45,557 - crypto_bot - INFO - ENTRY_RISK_ADJUSTMENT: structure_state=weak position_size_factor=0.50 confirmation_passed=False reason="impulse candle missing (body_ratio=0.07)" symbol=MOVEUSDT
2026-04-19 14:10:45,558 - crypto_bot - INFO - ENTRY_DEBUG: symbol=MOVEUSDT structure_state=weak entry_type=continuation rr=0.00 entry_valid=False reason="impulse candle missing (body_ratio=0.07)"
2026-04-19 14:10:45,558 - crypto_bot - INFO - MOVEUSDT | signal_trace strict_result=False fallback_executed=True required_filters=None required_filters_result=None score=0.0 rejection_reason=relaxed signals disabled by config
2026-04-19 14:10:46,327 - crypto_bot - INFO - FILTER_CHECK: symbol=BIOUSDT trend_ok=True structure_state=weak structure_ok=True rsi_ok=True adx_ok=True volume_ok=False macd_ok=True
2026-04-19 14:10:46,328 - crypto_bot - INFO - STRUCTURE_DEBUG: symbol=BIOUSDT trend=LONG recent_highs=[0.03068, 0.03054, 0.03159, 0.03232, 0.03207] recent_lows=[0.02948, 0.02948, 0.02974, 0.03068, 0.0308] bos_detected=False structure_state=weak reason=no BOS but higher lows / developing uptrend
2026-04-19 14:10:46,329 - crypto_bot - INFO - SCORE_BREAKDOWN: symbol=BIOUSDT trend_score=1.00 structure_score=0.50 rsi_score=1.00 adx_score=0.50 volume_score=0.00 macd_score=1.40 total_score=4.40 min_required_score=3.00
2026-04-19 14:10:46,329 - crypto_bot - INFO - FILTER_REJECTION: symbol=BIOUSDT hard_failed=[] soft_failed=['VOLUME', 'STRUCTURE']
2026-04-19 14:10:46,337 - crypto_bot - INFO - ENTRY_RISK_ADJUSTMENT: structure_state=weak position_size_factor=0.50 confirmation_passed=False reason="impulse candle missing (body_ratio=0.80)" symbol=BIOUSDT
2026-04-19 14:10:46,337 - crypto_bot - INFO - ENTRY_DEBUG: symbol=BIOUSDT structure_state=weak entry_type=continuation rr=0.00 entry_valid=False reason="impulse candle missing (body_ratio=0.80)"
2026-04-19 14:10:46,338 - crypto_bot - INFO - BIOUSDT | signal_trace strict_result=False fallback_executed=True required_filters=None required_filters_result=None score=0.0 rejection_reason=relaxed signals disabled by config
2026-04-19 14:10:46,578 - crypto_bot - INFO - FILTER_CHECK: symbol=ENJUSDT trend_ok=True structure_state=strong structure_ok=True rsi_ok=False adx_ok=True volume_ok=True macd_ok=True
2026-04-19 14:10:46,578 - crypto_bot - INFO - STRUCTURE_DEBUG: symbol=ENJUSDT trend=LONG recent_highs=[0.06113, 0.064852, 0.068262, 0.066384, 0.066075] recent_lows=[0.057214, 0.056862, 0.061831, 0.062292, 0.061758] bos_detected=True structure_state=strong reason=BOS confirmed with higher lows
2026-04-19 14:10:46,579 - crypto_bot - INFO - SCORE_BREAKDOWN: symbol=ENJUSDT trend_score=1.00 structure_score=1.00 rsi_score=0.00 adx_score=0.50 volume_score=0.25 macd_score=1.40 total_score=4.15 min_required_score=4.00
2026-04-19 14:10:46,579 - crypto_bot - INFO - FILTER_REJECTION: symbol=ENJUSDT hard_failed=[] soft_failed=['RSI']
2026-04-19 14:10:46,587 - crypto_bot - INFO - ENJUSDT | signal_trace strict_result=False fallback_executed=True required_filters=None required_filters_result=None score=0.0 rejection_reason=relaxed signals disabled by config
2026-04-19 14:10:46,842 - crypto_bot - INFO - FILTER_CHECK: symbol=API3USDT trend_ok=True structure_state=weak structure_ok=True rsi_ok=True adx_ok=True volume_ok=False macd_ok=False
2026-04-19 14:10:46,842 - crypto_bot - INFO - STRUCTURE_DEBUG: symbol=API3USDT trend=LONG recent_highs=[0.3465, 0.3414, 0.3338, 0.3355, 0.3364] recent_lows=[0.3357, 0.3319, 0.3307, 0.3302, 0.3311] bos_detected=False structure_state=weak reason=no BOS but higher lows / developing uptrend
2026-04-19 14:10:46,843 - crypto_bot - INFO - SCORE_BREAKDOWN: symbol=API3USDT trend_score=1.00 structure_score=0.50 rsi_score=1.00 adx_score=0.50 volume_score=0.00 macd_score=0.00 total_score=3.00 min_required_score=3.00
2026-04-19 14:10:46,843 - crypto_bot - INFO - FILTER_REJECTION: symbol=API3USDT hard_failed=[] soft_failed=['MACD', 'VOLUME', 'STRUCTURE']
2026-04-19 14:10:46,851 - crypto_bot - INFO - ENTRY_RISK_ADJUSTMENT: structure_state=weak position_size_factor=0.50 confirmation_passed=True reason="weak-risk checks passed" symbol=API3USDT
2026-04-19 14:10:46,852 - crypto_bot - INFO - ENTRY_DEBUG: symbol=API3USDT structure_state=weak entry_type=momentum rr=1.60 entry_valid=True reason="adaptive weak entry accepted"
2026-04-19 14:10:46,852 - crypto_bot - INFO - API3USDT | signal_trace strict_result=True fallback_executed=False required_filters=None required_filters_result=None score=3.0 rejection_reason=None
2026-04-19 14:10:46,853 - crypto_bot - INFO - ✅ Signal generated: API3USDT | strict | tf=1h | mode=MAIN | score=3.0 | entry_source=strict | passed_filters=['TREND', 'STRUCTURE', 'RSI', 'ADX'] | failed_filters=[]
2026-04-19 14:10:47,094 - crypto_bot - INFO - FILTER_CHECK: symbol=ZROUSDT trend_ok=True structure_state=weak structure_ok=True rsi_ok=False adx_ok=True volume_ok=False macd_ok=True
2026-04-19 14:10:47,094 - crypto_bot - INFO - STRUCTURE_DEBUG: symbol=ZROUSDT trend=SHORT recent_highs=[1.6309, 1.6038, 1.5638, 1.6211, 1.6532] recent_lows=[1.5942, 1.5565, 1.5, 1.5257, 1.6002] bos_detected=False structure_state=weak reason=no BOS but lower highs / developing downtrend
2026-04-19 14:10:47,095 - crypto_bot - INFO - SCORE_BREAKDOWN: symbol=ZROUSDT trend_score=1.00 structure_score=0.50 rsi_score=0.00 adx_score=0.50 volume_score=0.00 macd_score=1.40 total_score=3.40 min_required_score=3.00
2026-04-19 14:10:47,095 - crypto_bot - INFO - FILTER_REJECTION: symbol=ZROUSDT hard_failed=[] soft_failed=['RSI', 'VOLUME', 'STRUCTURE']
2026-04-19 14:10:47,104 - crypto_bot - INFO - ENTRY_RISK_ADJUSTMENT: structure_state=weak position_size_factor=0.50 confirmation_passed=False reason="impulse candle missing (body_ratio=0.51)" symbol=ZROUSDT
2026-04-19 14:10:47,104 - crypto_bot - INFO - ENTRY_DEBUG: symbol=ZROUSDT structure_state=weak entry_type=continuation rr=0.00 entry_valid=False reason="impulse candle missing (body_ratio=0.51)"
2026-04-19 14:10:47,105 - crypto_bot - INFO - ZROUSDT | signal_trace strict_result=False fallback_executed=True required_filters=None required_filters_result=None score=0.0 rejection_reason=relaxed signals disabled by config
2026-04-19 14:10:47,345 - crypto_bot - INFO - FILTER_CHECK: symbol=RIVERUSDT trend_ok=True structure_state=strong structure_ok=True rsi_ok=False adx_ok=True volume_ok=False macd_ok=True
2026-04-19 14:10:47,346 - crypto_bot - INFO - STRUCTURE_DEBUG: symbol=RIVERUSDT trend=SHORT recent_highs=[6.111, 5.975, 5.748, 5.864, 5.854] recent_lows=[5.958, 5.519, 5.51, 5.648, 5.729] bos_detected=True structure_state=strong reason=BOS confirmed with lower highs
2026-04-19 14:10:47,346 - crypto_bot - INFO - SCORE_BREAKDOWN: symbol=RIVERUSDT trend_score=1.00 structure_score=1.00 rsi_score=0.00 adx_score=0.50 volume_score=0.00 macd_score=1.40 total_score=3.90 min_required_score=4.00
2026-04-19 14:10:47,346 - crypto_bot - INFO - FILTER_REJECTION: symbol=RIVERUSDT hard_failed=[] soft_failed=['RSI', 'VOLUME']
2026-04-19 14:10:47,347 - crypto_bot - INFO - RIVERUSDT | signal_trace strict_result=False fallback_executed=False required_filters=None required_filters_result=None score=3.9 rejection_reason=score below adaptive threshold (3.90 < 4.00)
2026-04-19 14:10:47,589 - crypto_bot - INFO - FILTER_CHECK: symbol=BLURUSDT trend_ok=True structure_state=strong structure_ok=True rsi_ok=False adx_ok=True volume_ok=True macd_ok=True
2026-04-19 14:10:47,589 - crypto_bot - INFO - STRUCTURE_DEBUG: symbol=BLURUSDT trend=LONG recent_highs=[0.028654, 0.033287, 0.031621, 0.030646, 0.031395] recent_lows=[0.027133, 0.028005, 0.02967, 0.029445, 0.029757] bos_detected=True structure_state=strong reason=BOS confirmed with higher lows
2026-04-19 14:10:47,590 - crypto_bot - INFO - SCORE_BREAKDOWN: symbol=BLURUSDT trend_score=1.00 structure_score=1.00 rsi_score=0.00 adx_score=0.50 volume_score=0.25 macd_score=1.40 total_score=4.15 min_required_score=4.00
2026-04-19 14:10:47,590 - crypto_bot - INFO - FILTER_REJECTION: symbol=BLURUSDT hard_failed=[] soft_failed=['RSI']
2026-04-19 14:10:47,598 - crypto_bot - INFO - BLURUSDT | signal_trace strict_result=False fallback_executed=True required_filters=None required_filters_result=None score=0.0 rejection_reason=relaxed signals disabled by config
2026-04-19 14:10:47,839 - crypto_bot - INFO - FILTER_CHECK: symbol=LINKUSDT trend_ok=False structure_state=invalid structure_ok=False rsi_ok=True adx_ok=True volume_ok=False macd_ok=False
2026-04-19 14:10:47,840 - crypto_bot - INFO - STRUCTURE_DEBUG: symbol=LINKUSDT trend=LONG recent_highs=[9.285, 9.244, 9.214, 9.203, 9.18] recent_lows=[9.175, 9.196, 9.143, 9.092, 9.149] bos_detected=False structure_state=invalid reason=lower low detected in uptrend -> invalid
2026-04-19 14:10:47,840 - crypto_bot - INFO - SCORE_BREAKDOWN: symbol=LINKUSDT trend_score=0.00 structure_score=0.00 rsi_score=1.00 adx_score=0.50 volume_score=0.00 macd_score=0.00 total_score=1.50 min_required_score=3.20
2026-04-19 14:10:47,840 - crypto_bot - INFO - FILTER_REJECTION: symbol=LINKUSDT hard_failed=['TREND', 'STRUCTURE'] soft_failed=['MACD', 'VOLUME']
2026-04-19 14:10:47,841 - crypto_bot - INFO - LINKUSDT | signal_trace strict_result=False fallback_executed=False required_filters=None required_filters_result=None score=1.5 rejection_reason=hard filters failed
2026-04-19 14:10:48,086 - crypto_bot - INFO - FILTER_CHECK: symbol=PIEVERSEUSDT trend_ok=True structure_state=weak structure_ok=True rsi_ok=True adx_ok=True volume_ok=False macd_ok=False
2026-04-19 14:10:48,086 - crypto_bot - INFO - STRUCTURE_DEBUG: symbol=PIEVERSEUSDT trend=LONG recent_highs=[0.6227, 0.6161, 0.6066, 0.6192, 0.6148] recent_lows=[0.5864, 0.5886, 0.5669, 0.5938, 0.5782] bos_detected=False structure_state=weak reason=no BOS but higher lows / developing uptrend
2026-04-19 14:10:48,087 - crypto_bot - INFO - SCORE_BREAKDOWN: symbol=PIEVERSEUSDT trend_score=1.00 structure_score=0.50 rsi_score=1.00 adx_score=0.50 volume_score=0.00 macd_score=0.00 total_score=3.00 min_required_score=3.00
2026-04-19 14:10:48,087 - crypto_bot - INFO - FILTER_REJECTION: symbol=PIEVERSEUSDT hard_failed=[] soft_failed=['MACD', 'VOLUME', 'STRUCTURE']
2026-04-19 14:10:48,095 - crypto_bot - INFO - ENTRY_RISK_ADJUSTMENT: structure_state=weak position_size_factor=0.50 confirmation_passed=True reason="weak-risk checks passed" symbol=PIEVERSEUSDT
2026-04-19 14:10:48,096 - crypto_bot - INFO - ENTRY_DEBUG: symbol=PIEVERSEUSDT structure_state=weak entry_type=continuation rr=1.60 entry_valid=True reason="adaptive weak entry accepted"
2026-04-19 14:10:48,097 - crypto_bot - INFO - PIEVERSEUSDT | signal_trace strict_result=True fallback_executed=False required_filters=None required_filters_result=None score=3.0 rejection_reason=None
2026-04-19 14:10:48,097 - crypto_bot - INFO - ✅ Signal generated: PIEVERSEUSDT | strict | tf=1h | mode=MAIN | score=3.0 | entry_source=strict | passed_filters=['TREND', 'STRUCTURE', 'RSI', 'ADX'] | failed_filters=[]
2026-04-19 14:10:48,339 - crypto_bot - INFO - FILTER_CHECK: symbol=MUSDT trend_ok=True structure_state=weak structure_ok=True rsi_ok=True adx_ok=True volume_ok=False macd_ok=False
2026-04-19 14:10:48,340 - crypto_bot - INFO - STRUCTURE_DEBUG: symbol=MUSDT trend=LONG recent_highs=[3.7133, 3.526, 3.6542, 3.5776, 3.5278] recent_lows=[3.4, 3.4087, 3.4777, 3.4816, 3.4657] bos_detected=False structure_state=weak reason=no BOS but higher lows / developing uptrend
2026-04-19 14:10:48,340 - crypto_bot - INFO - SCORE_BREAKDOWN: symbol=MUSDT trend_score=1.00 structure_score=0.50 rsi_score=1.00 adx_score=0.50 volume_score=0.00 macd_score=0.00 total_score=3.00 min_required_score=3.00
2026-04-19 14:10:48,340 - crypto_bot - INFO - FILTER_REJECTION: symbol=MUSDT hard_failed=[] soft_failed=['MACD', 'VOLUME', 'STRUCTURE']
2026-04-19 14:10:48,349 - crypto_bot - INFO - ENTRY_RISK_ADJUSTMENT: structure_state=weak position_size_factor=0.50 confirmation_passed=False reason="impulse candle missing (body_ratio=0.24)" symbol=MUSDT
2026-04-19 14:10:48,349 - crypto_bot - INFO - ENTRY_DEBUG: symbol=MUSDT structure_state=weak entry_type=continuation rr=0.00 entry_valid=False reason="impulse candle missing (body_ratio=0.24)"
2026-04-19 14:10:48,349 - crypto_bot - INFO - MUSDT | signal_trace strict_result=False fallback_executed=True required_filters=None required_filters_result=None score=0.0 rejection_reason=relaxed signals disabled by config
2026-04-19 14:10:48,590 - crypto_bot - INFO - FILTER_CHECK: symbol=NEARUSDT trend_ok=True structure_state=weak structure_ok=True rsi_ok=False adx_ok=True volume_ok=False macd_ok=False
2026-04-19 14:10:48,590 - crypto_bot - INFO - STRUCTURE_DEBUG: symbol=NEARUSDT trend=SHORT recent_highs=[1.3563, 1.3543, 1.3431, 1.3364, 1.3372] recent_lows=[1.3402, 1.3348, 1.3287, 1.3204, 1.3298] bos_detected=True structure_state=weak reason=no BOS but lower highs / developing downtrend
2026-04-19 14:10:48,591 - crypto_bot - INFO - SCORE_BREAKDOWN: symbol=NEARUSDT trend_score=1.00 structure_score=0.50 rsi_score=0.00 adx_score=0.50 volume_score=0.00 macd_score=0.00 total_score=2.00 min_required_score=3.00
2026-04-19 14:10:48,591 - crypto_bot - INFO - FILTER_REJECTION: symbol=NEARUSDT hard_failed=[] soft_failed=['RSI', 'MACD', 'VOLUME', 'STRUCTURE']
2026-04-19 14:10:48,591 - crypto_bot - INFO - NEARUSDT | signal_trace strict_result=False fallback_executed=False required_filters=None required_filters_result=None score=2.0 rejection_reason=score below adaptive threshold (2.00 < 3.00)
2026-04-19 14:10:48,832 - crypto_bot - INFO - FILTER_CHECK: symbol=ALICEUSDT trend_ok=True structure_state=weak structure_ok=True rsi_ok=True adx_ok=True volume_ok=False macd_ok=False
2026-04-19 14:10:48,833 - crypto_bot - INFO - STRUCTURE_DEBUG: symbol=ALICEUSDT trend=LONG recent_highs=[0.15897, 0.1519, 0.15139, 0.16317, 0.17105] recent_lows=[0.14783, 0.14544, 0.14433, 0.14928, 0.15442] bos_detected=False structure_state=weak reason=no BOS but higher lows / developing uptrend
2026-04-19 14:10:48,833 - crypto_bot - INFO - SCORE_BREAKDOWN: symbol=ALICEUSDT trend_score=1.00 structure_score=0.50 rsi_score=1.00 adx_score=0.50 volume_score=0.00 macd_score=0.00 total_score=3.00 min_required_score=3.00
2026-04-19 14:10:48,834 - crypto_bot - INFO - FILTER_REJECTION: symbol=ALICEUSDT hard_failed=[] soft_failed=['MACD', 'VOLUME', 'STRUCTURE']
2026-04-19 14:10:48,842 - crypto_bot - INFO - ENTRY_RISK_ADJUSTMENT: structure_state=weak position_size_factor=0.50 confirmation_passed=False reason="impulse candle missing (body_ratio=0.48)" symbol=ALICEUSDT
2026-04-19 14:10:48,843 - crypto_bot - INFO - ENTRY_DEBUG: symbol=ALICEUSDT structure_state=weak entry_type=continuation rr=0.00 entry_valid=False reason="impulse candle missing (body_ratio=0.48)"
2026-04-19 14:10:48,843 - crypto_bot - INFO - ALICEUSDT | signal_trace strict_result=False fallback_executed=True required_filters=None required_filters_result=None score=0.0 rejection_reason=relaxed signals disabled by config
2026-04-19 14:10:49,084 - crypto_bot - INFO - FILTER_CHECK: symbol=AVAXUSDT trend_ok=True structure_state=invalid structure_ok=False rsi_ok=True adx_ok=True volume_ok=False macd_ok=False
2026-04-19 14:10:49,084 - crypto_bot - INFO - STRUCTURE_DEBUG: symbol=AVAXUSDT trend=LONG recent_highs=[9.316, 9.308, 9.3, 9.274, 9.213] recent_lows=[9.242, 9.262, 9.223, 9.122, 9.171] bos_detected=False structure_state=invalid reason=lower low detected in uptrend -> invalid
2026-04-19 14:10:49,085 - crypto_bot - INFO - SCORE_BREAKDOWN: symbol=AVAXUSDT trend_score=1.00 structure_score=0.00 rsi_score=1.00 adx_score=0.50 volume_score=0.00 macd_score=0.00 total_score=2.50 min_required_score=3.20
2026-04-19 14:10:49,085 - crypto_bot - INFO - FILTER_REJECTION: symbol=AVAXUSDT hard_failed=['STRUCTURE'] soft_failed=['MACD', 'VOLUME']
2026-04-19 14:10:49,085 - crypto_bot - INFO - AVAXUSDT | signal_trace strict_result=False fallback_executed=False required_filters=None required_filters_result=None score=2.5 rejection_reason=hard filters failed
2026-04-19 14:10:49,849 - crypto_bot - INFO - FILTER_CHECK: symbol=WLDUSDT trend_ok=True structure_state=weak structure_ok=True rsi_ok=False adx_ok=True volume_ok=True macd_ok=False
2026-04-19 14:10:49,849 - crypto_bot - INFO - STRUCTURE_DEBUG: symbol=WLDUSDT trend=SHORT recent_highs=[0.2615, 0.2605, 0.262, 0.2621, 0.2612] recent_lows=[0.2586, 0.2586, 0.2578, 0.2584, 0.2594] bos_detected=False structure_state=weak reason=no BOS but lower highs / developing downtrend
2026-04-19 14:10:49,849 - crypto_bot - INFO - SCORE_BREAKDOWN: symbol=WLDUSDT trend_score=1.00 structure_score=0.50 rsi_score=0.00 adx_score=0.50 volume_score=0.25 macd_score=0.00 total_score=2.25 min_required_score=3.00
2026-04-19 14:10:49,850 - crypto_bot - INFO - FILTER_REJECTION: symbol=WLDUSDT hard_failed=[] soft_failed=['RSI', 'MACD', 'STRUCTURE']
2026-04-19 14:10:49,850 - crypto_bot - INFO - WLDUSDT | signal_trace strict_result=False fallback_executed=False required_filters=None required_filters_result=None score=2.25 rejection_reason=score below adaptive threshold (2.25 < 3.00)
2026-04-19 14:10:50,091 - crypto_bot - INFO - FILTER_CHECK: symbol=DOTUSDT trend_ok=False structure_state=invalid structure_ok=False rsi_ok=True adx_ok=True volume_ok=False macd_ok=False
2026-04-19 14:10:50,091 - crypto_bot - INFO - STRUCTURE_DEBUG: symbol=DOTUSDT trend=LONG recent_highs=[1.2793, 1.2761, 1.2665, 1.2646, 1.26] recent_lows=[1.2637, 1.2646, 1.2555, 1.246, 1.2546] bos_detected=False structure_state=invalid reason=lower low detected in uptrend -> invalid
2026-04-19 14:10:50,092 - crypto_bot - INFO - SCORE_BREAKDOWN: symbol=DOTUSDT trend_score=0.00 structure_score=0.00 rsi_score=1.00 adx_score=0.50 volume_score=0.00 macd_score=0.00 total_score=1.50 min_required_score=3.20
2026-04-19 14:10:50,092 - crypto_bot - INFO - FILTER_REJECTION: symbol=DOTUSDT hard_failed=['TREND', 'STRUCTURE'] soft_failed=['MACD', 'VOLUME']
2026-04-19 14:10:50,092 - crypto_bot - INFO - DOTUSDT | signal_trace strict_result=False fallback_executed=False required_filters=None required_filters_result=None score=1.5 rejection_reason=hard filters failed
2026-04-19 14:10:50,852 - crypto_bot - INFO - FILTER_CHECK: symbol=XPLUSDT trend_ok=True structure_state=strong structure_ok=True rsi_ok=False adx_ok=True volume_ok=False macd_ok=False
2026-04-19 14:10:50,852 - crypto_bot - INFO - STRUCTURE_DEBUG: symbol=XPLUSDT trend=SHORT recent_highs=[0.10849, 0.10758, 0.10678, 0.10667, 0.10542] recent_lows=[0.10683, 0.10502, 0.10464, 0.1047, 0.10386] bos_detected=True structure_state=strong reason=BOS confirmed with lower highs
2026-04-19 14:10:50,853 - crypto_bot - INFO - SCORE_BREAKDOWN: symbol=XPLUSDT trend_score=1.00 structure_score=1.00 rsi_score=0.00 adx_score=0.50 volume_score=0.00 macd_score=0.00 total_score=2.50 min_required_score=4.00
2026-04-19 14:10:50,853 - crypto_bot - INFO - FILTER_REJECTION: symbol=XPLUSDT hard_failed=[] soft_failed=['RSI', 'MACD', 'VOLUME']
2026-04-19 14:10:50,854 - crypto_bot - INFO - XPLUSDT | signal_trace strict_result=False fallback_executed=False required_filters=None required_filters_result=None score=2.5 rejection_reason=score below adaptive threshold (2.50 < 4.00)
2026-04-19 14:10:51,094 - crypto_bot - INFO - FILTER_CHECK: symbol=BNBUSDT trend_ok=True structure_state=weak structure_ok=True rsi_ok=True adx_ok=True volume_ok=True macd_ok=False
2026-04-19 14:10:51,095 - crypto_bot - INFO - STRUCTURE_DEBUG: symbol=BNBUSDT trend=LONG recent_highs=[624.2, 623.2, 623.1, 622.5, 621.1] recent_lows=[619.8, 621.4, 619.5, 617.8, 617.8] bos_detected=False structure_state=weak reason=no BOS but higher lows / developing uptrend
2026-04-19 14:10:51,095 - crypto_bot - INFO - SCORE_BREAKDOWN: symbol=BNBUSDT trend_score=1.00 structure_score=0.50 rsi_score=1.00 adx_score=0.50 volume_score=0.25 macd_score=0.00 total_score=3.25 min_required_score=3.00
2026-04-19 14:10:51,096 - crypto_bot - INFO - FILTER_REJECTION: symbol=BNBUSDT hard_failed=[] soft_failed=['MACD', 'STRUCTURE']
2026-04-19 14:10:51,104 - crypto_bot - INFO - ENTRY_RISK_ADJUSTMENT: structure_state=weak position_size_factor=0.50 confirmation_passed=False reason="impulse candle missing (body_ratio=0.52)" symbol=BNBUSDT
2026-04-19 14:10:51,105 - crypto_bot - INFO - ENTRY_DEBUG: symbol=BNBUSDT structure_state=weak entry_type=continuation rr=0.00 entry_valid=False reason="impulse candle missing (body_ratio=0.52)"
2026-04-19 14:10:51,105 - crypto_bot - INFO - BNBUSDT | signal_trace strict_result=False fallback_executed=True required_filters=None required_filters_result=None score=0.0 rejection_reason=relaxed signals disabled by config
2026-04-19 14:10:51,351 - crypto_bot - INFO - FILTER_CHECK: symbol=DYDXUSDT trend_ok=True structure_state=strong structure_ok=True rsi_ok=False adx_ok=True volume_ok=True macd_ok=True
2026-04-19 14:10:51,351 - crypto_bot - INFO - STRUCTURE_DEBUG: symbol=DYDXUSDT trend=LONG recent_highs=[0.14537, 0.14802, 0.14705, 0.14754, 0.1495] recent_lows=[0.14206, 0.1436, 0.14284, 0.14412, 0.14527] bos_detected=True structure_state=strong reason=BOS confirmed with higher lows
2026-04-19 14:10:51,351 - crypto_bot - INFO - SCORE_BREAKDOWN: symbol=DYDXUSDT trend_score=1.00 structure_score=1.00 rsi_score=0.00 adx_score=0.50 volume_score=0.25 macd_score=1.40 total_score=4.15 min_required_score=4.00
2026-04-19 14:10:51,352 - crypto_bot - INFO - FILTER_REJECTION: symbol=DYDXUSDT hard_failed=[] soft_failed=['RSI']
2026-04-19 14:10:51,360 - crypto_bot - INFO - DYDXUSDT | signal_trace strict_result=False fallback_executed=True required_filters=None required_filters_result=None score=0.0 rejection_reason=relaxed signals disabled by config
2026-04-19 14:10:51,776 - crypto_bot - INFO - FILTER_CHECK: symbol=PROMUSDT trend_ok=True structure_state=weak structure_ok=True rsi_ok=True adx_ok=True volume_ok=False macd_ok=False
2026-04-19 14:10:51,777 - crypto_bot - INFO - STRUCTURE_DEBUG: symbol=PROMUSDT trend=LONG recent_highs=[2.2976, 2.198, 2.1176, 2.062, 2.2019] recent_lows=[2.1104, 2.0436, 1.9761, 1.9905, 2.022] bos_detected=False structure_state=weak reason=no BOS but higher lows / developing uptrend
2026-04-19 14:10:51,777 - crypto_bot - INFO - SCORE_BREAKDOWN: symbol=PROMUSDT trend_score=1.00 structure_score=0.50 rsi_score=1.00 adx_score=0.50 volume_score=0.00 macd_score=0.00 total_score=3.00 min_required_score=3.00
2026-04-19 14:10:51,777 - crypto_bot - INFO - FILTER_REJECTION: symbol=PROMUSDT hard_failed=[] soft_failed=['MACD', 'VOLUME', 'STRUCTURE']
2026-04-19 14:10:51,789 - crypto_bot - INFO - ENTRY_RISK_ADJUSTMENT: structure_state=weak position_size_factor=0.50 confirmation_passed=False reason="impulse candle missing (body_ratio=0.22)" symbol=PROMUSDT
2026-04-19 14:10:51,789 - crypto_bot - INFO - ENTRY_DEBUG: symbol=PROMUSDT structure_state=weak entry_type=continuation rr=0.00 entry_valid=False reason="impulse candle missing (body_ratio=0.22)"
2026-04-19 14:10:51,789 - crypto_bot - INFO - PROMUSDT | signal_trace strict_result=False fallback_executed=True required_filters=None required_filters_result=None score=0.0 rejection_reason=relaxed signals disabled by config
2026-04-19 14:10:52,032 - crypto_bot - INFO - FILTER_CHECK: symbol=REQUSDT trend_ok=True structure_state=weak structure_ok=True rsi_ok=True adx_ok=True volume_ok=True macd_ok=False
2026-04-19 14:10:52,032 - crypto_bot - INFO - STRUCTURE_DEBUG: symbol=REQUSDT trend=LONG recent_highs=[0.14662, 0.12653, 0.11712, 0.12774, 0.12222] recent_lows=[0.11463, 0.11472, 0.10747, 0.10851, 0.11089] bos_detected=False structure_state=weak reason=no BOS but higher lows / developing uptrend
2026-04-19 14:10:52,033 - crypto_bot - INFO - SCORE_BREAKDOWN: symbol=REQUSDT trend_score=1.00 structure_score=0.50 rsi_score=1.00 adx_score=0.50 volume_score=0.25 macd_score=0.00 total_score=3.25 min_required_score=3.00
2026-04-19 14:10:52,033 - crypto_bot - INFO - FILTER_REJECTION: symbol=REQUSDT hard_failed=[] soft_failed=['MACD', 'STRUCTURE']
2026-04-19 14:10:52,041 - crypto_bot - INFO - ENTRY_RISK_ADJUSTMENT: structure_state=weak position_size_factor=0.50 confirmation_passed=False reason="impulse candle missing (body_ratio=0.27)" symbol=REQUSDT
2026-04-19 14:10:52,041 - crypto_bot - INFO - ENTRY_DEBUG: symbol=REQUSDT structure_state=weak entry_type=continuation rr=0.00 entry_valid=False reason="impulse candle missing (body_ratio=0.27)"
2026-04-19 14:10:52,042 - crypto_bot - INFO - REQUSDT | signal_trace strict_result=False fallback_executed=True required_filters=None required_filters_result=None score=0.0 rejection_reason=relaxed signals disabled by config
2026-04-19 14:10:52,291 - crypto_bot - INFO - FILTER_CHECK: symbol=ARKMUSDT trend_ok=True structure_state=strong structure_ok=True rsi_ok=False adx_ok=True volume_ok=True macd_ok=True
2026-04-19 14:10:52,291 - crypto_bot - INFO - STRUCTURE_DEBUG: symbol=ARKMUSDT trend=LONG recent_highs=[0.12917, 0.12831, 0.13001, 0.13061, 0.13499] recent_lows=[0.12505, 0.12582, 0.12604, 0.12719, 0.12932] bos_detected=True structure_state=strong reason=BOS confirmed with higher lows
2026-04-19 14:10:52,292 - crypto_bot - INFO - SCORE_BREAKDOWN: symbol=ARKMUSDT trend_score=1.00 structure_score=1.00 rsi_score=0.00 adx_score=0.50 volume_score=0.25 macd_score=1.40 total_score=4.15 min_required_score=4.00
2026-04-19 14:10:52,292 - crypto_bot - INFO - FILTER_REJECTION: symbol=ARKMUSDT hard_failed=[] soft_failed=['RSI']
2026-04-19 14:10:52,301 - crypto_bot - INFO - ARKMUSDT | signal_trace strict_result=False fallback_executed=True required_filters=None required_filters_result=None score=0.0 rejection_reason=relaxed signals disabled by config
2026-04-19 14:10:52,543 - crypto_bot - INFO - FILTER_CHECK: symbol=IPUSDT trend_ok=False structure_state=weak structure_ok=True rsi_ok=True adx_ok=True volume_ok=False macd_ok=False
2026-04-19 14:10:52,544 - crypto_bot - INFO - STRUCTURE_DEBUG: symbol=IPUSDT trend=LONG recent_highs=[0.5331, 0.5285, 0.522, 0.5219, 0.5195] recent_lows=[0.526, 0.5193, 0.5176, 0.5143, 0.5158] bos_detected=False structure_state=weak reason=no BOS but higher lows / developing uptrend
2026-04-19 14:10:52,544 - crypto_bot - INFO - SCORE_BREAKDOWN: symbol=IPUSDT trend_score=0.00 structure_score=0.50 rsi_score=1.00 adx_score=0.50 volume_score=0.00 macd_score=0.00 total_score=2.00 min_required_score=3.00
2026-04-19 14:10:52,544 - crypto_bot - INFO - FILTER_REJECTION: symbol=IPUSDT hard_failed=['TREND'] soft_failed=['MACD', 'VOLUME', 'STRUCTURE']
2026-04-19 14:10:52,545 - crypto_bot - INFO - IPUSDT | signal_trace strict_result=False fallback_executed=False required_filters=None required_filters_result=None score=2.0 rejection_reason=hard filters failed
2026-04-19 14:10:52,799 - crypto_bot - INFO - FILTER_CHECK: symbol=MONUSDT trend_ok=True structure_state=weak structure_ok=True rsi_ok=False adx_ok=True volume_ok=True macd_ok=False
2026-04-19 14:10:52,799 - crypto_bot - INFO - STRUCTURE_DEBUG: symbol=MONUSDT trend=SHORT recent_highs=[0.032227, 0.032456, 0.032768, 0.032745, 0.032485] recent_lows=[0.031799, 0.032049, 0.032045, 0.03217, 0.032011] bos_detected=False structure_state=weak reason=no BOS but lower highs / developing downtrend
2026-04-19 14:10:52,800 - crypto_bot - INFO - SCORE_BREAKDOWN: symbol=MONUSDT trend_score=1.00 structure_score=0.50 rsi_score=0.00 adx_score=0.50 volume_score=0.25 macd_score=0.00 total_score=2.25 min_required_score=3.00
2026-04-19 14:10:52,800 - crypto_bot - INFO - FILTER_REJECTION: symbol=MONUSDT hard_failed=[] soft_failed=['RSI', 'MACD', 'STRUCTURE']
2026-04-19 14:10:52,800 - crypto_bot - INFO - MONUSDT | signal_trace strict_result=False fallback_executed=False required_filters=None required_filters_result=None score=2.25 rejection_reason=score below adaptive threshold (2.25 < 3.00)
2026-04-19 14:10:52,800 - crypto_bot - INFO - 📊 Total signals after scan: 2
2026-04-19 14:10:52,801 - crypto_bot - INFO -  STRICT_PIPELINE_METRICS: potential_signals=8 strict_signals=2 raw_candidates=38
2026-04-19 14:10:52,801 - crypto_bot - INFO - AUTO_DIAGNOSTIC: potential_signals=8 strict_signals=2 scalping_signals=0 avg_score=1.32 rejection_top_reasons=[('relaxed signals disabled by config', 16), ('hard filters failed', 13), ('score below adaptive threshold (2.00 < 3.00)', 2)]
2026-04-19 14:10:52,801 - crypto_bot - INFO - AUTO_DIAGNOSTIC_EXTENDED: main_signal_count=2 scalping_signal_count=0 avg_score_main=3.00 avg_score_scalping=0.00
2026-04-19 14:10:52,801 - crypto_bot - INFO - 📊 Signals found: 2
2026-04-19 14:10:52,802 - crypto_bot - INFO - SIGNAL_DECISION: symbol=API3USDT mode=MAIN status=IGNORE score=3.00 threshold=3.20 entry_source=strict reason=OPEN
2026-04-19 14:10:52,803 - crypto_bot - INFO - SIGNAL_IGNORED_NO_IMPROVEMENT: symbol=API3USDT mode=MAIN entry_source=strict action=IGNORE reason=both below upgrade threshold
2026-04-19 14:10:52,804 - crypto_bot - INFO - SIGNAL_DECISION: symbol=PIEVERSEUSDT mode=MAIN status=IGNORE score=3.00 threshold=3.20 entry_source=strict reason=OPEN
2026-04-19 14:10:52,805 - crypto_bot - INFO - SIGNAL_IGNORED_NO_IMPROVEMENT: symbol=PIEVERSEUSDT mode=MAIN entry_source=strict action=IGNORE reason=both below upgrade threshold
2026-04-19 14:10:52,805 - crypto_bot - INFO - ANALYTICS_INTEGRITY_CHECK: signals_vs_trades_delta=109 trades_vs_closed_delta=0 mode_distribution_check={'MAIN': {'signals': 1184, 'closed': 0, 'active': 0}, 'SCALPING': {'signals': 1063, 'closed': 0, 'active': 0}, 'LIGHT': {'signals': 23, 'closed': 0, 'active': 0}, 'UNKNOWN': {'signals': 0, 'closed': 0, 'active': 0}}
2026-04-19 14:10:52,806 - crypto_bot - INFO - [ANALYTICS SUMMARY]
Trades: 23
Winrate: 52.17%
Profit Factor: 1.84
Avg R: 1.02
2026-04-19 14:10:52,806 - crypto_bot - INFO - REJECTION_STATS:
MAIN:
  LOW_SCORE: 104
SCALPING:
  LOW_SCORE: 95
2026-04-19 14:10:52,807 - crypto_bot - INFO - AUTO_DIAGNOSTIC_PORTFOLIO: avg_portfolio_risk=0.00 avg_exposure=0.00 signals_blocked_by_risk=9 signals_scaled_by_risk=0
2026-04-19 14:10:52,807 - crypto_bot - INFO - ⏳ Sleeping for 300 seconds
2026-04-19 14:15:52,836 - crypto_bot - INFO - 🔍 Starting market scan for top-50 symbols...
2026-04-19 14:15:53,682 - crypto_bot - INFO - [MARKET] get_top_usdt_pairs prepared 534 liquid swap symbols
2026-04-19 14:15:53,683 - crypto_bot - INFO - 📈 Top-50 symbols fetched: 50
2026-04-19 14:15:53,683 - crypto_bot - INFO - 🔥 Active symbols after filter: 37 / 50
2026-04-19 14:15:53,683 - crypto_bot - INFO -  RAW_CANDIDATES_BEFORE_STRICT_FILTERS: count=37 mode=MAIN
2026-04-19 14:15:54,224 - crypto_bot - INFO - FILTER_CHECK: symbol=RAVEUSDT trend_ok=True structure_state=weak structure_ok=True rsi_ok=False adx_ok=True volume_ok=False macd_ok=False
2026-04-19 14:15:54,225 - crypto_bot - INFO - STRUCTURE_DEBUG: symbol=RAVEUSDT trend=SHORT recent_highs=[1.75, 1.52425, 1.71747, 1.47373, 1.36903] recent_lows=[1.15206, 1.12455, 1.28858, 1.14125, 1.21237] bos_detected=False structure_state=weak reason=no BOS but lower highs / developing downtrend
2026-04-19 14:15:54,225 - crypto_bot - INFO - SCORE_BREAKDOWN: symbol=RAVEUSDT trend_score=1.00 structure_score=0.50 rsi_score=0.00 adx_score=0.50 volume_score=0.00 macd_score=0.00 total_score=2.00 min_required_score=3.00
2026-04-19 14:15:54,226 - crypto_bot - INFO - FILTER_REJECTION: symbol=RAVEUSDT hard_failed=[] soft_failed=['RSI', 'MACD', 'VOLUME', 'STRUCTURE']
2026-04-19 14:15:54,226 - crypto_bot - INFO - RAVEUSDT | signal_trace strict_result=False fallback_executed=False required_filters=None required_filters_result=None score=2.0 rejection_reason=score below adaptive threshold (2.00 < 3.00)
2026-04-19 14:15:54,454 - crypto_bot - INFO - FILTER_CHECK: symbol=SOLUSDT trend_ok=False structure_state=invalid structure_ok=False rsi_ok=True adx_ok=True volume_ok=True macd_ok=False
2026-04-19 14:15:54,454 - crypto_bot - INFO - STRUCTURE_DEBUG: symbol=SOLUSDT trend=LONG recent_highs=[85.93, 85.77, 85.62, 85.4, 85.08] recent_lows=[85.1, 85.34, 85.09, 84.36, 84.54] bos_detected=False structure_state=invalid reason=lower low detected in uptrend -> invalid
2026-04-19 14:15:54,455 - crypto_bot - INFO - SCORE_BREAKDOWN: symbol=SOLUSDT trend_score=0.00 structure_score=0.00 rsi_score=1.00 adx_score=0.50 volume_score=0.25 macd_score=0.00 total_score=1.75 min_required_score=3.20
2026-04-19 14:15:54,455 - crypto_bot - INFO - FILTER_REJECTION: symbol=SOLUSDT hard_failed=['TREND', 'STRUCTURE'] soft_failed=['MACD']
2026-04-19 14:15:54,455 - crypto_bot - INFO - SOLUSDT | signal_trace strict_result=False fallback_executed=False required_filters=None required_filters_result=None score=1.75 rejection_reason=hard filters failed
2026-04-19 14:15:54,692 - crypto_bot - INFO - FILTER_CHECK: symbol=AAVEUSDT trend_ok=False structure_state=invalid structure_ok=False rsi_ok=True adx_ok=True volume_ok=False macd_ok=False
2026-04-19 14:15:54,692 - crypto_bot - INFO - STRUCTURE_DEBUG: symbol=AAVEUSDT trend=LONG recent_highs=[95.42, 95.26, 92.97, 92.7, 92.75] recent_lows=[92.78, 92.87, 91.26, 91.34, 90.36] bos_detected=False structure_state=invalid reason=lower low detected in uptrend -> invalid
2026-04-19 14:15:54,693 - crypto_bot - INFO - SCORE_BREAKDOWN: symbol=AAVEUSDT trend_score=0.00 structure_score=0.00 rsi_score=1.00 adx_score=0.50 volume_score=0.00 macd_score=0.00 total_score=1.50 min_required_score=3.20
2026-04-19 14:15:54,693 - crypto_bot - INFO - FILTER_REJECTION: symbol=AAVEUSDT hard_failed=['TREND', 'STRUCTURE'] soft_failed=['MACD', 'VOLUME']
2026-04-19 14:15:54,693 - crypto_bot - INFO - AAVEUSDT | signal_trace strict_result=False fallback_executed=False required_filters=None required_filters_result=None score=1.5 rejection_reason=hard filters failed
2026-04-19 14:15:54,931 - crypto_bot - INFO - FILTER_CHECK: symbol=HIGHUSDT trend_ok=True structure_state=weak structure_ok=True rsi_ok=True adx_ok=True volume_ok=True macd_ok=True
2026-04-19 14:15:54,931 - crypto_bot - INFO - STRUCTURE_DEBUG: symbol=HIGHUSDT trend=LONG recent_highs=[0.27148, 0.25901, 0.3, 0.37568, 0.44932] recent_lows=[0.24331, 0.24597, 0.24131, 0.27469, 0.33346] bos_detected=False structure_state=weak reason=no BOS but higher lows / developing uptrend
2026-04-19 14:15:54,931 - crypto_bot - INFO - SCORE_BREAKDOWN: symbol=HIGHUSDT trend_score=1.00 structure_score=0.50 rsi_score=1.00 adx_score=0.50 volume_score=0.25 macd_score=1.40 total_score=4.65 min_required_score=3.00
2026-04-19 14:15:54,932 - crypto_bot - INFO - FILTER_REJECTION: symbol=HIGHUSDT hard_failed=[] soft_failed=['STRUCTURE']
2026-04-19 14:15:54,940 - crypto_bot - INFO - ENTRY_RISK_ADJUSTMENT: structure_state=weak position_size_factor=0.50 confirmation_passed=False reason="impulse candle missing (body_ratio=0.74)" symbol=HIGHUSDT
2026-04-19 14:15:54,940 - crypto_bot - INFO - ENTRY_DEBUG: symbol=HIGHUSDT structure_state=weak entry_type=continuation rr=0.00 entry_valid=False reason="impulse candle missing (body_ratio=0.74)"
2026-04-19 14:15:54,941 - crypto_bot - INFO - HIGHUSDT | signal_trace strict_result=False fallback_executed=True required_filters=None required_filters_result=None score=0.0 rejection_reason=relaxed signals disabled by config
2026-04-19 14:15:55,175 - crypto_bot - INFO - FILTER_CHECK: symbol=ORDIUSDT trend_ok=True structure_state=weak structure_ok=True rsi_ok=True adx_ok=True volume_ok=False macd_ok=True
2026-04-19 14:15:55,176 - crypto_bot - INFO - STRUCTURE_DEBUG: symbol=ORDIUSDT trend=LONG recent_highs=[4.238, 4.579, 4.658, 4.686, 4.745] recent_lows=[3.84, 3.85, 4.366, 4.331, 4.468] bos_detected=False structure_state=weak reason=no BOS but higher lows / developing uptrend
2026-04-19 14:15:55,176 - crypto_bot - INFO - SCORE_BREAKDOWN: symbol=ORDIUSDT trend_score=1.00 structure_score=0.50 rsi_score=1.00 adx_score=0.50 volume_score=0.00 macd_score=1.40 total_score=4.40 min_required_score=3.00
2026-04-19 14:15:55,177 - crypto_bot - INFO - FILTER_REJECTION: symbol=ORDIUSDT hard_failed=[] soft_failed=['VOLUME', 'STRUCTURE']
2026-04-19 14:15:55,185 - crypto_bot - INFO - ENTRY_RISK_ADJUSTMENT: structure_state=weak position_size_factor=0.50 confirmation_passed=False reason="impulse candle missing (body_ratio=0.44)" symbol=ORDIUSDT
2026-04-19 14:15:55,185 - crypto_bot - INFO - ENTRY_DEBUG: symbol=ORDIUSDT structure_state=weak entry_type=continuation rr=0.00 entry_valid=False reason="impulse candle missing (body_ratio=0.44)"
2026-04-19 14:15:55,186 - crypto_bot - INFO - ORDIUSDT | signal_trace strict_result=False fallback_executed=True required_filters=None required_filters_result=None score=0.0 rejection_reason=relaxed signals disabled by config
2026-04-19 14:15:55,412 - crypto_bot - INFO - FILTER_CHECK: symbol=DOGEUSDT trend_ok=False structure_state=invalid structure_ok=False rsi_ok=True adx_ok=True volume_ok=True macd_ok=True
2026-04-19 14:15:55,412 - crypto_bot - INFO - STRUCTURE_DEBUG: symbol=DOGEUSDT trend=LONG recent_highs=[0.09478, 0.09516, 0.09501, 0.09484, 0.09422] recent_lows=[0.09405, 0.0945, 0.09443, 0.09334, 0.09387] bos_detected=False structure_state=invalid reason=lower low detected in uptrend -> invalid
2026-04-19 14:15:55,412 - crypto_bot - INFO - SCORE_BREAKDOWN: symbol=DOGEUSDT trend_score=0.00 structure_score=0.00 rsi_score=1.00 adx_score=0.50 volume_score=0.25 macd_score=1.40 total_score=3.15 min_required_score=3.20
2026-04-19 14:15:55,413 - crypto_bot - INFO - FILTER_REJECTION: symbol=DOGEUSDT hard_failed=['TREND', 'STRUCTURE'] soft_failed=[]
2026-04-19 14:15:55,413 - crypto_bot - INFO - DOGEUSDT | signal_trace strict_result=False fallback_executed=False required_filters=None required_filters_result=None score=3.15 rejection_reason=hard filters failed
2026-04-19 14:15:55,640 - crypto_bot - INFO - FILTER_CHECK: symbol=1000PEPEUSDT trend_ok=False structure_state=weak structure_ok=True rsi_ok=True adx_ok=True volume_ok=True macd_ok=True
2026-04-19 14:15:55,640 - crypto_bot - INFO - STRUCTURE_DEBUG: symbol=1000PEPEUSDT trend=LONG recent_highs=[0.003775, 0.003793, 0.003806, 0.003784, 0.003759] recent_lows=[0.003736, 0.003748, 0.003745, 0.003715, 0.003737] bos_detected=False structure_state=weak reason=no BOS but higher lows / developing uptrend
2026-04-19 14:15:55,641 - crypto_bot - INFO - SCORE_BREAKDOWN: symbol=1000PEPEUSDT trend_score=0.00 structure_score=0.50 rsi_score=1.00 adx_score=0.50 volume_score=0.25 macd_score=1.40 total_score=3.65 min_required_score=3.00
2026-04-19 14:15:55,641 - crypto_bot - INFO - FILTER_REJECTION: symbol=1000PEPEUSDT hard_failed=['TREND'] soft_failed=['STRUCTURE']
2026-04-19 14:15:55,641 - crypto_bot - INFO - 1000PEPEUSDT | signal_trace strict_result=False fallback_executed=False required_filters=None required_filters_result=None score=3.65 rejection_reason=hard filters failed
2026-04-19 14:15:55,873 - crypto_bot - INFO - FILTER_CHECK: symbol=HYPEUSDT trend_ok=False structure_state=invalid structure_ok=False rsi_ok=True adx_ok=True volume_ok=True macd_ok=False
2026-04-19 14:15:55,873 - crypto_bot - INFO - STRUCTURE_DEBUG: symbol=HYPEUSDT trend=LONG recent_highs=[43.619, 43.662, 43.452, 43.442, 43.326] recent_lows=[43.3, 43.412, 43.161, 42.869, 43.062] bos_detected=False structure_state=invalid reason=lower low detected in uptrend -> invalid
2026-04-19 14:15:55,874 - crypto_bot - INFO - SCORE_BREAKDOWN: symbol=HYPEUSDT trend_score=0.00 structure_score=0.00 rsi_score=1.00 adx_score=0.50 volume_score=0.25 macd_score=0.00 total_score=1.75 min_required_score=3.20
2026-04-19 14:15:55,874 - crypto_bot - INFO - FILTER_REJECTION: symbol=HYPEUSDT hard_failed=['TREND', 'STRUCTURE'] soft_failed=['MACD']
2026-04-19 14:15:55,875 - crypto_bot - INFO - HYPEUSDT | signal_trace strict_result=False fallback_executed=False required_filters=None required_filters_result=None score=1.75 rejection_reason=hard filters failed
2026-04-19 14:15:56,338 - crypto_bot - INFO - FILTER_CHECK: symbol=ENAUSDT trend_ok=True structure_state=weak structure_ok=True rsi_ok=True adx_ok=False volume_ok=False macd_ok=False
2026-04-19 14:15:56,338 - crypto_bot - INFO - STRUCTURE_DEBUG: symbol=ENAUSDT trend=LONG recent_highs=[0.12116, 0.12186, 0.1211, 0.12098, 0.1187] recent_lows=[0.11933, 0.12016, 0.11941, 0.11752, 0.11706] bos_detected=False structure_state=weak reason=no BOS but higher lows / developing uptrend
2026-04-19 14:15:56,338 - crypto_bot - INFO - SCORE_BREAKDOWN: symbol=ENAUSDT trend_score=1.00 structure_score=0.50 rsi_score=1.00 adx_score=0.00 volume_score=0.00 macd_score=0.00 total_score=2.50 min_required_score=3.00
2026-04-19 14:15:56,339 - crypto_bot - INFO - FILTER_REJECTION: symbol=ENAUSDT hard_failed=[] soft_failed=['MACD', 'VOLUME', 'ADX', 'STRUCTURE']
2026-04-19 14:15:56,339 - crypto_bot - INFO - ENAUSDT | signal_trace strict_result=False fallback_executed=False required_filters=None required_filters_result=None score=2.5 rejection_reason=score below adaptive threshold (2.50 < 3.00)
2026-04-19 14:15:56,564 - crypto_bot - INFO - FILTER_CHECK: symbol=ADAUSDT trend_ok=False structure_state=invalid structure_ok=False rsi_ok=True adx_ok=True volume_ok=False macd_ok=False
2026-04-19 14:15:56,565 - crypto_bot - INFO - STRUCTURE_DEBUG: symbol=ADAUSDT trend=LONG recent_highs=[0.2487, 0.2488, 0.2478, 0.2471, 0.246] recent_lows=[0.2459, 0.247, 0.2458, 0.2442, 0.2448] bos_detected=False structure_state=invalid reason=lower low detected in uptrend -> invalid
2026-04-19 14:15:56,565 - crypto_bot - INFO - SCORE_BREAKDOWN: symbol=ADAUSDT trend_score=0.00 structure_score=0.00 rsi_score=1.00 adx_score=0.50 volume_score=0.00 macd_score=0.00 total_score=1.50 min_required_score=3.20
2026-04-19 14:15:56,566 - crypto_bot - INFO - FILTER_REJECTION: symbol=ADAUSDT hard_failed=['TREND', 'STRUCTURE'] soft_failed=['MACD', 'VOLUME']
2026-04-19 14:15:56,566 - crypto_bot - INFO - ADAUSDT | signal_trace strict_result=False fallback_executed=False required_filters=None required_filters_result=None score=1.5 rejection_reason=hard filters failed
2026-04-19 14:15:56,792 - crypto_bot - INFO - FILTER_CHECK: symbol=SUIUSDT trend_ok=False structure_state=weak structure_ok=True rsi_ok=True adx_ok=True volume_ok=False macd_ok=True
2026-04-19 14:15:56,793 - crypto_bot - INFO - STRUCTURE_DEBUG: symbol=SUIUSDT trend=LONG recent_highs=[0.9508, 0.951, 0.948, 0.9476, 0.9451] recent_lows=[0.9401, 0.945, 0.94, 0.9364, 0.9409] bos_detected=False structure_state=weak reason=no BOS but higher lows / developing uptrend
2026-04-19 14:15:56,793 - crypto_bot - INFO - SCORE_BREAKDOWN: symbol=SUIUSDT trend_score=0.00 structure_score=0.50 rsi_score=1.00 adx_score=0.50 volume_score=0.00 macd_score=1.40 total_score=3.40 min_required_score=3.00
2026-04-19 14:15:56,793 - crypto_bot - INFO - FILTER_REJECTION: symbol=SUIUSDT hard_failed=['TREND'] soft_failed=['VOLUME', 'STRUCTURE']
2026-04-19 14:15:56,794 - crypto_bot - INFO - SUIUSDT | signal_trace strict_result=False fallback_executed=False required_filters=None required_filters_result=None score=3.4 rejection_reason=hard filters failed
2026-04-19 14:15:57,027 - crypto_bot - INFO - FILTER_CHECK: symbol=SIRENUSDT trend_ok=True structure_state=weak structure_ok=True rsi_ok=False adx_ok=True volume_ok=False macd_ok=True
2026-04-19 14:15:57,027 - crypto_bot - INFO - STRUCTURE_DEBUG: symbol=SIRENUSDT trend=SHORT recent_highs=[0.69727, 0.67024, 0.72524, 0.71499, 0.66053] recent_lows=[0.50071, 0.51301, 0.63667, 0.65735, 0.63056] bos_detected=False structure_state=weak reason=no BOS but lower highs / developing downtrend
2026-04-19 14:15:57,028 - crypto_bot - INFO - SCORE_BREAKDOWN: symbol=SIRENUSDT trend_score=1.00 structure_score=0.50 rsi_score=0.00 adx_score=0.50 volume_score=0.00 macd_score=1.40 total_score=3.40 min_required_score=3.00
2026-04-19 14:15:57,028 - crypto_bot - INFO - FILTER_REJECTION: symbol=SIRENUSDT hard_failed=[] soft_failed=['RSI', 'VOLUME', 'STRUCTURE']
2026-04-19 14:15:57,039 - crypto_bot - INFO - ENTRY_RISK_ADJUSTMENT: structure_state=weak position_size_factor=0.50 confirmation_passed=False reason="impulse candle missing (body_ratio=0.16)" symbol=SIRENUSDT
2026-04-19 14:15:57,040 - crypto_bot - INFO - ENTRY_DEBUG: symbol=SIRENUSDT structure_state=weak entry_type=continuation rr=0.00 entry_valid=False reason="impulse candle missing (body_ratio=0.16)"
2026-04-19 14:15:57,040 - crypto_bot - INFO - SIRENUSDT | signal_trace strict_result=False fallback_executed=True required_filters=None required_filters_result=None score=0.0 rejection_reason=relaxed signals disabled by config
2026-04-19 14:15:57,268 - crypto_bot - INFO - FILTER_CHECK: symbol=MOVEUSDT trend_ok=True structure_state=weak structure_ok=True rsi_ok=True adx_ok=True volume_ok=False macd_ok=True
2026-04-19 14:15:57,268 - crypto_bot - INFO - STRUCTURE_DEBUG: symbol=MOVEUSDT trend=LONG recent_highs=[0.01979, 0.01983, 0.02535, 0.0214, 0.02128] recent_lows=[0.0194, 0.01908, 0.01881, 0.02007, 0.02024] bos_detected=False structure_state=weak reason=no BOS but higher lows / developing uptrend
2026-04-19 14:15:57,269 - crypto_bot - INFO - SCORE_BREAKDOWN: symbol=MOVEUSDT trend_score=1.00 structure_score=0.50 rsi_score=1.00 adx_score=0.50 volume_score=0.00 macd_score=1.40 total_score=4.40 min_required_score=3.00
2026-04-19 14:15:57,269 - crypto_bot - INFO - FILTER_REJECTION: symbol=MOVEUSDT hard_failed=[] soft_failed=['VOLUME', 'STRUCTURE']
2026-04-19 14:15:57,277 - crypto_bot - INFO - ENTRY_RISK_ADJUSTMENT: structure_state=weak position_size_factor=0.50 confirmation_passed=False reason="impulse candle missing (body_ratio=0.07)" symbol=MOVEUSDT
2026-04-19 14:15:57,277 - crypto_bot - INFO - ENTRY_DEBUG: symbol=MOVEUSDT structure_state=weak entry_type=continuation rr=0.00 entry_valid=False reason="impulse candle missing (body_ratio=0.07)"
2026-04-19 14:15:57,278 - crypto_bot - INFO - MOVEUSDT | signal_trace strict_result=False fallback_executed=True required_filters=None required_filters_result=None score=0.0 rejection_reason=relaxed signals disabled by config
2026-04-19 14:15:57,505 - crypto_bot - INFO - FILTER_CHECK: symbol=BIOUSDT trend_ok=True structure_state=weak structure_ok=True rsi_ok=True adx_ok=True volume_ok=False macd_ok=True
2026-04-19 14:15:57,505 - crypto_bot - INFO - STRUCTURE_DEBUG: symbol=BIOUSDT trend=LONG recent_highs=[0.03068, 0.03054, 0.03159, 0.03232, 0.03207] recent_lows=[0.02948, 0.02948, 0.02974, 0.03068, 0.0308] bos_detected=False structure_state=weak reason=no BOS but higher lows / developing uptrend
2026-04-19 14:15:57,506 - crypto_bot - INFO - SCORE_BREAKDOWN: symbol=BIOUSDT trend_score=1.00 structure_score=0.50 rsi_score=1.00 adx_score=0.50 volume_score=0.00 macd_score=1.40 total_score=4.40 min_required_score=3.00
2026-04-19 14:15:57,506 - crypto_bot - INFO - FILTER_REJECTION: symbol=BIOUSDT hard_failed=[] soft_failed=['VOLUME', 'STRUCTURE']
2026-04-19 14:15:57,514 - crypto_bot - INFO - ENTRY_RISK_ADJUSTMENT: structure_state=weak position_size_factor=0.50 confirmation_passed=False reason="impulse candle missing (body_ratio=0.80)" symbol=BIOUSDT
2026-04-19 14:15:57,515 - crypto_bot - INFO - ENTRY_DEBUG: symbol=BIOUSDT structure_state=weak entry_type=continuation rr=0.00 entry_valid=False reason="impulse candle missing (body_ratio=0.80)"
2026-04-19 14:15:57,516 - crypto_bot - INFO - BIOUSDT | signal_trace strict_result=False fallback_executed=True required_filters=None required_filters_result=None score=0.0 rejection_reason=relaxed signals disabled by config
2026-04-19 14:15:57,752 - crypto_bot - INFO - FILTER_CHECK: symbol=ENJUSDT trend_ok=True structure_state=strong structure_ok=True rsi_ok=False adx_ok=True volume_ok=True macd_ok=True
2026-04-19 14:15:57,753 - crypto_bot - INFO - STRUCTURE_DEBUG: symbol=ENJUSDT trend=LONG recent_highs=[0.06113, 0.064852, 0.068262, 0.066384, 0.066075] recent_lows=[0.057214, 0.056862, 0.061831, 0.062292, 0.061758] bos_detected=True structure_state=strong reason=BOS confirmed with higher lows
2026-04-19 14:15:57,753 - crypto_bot - INFO - SCORE_BREAKDOWN: symbol=ENJUSDT trend_score=1.00 structure_score=1.00 rsi_score=0.00 adx_score=0.50 volume_score=0.25 macd_score=1.40 total_score=4.15 min_required_score=4.00
2026-04-19 14:15:57,754 - crypto_bot - INFO - FILTER_REJECTION: symbol=ENJUSDT hard_failed=[] soft_failed=['RSI']
2026-04-19 14:15:57,762 - crypto_bot - INFO - ENJUSDT | signal_trace strict_result=False fallback_executed=True required_filters=None required_filters_result=None score=0.0 rejection_reason=relaxed signals disabled by config
2026-04-19 14:15:57,999 - crypto_bot - INFO - FILTER_CHECK: symbol=ZECUSDT trend_ok=True structure_state=weak structure_ok=True rsi_ok=True adx_ok=False volume_ok=True macd_ok=False
2026-04-19 14:15:58,000 - crypto_bot - INFO - STRUCTURE_DEBUG: symbol=ZECUSDT trend=SHORT recent_highs=[323.37, 323.86, 324.63, 324.83, 324.4] recent_lows=[319.05, 320.75, 321.23, 320.86, 321.73] bos_detected=False structure_state=weak reason=no BOS but lower highs / developing downtrend
2026-04-19 14:15:58,000 - crypto_bot - INFO - SCORE_BREAKDOWN: symbol=ZECUSDT trend_score=1.00 structure_score=0.50 rsi_score=1.00 adx_score=0.00 volume_score=0.25 macd_score=0.00 total_score=2.75 min_required_score=3.00
2026-04-19 14:15:58,000 - crypto_bot - INFO - FILTER_REJECTION: symbol=ZECUSDT hard_failed=[] soft_failed=['MACD', 'ADX', 'STRUCTURE']
2026-04-19 14:15:58,001 - crypto_bot - INFO - ZECUSDT | signal_trace strict_result=False fallback_executed=False required_filters=None required_filters_result=None score=2.75 rejection_reason=score below adaptive threshold (2.75 < 3.00)
2026-04-19 14:15:58,227 - crypto_bot - INFO - FILTER_CHECK: symbol=API3USDT trend_ok=True structure_state=weak structure_ok=True rsi_ok=True adx_ok=True volume_ok=False macd_ok=False
2026-04-19 14:15:58,228 - crypto_bot - INFO - STRUCTURE_DEBUG: symbol=API3USDT trend=LONG recent_highs=[0.3465, 0.3414, 0.3338, 0.3355, 0.3364] recent_lows=[0.3357, 0.3319, 0.3307, 0.3302, 0.3311] bos_detected=False structure_state=weak reason=no BOS but higher lows / developing uptrend
2026-04-19 14:15:58,228 - crypto_bot - INFO - SCORE_BREAKDOWN: symbol=API3USDT trend_score=1.00 structure_score=0.50 rsi_score=1.00 adx_score=0.50 volume_score=0.00 macd_score=0.00 total_score=3.00 min_required_score=3.00
2026-04-19 14:15:58,229 - crypto_bot - INFO - FILTER_REJECTION: symbol=API3USDT hard_failed=[] soft_failed=['MACD', 'VOLUME', 'STRUCTURE']
2026-04-19 14:15:58,237 - crypto_bot - INFO - ENTRY_RISK_ADJUSTMENT: structure_state=weak position_size_factor=0.50 confirmation_passed=True reason="weak-risk checks passed" symbol=API3USDT
2026-04-19 14:15:58,238 - crypto_bot - INFO - ENTRY_DEBUG: symbol=API3USDT structure_state=weak entry_type=momentum rr=1.60 entry_valid=True reason="adaptive weak entry accepted"
2026-04-19 14:15:58,239 - crypto_bot - INFO - API3USDT | signal_trace strict_result=True fallback_executed=False required_filters=None required_filters_result=None score=3.0 rejection_reason=None
2026-04-19 14:15:58,239 - crypto_bot - INFO - ✅ Signal generated: API3USDT | strict | tf=1h | mode=MAIN | score=3.0 | entry_source=strict | passed_filters=['TREND', 'STRUCTURE', 'RSI', 'ADX'] | failed_filters=[]
2026-04-19 14:15:58,466 - crypto_bot - INFO - FILTER_CHECK: symbol=ZROUSDT trend_ok=True structure_state=weak structure_ok=True rsi_ok=False adx_ok=True volume_ok=False macd_ok=True
2026-04-19 14:15:58,467 - crypto_bot - INFO - STRUCTURE_DEBUG: symbol=ZROUSDT trend=SHORT recent_highs=[1.6309, 1.6038, 1.5638, 1.6211, 1.6532] recent_lows=[1.5942, 1.5565, 1.5, 1.5257, 1.6002] bos_detected=False structure_state=weak reason=no BOS but lower highs / developing downtrend
2026-04-19 14:15:58,467 - crypto_bot - INFO - SCORE_BREAKDOWN: symbol=ZROUSDT trend_score=1.00 structure_score=0.50 rsi_score=0.00 adx_score=0.50 volume_score=0.00 macd_score=1.40 total_score=3.40 min_required_score=3.00
2026-04-19 14:15:58,468 - crypto_bot - INFO - FILTER_REJECTION: symbol=ZROUSDT hard_failed=[] soft_failed=['RSI', 'VOLUME', 'STRUCTURE']
2026-04-19 14:15:58,476 - crypto_bot - INFO - ENTRY_RISK_ADJUSTMENT: structure_state=weak position_size_factor=0.50 confirmation_passed=False reason="impulse candle missing (body_ratio=0.51)" symbol=ZROUSDT
2026-04-19 14:15:58,477 - crypto_bot - INFO - ENTRY_DEBUG: symbol=ZROUSDT structure_state=weak entry_type=continuation rr=0.00 entry_valid=False reason="impulse candle missing (body_ratio=0.51)"
2026-04-19 14:15:58,477 - crypto_bot - INFO - ZROUSDT | signal_trace strict_result=False fallback_executed=True required_filters=None required_filters_result=None score=0.0 rejection_reason=relaxed signals disabled by config
2026-04-19 14:15:58,708 - crypto_bot - INFO - FILTER_CHECK: symbol=RIVERUSDT trend_ok=True structure_state=strong structure_ok=True rsi_ok=False adx_ok=True volume_ok=False macd_ok=True
2026-04-19 14:15:58,708 - crypto_bot - INFO - STRUCTURE_DEBUG: symbol=RIVERUSDT trend=SHORT recent_highs=[6.111, 5.975, 5.748, 5.864, 5.854] recent_lows=[5.958, 5.519, 5.51, 5.648, 5.729] bos_detected=True structure_state=strong reason=BOS confirmed with lower highs
2026-04-19 14:15:58,709 - crypto_bot - INFO - SCORE_BREAKDOWN: symbol=RIVERUSDT trend_score=1.00 structure_score=1.00 rsi_score=0.00 adx_score=0.50 volume_score=0.00 macd_score=1.40 total_score=3.90 min_required_score=4.00
2026-04-19 14:15:58,709 - crypto_bot - INFO - FILTER_REJECTION: symbol=RIVERUSDT hard_failed=[] soft_failed=['RSI', 'VOLUME']
2026-04-19 14:15:58,709 - crypto_bot - INFO - RIVERUSDT | signal_trace strict_result=False fallback_executed=False required_filters=None required_filters_result=None score=3.9 rejection_reason=score below adaptive threshold (3.90 < 4.00)
2026-04-19 14:15:58,944 - crypto_bot - INFO - FILTER_CHECK: symbol=BLURUSDT trend_ok=True structure_state=strong structure_ok=True rsi_ok=False adx_ok=True volume_ok=True macd_ok=True
2026-04-19 14:15:58,945 - crypto_bot - INFO - STRUCTURE_DEBUG: symbol=BLURUSDT trend=LONG recent_highs=[0.028654, 0.033287, 0.031621, 0.030646, 0.031395] recent_lows=[0.027133, 0.028005, 0.02967, 0.029445, 0.029757] bos_detected=True structure_state=strong reason=BOS confirmed with higher lows
2026-04-19 14:15:58,945 - crypto_bot - INFO - SCORE_BREAKDOWN: symbol=BLURUSDT trend_score=1.00 structure_score=1.00 rsi_score=0.00 adx_score=0.50 volume_score=0.25 macd_score=1.40 total_score=4.15 min_required_score=4.00
2026-04-19 14:15:58,946 - crypto_bot - INFO - FILTER_REJECTION: symbol=BLURUSDT hard_failed=[] soft_failed=['RSI']
2026-04-19 14:15:58,954 - crypto_bot - INFO - BLURUSDT | signal_trace strict_result=False fallback_executed=True required_filters=None required_filters_result=None score=0.0 rejection_reason=relaxed signals disabled by config
2026-04-19 14:15:59,183 - crypto_bot - INFO - FILTER_CHECK: symbol=LINKUSDT trend_ok=False structure_state=invalid structure_ok=False rsi_ok=True adx_ok=True volume_ok=False macd_ok=False
2026-04-19 14:15:59,183 - crypto_bot - INFO - STRUCTURE_DEBUG: symbol=LINKUSDT trend=LONG recent_highs=[9.285, 9.244, 9.214, 9.203, 9.18] recent_lows=[9.175, 9.196, 9.143, 9.092, 9.149] bos_detected=False structure_state=invalid reason=lower low detected in uptrend -> invalid
2026-04-19 14:15:59,184 - crypto_bot - INFO - SCORE_BREAKDOWN: symbol=LINKUSDT trend_score=0.00 structure_score=0.00 rsi_score=1.00 adx_score=0.50 volume_score=0.00 macd_score=0.00 total_score=1.50 min_required_score=3.20
2026-04-19 14:15:59,184 - crypto_bot - INFO - FILTER_REJECTION: symbol=LINKUSDT hard_failed=['TREND', 'STRUCTURE'] soft_failed=['MACD', 'VOLUME']
2026-04-19 14:15:59,184 - crypto_bot - INFO - LINKUSDT | signal_trace strict_result=False fallback_executed=False required_filters=None required_filters_result=None score=1.5 rejection_reason=hard filters failed
2026-04-19 14:15:59,411 - crypto_bot - INFO - FILTER_CHECK: symbol=PIEVERSEUSDT trend_ok=True structure_state=weak structure_ok=True rsi_ok=True adx_ok=True volume_ok=False macd_ok=False
2026-04-19 14:15:59,411 - crypto_bot - INFO - STRUCTURE_DEBUG: symbol=PIEVERSEUSDT trend=LONG recent_highs=[0.6227, 0.6161, 0.6066, 0.6192, 0.6148] recent_lows=[0.5864, 0.5886, 0.5669, 0.5938, 0.5782] bos_detected=False structure_state=weak reason=no BOS but higher lows / developing uptrend
2026-04-19 14:15:59,412 - crypto_bot - INFO - SCORE_BREAKDOWN: symbol=PIEVERSEUSDT trend_score=1.00 structure_score=0.50 rsi_score=1.00 adx_score=0.50 volume_score=0.00 macd_score=0.00 total_score=3.00 min_required_score=3.00
2026-04-19 14:15:59,412 - crypto_bot - INFO - FILTER_REJECTION: symbol=PIEVERSEUSDT hard_failed=[] soft_failed=['MACD', 'VOLUME', 'STRUCTURE']
2026-04-19 14:15:59,421 - crypto_bot - INFO - ENTRY_RISK_ADJUSTMENT: structure_state=weak position_size_factor=0.50 confirmation_passed=True reason="weak-risk checks passed" symbol=PIEVERSEUSDT
2026-04-19 14:15:59,422 - crypto_bot - INFO - ENTRY_DEBUG: symbol=PIEVERSEUSDT structure_state=weak entry_type=continuation rr=1.60 entry_valid=True reason="adaptive weak entry accepted"
2026-04-19 14:15:59,423 - crypto_bot - INFO - PIEVERSEUSDT | signal_trace strict_result=True fallback_executed=False required_filters=None required_filters_result=None score=3.0 rejection_reason=None
2026-04-19 14:15:59,423 - crypto_bot - INFO - ✅ Signal generated: PIEVERSEUSDT | strict | tf=1h | mode=MAIN | score=3.0 | entry_source=strict | passed_filters=['TREND', 'STRUCTURE', 'RSI', 'ADX'] | failed_filters=[]
2026-04-19 14:15:59,658 - crypto_bot - INFO - FILTER_CHECK: symbol=MUSDT trend_ok=True structure_state=weak structure_ok=True rsi_ok=True adx_ok=True volume_ok=False macd_ok=False
2026-04-19 14:15:59,659 - crypto_bot - INFO - STRUCTURE_DEBUG: symbol=MUSDT trend=LONG recent_highs=[3.7133, 3.526, 3.6542, 3.5776, 3.5278] recent_lows=[3.4, 3.4087, 3.4777, 3.4816, 3.4657] bos_detected=False structure_state=weak reason=no BOS but higher lows / developing uptrend
2026-04-19 14:15:59,659 - crypto_bot - INFO - SCORE_BREAKDOWN: symbol=MUSDT trend_score=1.00 structure_score=0.50 rsi_score=1.00 adx_score=0.50 volume_score=0.00 macd_score=0.00 total_score=3.00 min_required_score=3.00
2026-04-19 14:15:59,659 - crypto_bot - INFO - FILTER_REJECTION: symbol=MUSDT hard_failed=[] soft_failed=['MACD', 'VOLUME', 'STRUCTURE']
2026-04-19 14:15:59,668 - crypto_bot - INFO - ENTRY_RISK_ADJUSTMENT: structure_state=weak position_size_factor=0.50 confirmation_passed=False reason="impulse candle missing (body_ratio=0.24)" symbol=MUSDT
2026-04-19 14:15:59,668 - crypto_bot - INFO - ENTRY_DEBUG: symbol=MUSDT structure_state=weak entry_type=continuation rr=0.00 entry_valid=False reason="impulse candle missing (body_ratio=0.24)"
2026-04-19 14:15:59,669 - crypto_bot - INFO - MUSDT | signal_trace strict_result=False fallback_executed=True required_filters=None required_filters_result=None score=0.0 rejection_reason=relaxed signals disabled by config
2026-04-19 14:15:59,904 - crypto_bot - INFO - FILTER_CHECK: symbol=NEARUSDT trend_ok=True structure_state=weak structure_ok=True rsi_ok=False adx_ok=True volume_ok=False macd_ok=False
2026-04-19 14:15:59,904 - crypto_bot - INFO - STRUCTURE_DEBUG: symbol=NEARUSDT trend=SHORT recent_highs=[1.3563, 1.3543, 1.3431, 1.3364, 1.3372] recent_lows=[1.3402, 1.3348, 1.3287, 1.3204, 1.3298] bos_detected=True structure_state=weak reason=no BOS but lower highs / developing downtrend
2026-04-19 14:15:59,905 - crypto_bot - INFO - SCORE_BREAKDOWN: symbol=NEARUSDT trend_score=1.00 structure_score=0.50 rsi_score=0.00 adx_score=0.50 volume_score=0.00 macd_score=0.00 total_score=2.00 min_required_score=3.00
2026-04-19 14:15:59,905 - crypto_bot - INFO - FILTER_REJECTION: symbol=NEARUSDT hard_failed=[] soft_failed=['RSI', 'MACD', 'VOLUME', 'STRUCTURE']
2026-04-19 14:15:59,905 - crypto_bot - INFO - NEARUSDT | signal_trace strict_result=False fallback_executed=False required_filters=None required_filters_result=None score=2.0 rejection_reason=score below adaptive threshold (2.00 < 3.00)
2026-04-19 14:16:00,139 - crypto_bot - INFO - FILTER_CHECK: symbol=ALICEUSDT trend_ok=True structure_state=weak structure_ok=True rsi_ok=True adx_ok=True volume_ok=False macd_ok=False
2026-04-19 14:16:00,139 - crypto_bot - INFO - STRUCTURE_DEBUG: symbol=ALICEUSDT trend=LONG recent_highs=[0.15897, 0.1519, 0.15139, 0.16317, 0.17105] recent_lows=[0.14783, 0.14544, 0.14433, 0.14928, 0.15442] bos_detected=False structure_state=weak reason=no BOS but higher lows / developing uptrend
2026-04-19 14:16:00,139 - crypto_bot - INFO - SCORE_BREAKDOWN: symbol=ALICEUSDT trend_score=1.00 structure_score=0.50 rsi_score=1.00 adx_score=0.50 volume_score=0.00 macd_score=0.00 total_score=3.00 min_required_score=3.00
2026-04-19 14:16:00,140 - crypto_bot - INFO - FILTER_REJECTION: symbol=ALICEUSDT hard_failed=[] soft_failed=['MACD', 'VOLUME', 'STRUCTURE']
2026-04-19 14:16:00,148 - crypto_bot - INFO - ENTRY_RISK_ADJUSTMENT: structure_state=weak position_size_factor=0.50 confirmation_passed=False reason="impulse candle missing (body_ratio=0.48)" symbol=ALICEUSDT
2026-04-19 14:16:00,148 - crypto_bot - INFO - ENTRY_DEBUG: symbol=ALICEUSDT structure_state=weak entry_type=continuation rr=0.00 entry_valid=False reason="impulse candle missing (body_ratio=0.48)"
2026-04-19 14:16:00,149 - crypto_bot - INFO - ALICEUSDT | signal_trace strict_result=False fallback_executed=True required_filters=None required_filters_result=None score=0.0 rejection_reason=relaxed signals disabled by config
2026-04-19 14:16:00,381 - crypto_bot - INFO - FILTER_CHECK: symbol=WLDUSDT trend_ok=True structure_state=weak structure_ok=True rsi_ok=False adx_ok=True volume_ok=True macd_ok=False
2026-04-19 14:16:00,381 - crypto_bot - INFO - STRUCTURE_DEBUG: symbol=WLDUSDT trend=SHORT recent_highs=[0.2615, 0.2605, 0.262, 0.2621, 0.2612] recent_lows=[0.2586, 0.2586, 0.2578, 0.2584, 0.2594] bos_detected=False structure_state=weak reason=no BOS but lower highs / developing downtrend
2026-04-19 14:16:00,382 - crypto_bot - INFO - SCORE_BREAKDOWN: symbol=WLDUSDT trend_score=1.00 structure_score=0.50 rsi_score=0.00 adx_score=0.50 volume_score=0.25 macd_score=0.00 total_score=2.25 min_required_score=3.00
2026-04-19 14:16:00,382 - crypto_bot - INFO - FILTER_REJECTION: symbol=WLDUSDT hard_failed=[] soft_failed=['RSI', 'MACD', 'STRUCTURE']
2026-04-19 14:16:00,383 - crypto_bot - INFO - WLDUSDT | signal_trace strict_result=False fallback_executed=False required_filters=None required_filters_result=None score=2.25 rejection_reason=score below adaptive threshold (2.25 < 3.00)
2026-04-19 14:16:00,609 - crypto_bot - INFO - FILTER_CHECK: symbol=AVAXUSDT trend_ok=True structure_state=invalid structure_ok=False rsi_ok=True adx_ok=True volume_ok=False macd_ok=False
2026-04-19 14:16:00,609 - crypto_bot - INFO - STRUCTURE_DEBUG: symbol=AVAXUSDT trend=LONG recent_highs=[9.316, 9.308, 9.3, 9.274, 9.213] recent_lows=[9.242, 9.262, 9.223, 9.122, 9.171] bos_detected=False structure_state=invalid reason=lower low detected in uptrend -> invalid
2026-04-19 14:16:00,610 - crypto_bot - INFO - SCORE_BREAKDOWN: symbol=AVAXUSDT trend_score=1.00 structure_score=0.00 rsi_score=1.00 adx_score=0.50 volume_score=0.00 macd_score=0.00 total_score=2.50 min_required_score=3.20
2026-04-19 14:16:00,610 - crypto_bot - INFO - FILTER_REJECTION: symbol=AVAXUSDT hard_failed=['STRUCTURE'] soft_failed=['MACD', 'VOLUME']
2026-04-19 14:16:00,610 - crypto_bot - INFO - AVAXUSDT | signal_trace strict_result=False fallback_executed=False required_filters=None required_filters_result=None score=2.5 rejection_reason=hard filters failed
2026-04-19 14:16:00,846 - crypto_bot - INFO - FILTER_CHECK: symbol=DOTUSDT trend_ok=False structure_state=invalid structure_ok=False rsi_ok=True adx_ok=True volume_ok=False macd_ok=False
2026-04-19 14:16:00,846 - crypto_bot - INFO - STRUCTURE_DEBUG: symbol=DOTUSDT trend=LONG recent_highs=[1.2793, 1.2761, 1.2665, 1.2646, 1.26] recent_lows=[1.2637, 1.2646, 1.2555, 1.246, 1.2546] bos_detected=False structure_state=invalid reason=lower low detected in uptrend -> invalid
2026-04-19 14:16:00,847 - crypto_bot - INFO - SCORE_BREAKDOWN: symbol=DOTUSDT trend_score=0.00 structure_score=0.00 rsi_score=1.00 adx_score=0.50 volume_score=0.00 macd_score=0.00 total_score=1.50 min_required_score=3.20
2026-04-19 14:16:00,847 - crypto_bot - INFO - FILTER_REJECTION: symbol=DOTUSDT hard_failed=['TREND', 'STRUCTURE'] soft_failed=['MACD', 'VOLUME']
2026-04-19 14:16:00,847 - crypto_bot - INFO - DOTUSDT | signal_trace strict_result=False fallback_executed=False required_filters=None required_filters_result=None score=1.5 rejection_reason=hard filters failed
2026-04-19 14:16:01,084 - crypto_bot - INFO - FILTER_CHECK: symbol=XPLUSDT trend_ok=True structure_state=strong structure_ok=True rsi_ok=False adx_ok=True volume_ok=False macd_ok=False
2026-04-19 14:16:01,084 - crypto_bot - INFO - STRUCTURE_DEBUG: symbol=XPLUSDT trend=SHORT recent_highs=[0.10849, 0.10758, 0.10678, 0.10667, 0.10542] recent_lows=[0.10683, 0.10502, 0.10464, 0.1047, 0.10386] bos_detected=True structure_state=strong reason=BOS confirmed with lower highs
2026-04-19 14:16:01,085 - crypto_bot - INFO - SCORE_BREAKDOWN: symbol=XPLUSDT trend_score=1.00 structure_score=1.00 rsi_score=0.00 adx_score=0.50 volume_score=0.00 macd_score=0.00 total_score=2.50 min_required_score=4.00
2026-04-19 14:16:01,085 - crypto_bot - INFO - FILTER_REJECTION: symbol=XPLUSDT hard_failed=[] soft_failed=['RSI', 'MACD', 'VOLUME']
2026-04-19 14:16:01,085 - crypto_bot - INFO - XPLUSDT | signal_trace strict_result=False fallback_executed=False required_filters=None required_filters_result=None score=2.5 rejection_reason=score below adaptive threshold (2.50 < 4.00)
2026-04-19 14:16:01,320 - crypto_bot - INFO - FILTER_CHECK: symbol=BNBUSDT trend_ok=True structure_state=weak structure_ok=True rsi_ok=True adx_ok=True volume_ok=True macd_ok=False
2026-04-19 14:16:01,320 - crypto_bot - INFO - STRUCTURE_DEBUG: symbol=BNBUSDT trend=LONG recent_highs=[624.2, 623.2, 623.1, 622.5, 621.1] recent_lows=[619.8, 621.4, 619.5, 617.8, 617.8] bos_detected=False structure_state=weak reason=no BOS but higher lows / developing uptrend
2026-04-19 14:16:01,321 - crypto_bot - INFO - SCORE_BREAKDOWN: symbol=BNBUSDT trend_score=1.00 structure_score=0.50 rsi_score=1.00 adx_score=0.50 volume_score=0.25 macd_score=0.00 total_score=3.25 min_required_score=3.00
2026-04-19 14:16:01,321 - crypto_bot - INFO - FILTER_REJECTION: symbol=BNBUSDT hard_failed=[] soft_failed=['MACD', 'STRUCTURE']
2026-04-19 14:16:01,331 - crypto_bot - INFO - ENTRY_RISK_ADJUSTMENT: structure_state=weak position_size_factor=0.50 confirmation_passed=False reason="impulse candle missing (body_ratio=0.52)" symbol=BNBUSDT
2026-04-19 14:16:01,331 - crypto_bot - INFO - ENTRY_DEBUG: symbol=BNBUSDT structure_state=weak entry_type=continuation rr=0.00 entry_valid=False reason="impulse candle missing (body_ratio=0.52)"
2026-04-19 14:16:01,331 - crypto_bot - INFO - BNBUSDT | signal_trace strict_result=False fallback_executed=True required_filters=None required_filters_result=None score=0.0 rejection_reason=relaxed signals disabled by config
2026-04-19 14:16:01,557 - crypto_bot - INFO - FILTER_CHECK: symbol=DYDXUSDT trend_ok=True structure_state=strong structure_ok=True rsi_ok=False adx_ok=True volume_ok=True macd_ok=True
2026-04-19 14:16:01,558 - crypto_bot - INFO - STRUCTURE_DEBUG: symbol=DYDXUSDT trend=LONG recent_highs=[0.14537, 0.14802, 0.14705, 0.14754, 0.1495] recent_lows=[0.14206, 0.1436, 0.14284, 0.14412, 0.14527] bos_detected=True structure_state=strong reason=BOS confirmed with higher lows
2026-04-19 14:16:01,558 - crypto_bot - INFO - SCORE_BREAKDOWN: symbol=DYDXUSDT trend_score=1.00 structure_score=1.00 rsi_score=0.00 adx_score=0.50 volume_score=0.25 macd_score=1.40 total_score=4.15 min_required_score=4.00
2026-04-19 14:16:01,559 - crypto_bot - INFO - FILTER_REJECTION: symbol=DYDXUSDT hard_failed=[] soft_failed=['RSI']
2026-04-19 14:16:01,569 - crypto_bot - INFO - DYDXUSDT | signal_trace strict_result=False fallback_executed=True required_filters=None required_filters_result=None score=0.0 rejection_reason=relaxed signals disabled by config
2026-04-19 14:16:01,805 - crypto_bot - INFO - FILTER_CHECK: symbol=PROMUSDT trend_ok=True structure_state=weak structure_ok=True rsi_ok=True adx_ok=True volume_ok=False macd_ok=False
2026-04-19 14:16:01,806 - crypto_bot - INFO - STRUCTURE_DEBUG: symbol=PROMUSDT trend=LONG recent_highs=[2.2976, 2.198, 2.1176, 2.062, 2.2019] recent_lows=[2.1104, 2.0436, 1.9761, 1.9905, 2.022] bos_detected=False structure_state=weak reason=no BOS but higher lows / developing uptrend
2026-04-19 14:16:01,806 - crypto_bot - INFO - SCORE_BREAKDOWN: symbol=PROMUSDT trend_score=1.00 structure_score=0.50 rsi_score=1.00 adx_score=0.50 volume_score=0.00 macd_score=0.00 total_score=3.00 min_required_score=3.00
2026-04-19 14:16:01,806 - crypto_bot - INFO - FILTER_REJECTION: symbol=PROMUSDT hard_failed=[] soft_failed=['MACD', 'VOLUME', 'STRUCTURE']
2026-04-19 14:16:01,814 - crypto_bot - INFO - ENTRY_RISK_ADJUSTMENT: structure_state=weak position_size_factor=0.50 confirmation_passed=False reason="impulse candle missing (body_ratio=0.22)" symbol=PROMUSDT
2026-04-19 14:16:01,815 - crypto_bot - INFO - ENTRY_DEBUG: symbol=PROMUSDT structure_state=weak entry_type=continuation rr=0.00 entry_valid=False reason="impulse candle missing (body_ratio=0.22)"
2026-04-19 14:16:01,815 - crypto_bot - INFO - PROMUSDT | signal_trace strict_result=False fallback_executed=True required_filters=None required_filters_result=None score=0.0 rejection_reason=relaxed signals disabled by config
2026-04-19 14:16:02,042 - crypto_bot - INFO - FILTER_CHECK: symbol=REQUSDT trend_ok=True structure_state=weak structure_ok=True rsi_ok=True adx_ok=True volume_ok=True macd_ok=False
2026-04-19 14:16:02,043 - crypto_bot - INFO - STRUCTURE_DEBUG: symbol=REQUSDT trend=LONG recent_highs=[0.14662, 0.12653, 0.11712, 0.12774, 0.12222] recent_lows=[0.11463, 0.11472, 0.10747, 0.10851, 0.11089] bos_detected=False structure_state=weak reason=no BOS but higher lows / developing uptrend
2026-04-19 14:16:02,043 - crypto_bot - INFO - SCORE_BREAKDOWN: symbol=REQUSDT trend_score=1.00 structure_score=0.50 rsi_score=1.00 adx_score=0.50 volume_score=0.25 macd_score=0.00 total_score=3.25 min_required_score=3.00
2026-04-19 14:16:02,044 - crypto_bot - INFO - FILTER_REJECTION: symbol=REQUSDT hard_failed=[] soft_failed=['MACD', 'STRUCTURE']
2026-04-19 14:16:02,053 - crypto_bot - INFO - ENTRY_RISK_ADJUSTMENT: structure_state=weak position_size_factor=0.50 confirmation_passed=False reason="impulse candle missing (body_ratio=0.27)" symbol=REQUSDT
2026-04-19 14:16:02,053 - crypto_bot - INFO - ENTRY_DEBUG: symbol=REQUSDT structure_state=weak entry_type=continuation rr=0.00 entry_valid=False reason="impulse candle missing (body_ratio=0.27)"
2026-04-19 14:16:02,054 - crypto_bot - INFO - REQUSDT | signal_trace strict_result=False fallback_executed=True required_filters=None required_filters_result=None score=0.0 rejection_reason=relaxed signals disabled by config
2026-04-19 14:16:02,287 - crypto_bot - INFO - FILTER_CHECK: symbol=ARKMUSDT trend_ok=True structure_state=strong structure_ok=True rsi_ok=False adx_ok=True volume_ok=True macd_ok=True
2026-04-19 14:16:02,288 - crypto_bot - INFO - STRUCTURE_DEBUG: symbol=ARKMUSDT trend=LONG recent_highs=[0.12917, 0.12831, 0.13001, 0.13061, 0.13499] recent_lows=[0.12505, 0.12582, 0.12604, 0.12719, 0.12932] bos_detected=True structure_state=strong reason=BOS confirmed with higher lows
2026-04-19 14:16:02,288 - crypto_bot - INFO - SCORE_BREAKDOWN: symbol=ARKMUSDT trend_score=1.00 structure_score=1.00 rsi_score=0.00 adx_score=0.50 volume_score=0.25 macd_score=1.40 total_score=4.15 min_required_score=4.00
2026-04-19 14:16:02,288 - crypto_bot - INFO - FILTER_REJECTION: symbol=ARKMUSDT hard_failed=[] soft_failed=['RSI']
2026-04-19 14:16:02,297 - crypto_bot - INFO - ARKMUSDT | signal_trace strict_result=False fallback_executed=True required_filters=None required_filters_result=None score=0.0 rejection_reason=relaxed signals disabled by config
2026-04-19 14:16:02,535 - crypto_bot - INFO - FILTER_CHECK: symbol=IPUSDT trend_ok=False structure_state=weak structure_ok=True rsi_ok=True adx_ok=True volume_ok=False macd_ok=False
2026-04-19 14:16:02,535 - crypto_bot - INFO - STRUCTURE_DEBUG: symbol=IPUSDT trend=LONG recent_highs=[0.5331, 0.5285, 0.522, 0.5219, 0.5195] recent_lows=[0.526, 0.5193, 0.5176, 0.5143, 0.5158] bos_detected=False structure_state=weak reason=no BOS but higher lows / developing uptrend
2026-04-19 14:16:02,536 - crypto_bot - INFO - SCORE_BREAKDOWN: symbol=IPUSDT trend_score=0.00 structure_score=0.50 rsi_score=1.00 adx_score=0.50 volume_score=0.00 macd_score=0.00 total_score=2.00 min_required_score=3.00
2026-04-19 14:16:02,536 - crypto_bot - INFO - FILTER_REJECTION: symbol=IPUSDT hard_failed=['TREND'] soft_failed=['MACD', 'VOLUME', 'STRUCTURE']
2026-04-19 14:16:02,537 - crypto_bot - INFO - IPUSDT | signal_trace strict_result=False fallback_executed=False required_filters=None required_filters_result=None score=2.0 rejection_reason=hard filters failed
2026-04-19 14:16:02,786 - crypto_bot - INFO - FILTER_CHECK: symbol=MONUSDT trend_ok=True structure_state=weak structure_ok=True rsi_ok=False adx_ok=True volume_ok=True macd_ok=False
2026-04-19 14:16:02,787 - crypto_bot - INFO - STRUCTURE_DEBUG: symbol=MONUSDT trend=SHORT recent_highs=[0.032227, 0.032456, 0.032768, 0.032745, 0.032485] recent_lows=[0.031799, 0.032049, 0.032045, 0.03217, 0.032011] bos_detected=False structure_state=weak reason=no BOS but lower highs / developing downtrend
2026-04-19 14:16:02,788 - crypto_bot - INFO - SCORE_BREAKDOWN: symbol=MONUSDT trend_score=1.00 structure_score=0.50 rsi_score=0.00 adx_score=0.50 volume_score=0.25 macd_score=0.00 total_score=2.25 min_required_score=3.00
2026-04-19 14:16:02,788 - crypto_bot - INFO - FILTER_REJECTION: symbol=MONUSDT hard_failed=[] soft_failed=['RSI', 'MACD', 'STRUCTURE']
2026-04-19 14:16:02,788 - crypto_bot - INFO - MONUSDT | signal_trace strict_result=False fallback_executed=False required_filters=None required_filters_result=None score=2.25 rejection_reason=score below adaptive threshold (2.25 < 3.00)
2026-04-19 14:16:02,789 - crypto_bot - INFO - 📊 Total signals after scan: 2
2026-04-19 14:16:02,789 - crypto_bot - INFO -  STRICT_PIPELINE_METRICS: potential_signals=10 strict_signals=2 raw_candidates=37
2026-04-19 14:16:02,790 - crypto_bot - INFO - AUTO_DIAGNOSTIC: potential_signals=10 strict_signals=2 scalping_signals=0 avg_score=1.36 rejection_top_reasons=[('relaxed signals disabled by config', 15), ('hard filters failed', 11), ('score below adaptive threshold (2.00 < 3.00)', 2)]
2026-04-19 14:16:02,790 - crypto_bot - INFO - AUTO_DIAGNOSTIC_EXTENDED: main_signal_count=2 scalping_signal_count=0 avg_score_main=3.00 avg_score_scalping=0.00
2026-04-19 14:16:02,791 - crypto_bot - INFO - 📊 Signals found: 2
2026-04-19 14:16:02,791 - crypto_bot - INFO - SIGNAL_DECISION: symbol=API3USDT mode=MAIN status=IGNORE score=3.00 threshold=3.20 entry_source=strict reason=OPEN
2026-04-19 14:16:02,793 - crypto_bot - INFO - SIGNAL_IGNORED_NO_IMPROVEMENT: symbol=API3USDT mode=MAIN entry_source=strict action=IGNORE reason=both below upgrade threshold
2026-04-19 14:16:02,793 - crypto_bot - INFO - SIGNAL_DECISION: symbol=PIEVERSEUSDT mode=MAIN status=IGNORE score=3.00 threshold=3.20 entry_source=strict reason=OPEN
2026-04-19 14:16:02,795 - crypto_bot - INFO - SIGNAL_IGNORED_NO_IMPROVEMENT: symbol=PIEVERSEUSDT mode=MAIN entry_source=strict action=IGNORE reason=both below upgrade threshold
2026-04-19 14:16:02,795 - crypto_bot - INFO - AUTO_DIAGNOSTIC_PORTFOLIO: avg_portfolio_risk=0.00 avg_exposure=0.00 signals_blocked_by_risk=9 signals_scaled_by_risk=0
2026-04-19 14:16:02,795 - crypto_bot - INFO - ⏳ Sleeping for 300 seconds
2026-04-19 14:21:02,820 - crypto_bot - INFO - 🔍 Starting market scan for top-50 symbols...
2026-04-19 14:21:03,630 - crypto_bot - INFO - [MARKET] get_top_usdt_pairs prepared 534 liquid swap symbols
2026-04-19 14:21:03,631 - crypto_bot - INFO - 📈 Top-50 symbols fetched: 50
2026-04-19 14:21:03,631 - crypto_bot - INFO - 🔥 Active symbols after filter: 38 / 50
2026-04-19 14:21:03,632 - crypto_bot - INFO -  RAW_CANDIDATES_BEFORE_STRICT_FILTERS: count=38 mode=MAIN
2026-04-19 14:21:04,104 - crypto_bot - INFO - FILTER_CHECK: symbol=ETHUSDT trend_ok=False structure_state=invalid structure_ok=False rsi_ok=True adx_ok=True volume_ok=False macd_ok=False
2026-04-19 14:21:04,104 - crypto_bot - INFO - STRUCTURE_DEBUG: symbol=ETHUSDT trend=LONG recent_highs=[2344.99, 2337.32, 2331.72, 2326.32, 2319.76] recent_lows=[2320.0, 2327.43, 2319.66, 2294.43, 2309.67] bos_detected=False structure_state=invalid reason=lower low detected in uptrend -> invalid
2026-04-19 14:21:04,105 - crypto_bot - INFO - SCORE_BREAKDOWN: symbol=ETHUSDT trend_score=0.00 structure_score=0.00 rsi_score=1.00 adx_score=0.50 volume_score=0.00 macd_score=0.00 total_score=1.50 min_required_score=3.20
2026-04-19 14:21:04,105 - crypto_bot - INFO - FILTER_REJECTION: symbol=ETHUSDT hard_failed=['TREND', 'STRUCTURE'] soft_failed=['MACD', 'VOLUME']
2026-04-19 14:21:04,105 - crypto_bot - INFO - ETHUSDT | signal_trace strict_result=False fallback_executed=False required_filters=None required_filters_result=None score=1.5 rejection_reason=hard filters failed
2026-04-19 14:21:04,331 - crypto_bot - INFO - FILTER_CHECK: symbol=RAVEUSDT trend_ok=True structure_state=weak structure_ok=True rsi_ok=False adx_ok=True volume_ok=False macd_ok=False
2026-04-19 14:21:04,331 - crypto_bot - INFO - STRUCTURE_DEBUG: symbol=RAVEUSDT trend=SHORT recent_highs=[1.75, 1.52425, 1.71747, 1.47373, 1.36903] recent_lows=[1.15206, 1.12455, 1.28858, 1.14125, 1.21237] bos_detected=False structure_state=weak reason=no BOS but lower highs / developing downtrend
2026-04-19 14:21:04,332 - crypto_bot - INFO - SCORE_BREAKDOWN: symbol=RAVEUSDT trend_score=1.00 structure_score=0.50 rsi_score=0.00 adx_score=0.50 volume_score=0.00 macd_score=0.00 total_score=2.00 min_required_score=3.00
2026-04-19 14:21:04,332 - crypto_bot - INFO - FILTER_REJECTION: symbol=RAVEUSDT hard_failed=[] soft_failed=['RSI', 'MACD', 'VOLUME', 'STRUCTURE']
2026-04-19 14:21:04,332 - crypto_bot - INFO - RAVEUSDT | signal_trace strict_result=False fallback_executed=False required_filters=None required_filters_result=None score=2.0 rejection_reason=score below adaptive threshold (2.00 < 3.00)
2026-04-19 14:21:04,563 - crypto_bot - INFO - FILTER_CHECK: symbol=SOLUSDT trend_ok=False structure_state=invalid structure_ok=False rsi_ok=True adx_ok=True volume_ok=True macd_ok=False
2026-04-19 14:21:04,563 - crypto_bot - INFO - STRUCTURE_DEBUG: symbol=SOLUSDT trend=LONG recent_highs=[85.93, 85.77, 85.62, 85.4, 85.08] recent_lows=[85.1, 85.34, 85.09, 84.36, 84.54] bos_detected=False structure_state=invalid reason=lower low detected in uptrend -> invalid
2026-04-19 14:21:04,564 - crypto_bot - INFO - SCORE_BREAKDOWN: symbol=SOLUSDT trend_score=0.00 structure_score=0.00 rsi_score=1.00 adx_score=0.50 volume_score=0.25 macd_score=0.00 total_score=1.75 min_required_score=3.20
2026-04-19 14:21:04,564 - crypto_bot - INFO - FILTER_REJECTION: symbol=SOLUSDT hard_failed=['TREND', 'STRUCTURE'] soft_failed=['MACD']
2026-04-19 14:21:04,564 - crypto_bot - INFO - SOLUSDT | signal_trace strict_result=False fallback_executed=False required_filters=None required_filters_result=None score=1.75 rejection_reason=hard filters failed
2026-04-19 14:21:04,794 - crypto_bot - INFO - FILTER_CHECK: symbol=AAVEUSDT trend_ok=False structure_state=invalid structure_ok=False rsi_ok=True adx_ok=True volume_ok=False macd_ok=False
2026-04-19 14:21:04,795 - crypto_bot - INFO - STRUCTURE_DEBUG: symbol=AAVEUSDT trend=LONG recent_highs=[95.42, 95.26, 92.97, 92.7, 92.75] recent_lows=[92.78, 92.87, 91.26, 91.34, 90.36] bos_detected=False structure_state=invalid reason=lower low detected in uptrend -> invalid
2026-04-19 14:21:04,795 - crypto_bot - INFO - SCORE_BREAKDOWN: symbol=AAVEUSDT trend_score=0.00 structure_score=0.00 rsi_score=1.00 adx_score=0.50 volume_score=0.00 macd_score=0.00 total_score=1.50 min_required_score=3.20
2026-04-19 14:21:04,795 - crypto_bot - INFO - FILTER_REJECTION: symbol=AAVEUSDT hard_failed=['TREND', 'STRUCTURE'] soft_failed=['MACD', 'VOLUME']
2026-04-19 14:21:04,796 - crypto_bot - INFO - AAVEUSDT | signal_trace strict_result=False fallback_executed=False required_filters=None required_filters_result=None score=1.5 rejection_reason=hard filters failed
2026-04-19 14:21:05,020 - crypto_bot - INFO - FILTER_CHECK: symbol=HIGHUSDT trend_ok=True structure_state=weak structure_ok=True rsi_ok=True adx_ok=True volume_ok=True macd_ok=True
2026-04-19 14:21:05,020 - crypto_bot - INFO - STRUCTURE_DEBUG: symbol=HIGHUSDT trend=LONG recent_highs=[0.27148, 0.25901, 0.3, 0.37568, 0.44932] recent_lows=[0.24331, 0.24597, 0.24131, 0.27469, 0.33346] bos_detected=False structure_state=weak reason=no BOS but higher lows / developing uptrend
2026-04-19 14:21:05,021 - crypto_bot - INFO - SCORE_BREAKDOWN: symbol=HIGHUSDT trend_score=1.00 structure_score=0.50 rsi_score=1.00 adx_score=0.50 volume_score=0.25 macd_score=1.40 total_score=4.65 min_required_score=3.00
2026-04-19 14:21:05,021 - crypto_bot - INFO - FILTER_REJECTION: symbol=HIGHUSDT hard_failed=[] soft_failed=['STRUCTURE']
2026-04-19 14:21:05,031 - crypto_bot - INFO - ENTRY_RISK_ADJUSTMENT: structure_state=weak position_size_factor=0.50 confirmation_passed=False reason="impulse candle missing (body_ratio=0.74)" symbol=HIGHUSDT
2026-04-19 14:21:05,031 - crypto_bot - INFO - ENTRY_DEBUG: symbol=HIGHUSDT structure_state=weak entry_type=continuation rr=0.00 entry_valid=False reason="impulse candle missing (body_ratio=0.74)"
2026-04-19 14:21:05,032 - crypto_bot - INFO - HIGHUSDT | signal_trace strict_result=False fallback_executed=True required_filters=None required_filters_result=None score=0.0 rejection_reason=relaxed signals disabled by config
2026-04-19 14:21:05,256 - crypto_bot - INFO - FILTER_CHECK: symbol=ORDIUSDT trend_ok=True structure_state=weak structure_ok=True rsi_ok=True adx_ok=True volume_ok=False macd_ok=True
2026-04-19 14:21:05,256 - crypto_bot - INFO - STRUCTURE_DEBUG: symbol=ORDIUSDT trend=LONG recent_highs=[4.238, 4.579, 4.658, 4.686, 4.745] recent_lows=[3.84, 3.85, 4.366, 4.331, 4.468] bos_detected=False structure_state=weak reason=no BOS but higher lows / developing uptrend
2026-04-19 14:21:05,257 - crypto_bot - INFO - SCORE_BREAKDOWN: symbol=ORDIUSDT trend_score=1.00 structure_score=0.50 rsi_score=1.00 adx_score=0.50 volume_score=0.00 macd_score=1.40 total_score=4.40 min_required_score=3.00
2026-04-19 14:21:05,257 - crypto_bot - INFO - FILTER_REJECTION: symbol=ORDIUSDT hard_failed=[] soft_failed=['VOLUME', 'STRUCTURE']
2026-04-19 14:21:05,266 - crypto_bot - INFO - ENTRY_RISK_ADJUSTMENT: structure_state=weak position_size_factor=0.50 confirmation_passed=False reason="impulse candle missing (body_ratio=0.44)" symbol=ORDIUSDT
2026-04-19 14:21:05,266 - crypto_bot - INFO - ENTRY_DEBUG: symbol=ORDIUSDT structure_state=weak entry_type=continuation rr=0.00 entry_valid=False reason="impulse candle missing (body_ratio=0.44)"
2026-04-19 14:21:05,267 - crypto_bot - INFO - ORDIUSDT | signal_trace strict_result=False fallback_executed=True required_filters=None required_filters_result=None score=0.0 rejection_reason=relaxed signals disabled by config
2026-04-19 14:21:05,492 - crypto_bot - INFO - FILTER_CHECK: symbol=DOGEUSDT trend_ok=False structure_state=invalid structure_ok=False rsi_ok=True adx_ok=True volume_ok=True macd_ok=True
2026-04-19 14:21:05,493 - crypto_bot - INFO - STRUCTURE_DEBUG: symbol=DOGEUSDT trend=LONG recent_highs=[0.09478, 0.09516, 0.09501, 0.09484, 0.09422] recent_lows=[0.09405, 0.0945, 0.09443, 0.09334, 0.09387] bos_detected=False structure_state=invalid reason=lower low detected in uptrend -> invalid
2026-04-19 14:21:05,493 - crypto_bot - INFO - SCORE_BREAKDOWN: symbol=DOGEUSDT trend_score=0.00 structure_score=0.00 rsi_score=1.00 adx_score=0.50 volume_score=0.25 macd_score=1.40 total_score=3.15 min_required_score=3.20
2026-04-19 14:21:05,493 - crypto_bot - INFO - FILTER_REJECTION: symbol=DOGEUSDT hard_failed=['TREND', 'STRUCTURE'] soft_failed=[]
2026-04-19 14:21:05,494 - crypto_bot - INFO - DOGEUSDT | signal_trace strict_result=False fallback_executed=False required_filters=None required_filters_result=None score=3.15 rejection_reason=hard filters failed
2026-04-19 14:21:05,739 - crypto_bot - INFO - FILTER_CHECK: symbol=1000PEPEUSDT trend_ok=False structure_state=weak structure_ok=True rsi_ok=True adx_ok=True volume_ok=True macd_ok=True
2026-04-19 14:21:05,740 - crypto_bot - INFO - STRUCTURE_DEBUG: symbol=1000PEPEUSDT trend=LONG recent_highs=[0.003775, 0.003793, 0.003806, 0.003784, 0.003759] recent_lows=[0.003736, 0.003748, 0.003745, 0.003715, 0.003737] bos_detected=False structure_state=weak reason=no BOS but higher lows / developing uptrend
2026-04-19 14:21:05,740 - crypto_bot - INFO - SCORE_BREAKDOWN: symbol=1000PEPEUSDT trend_score=0.00 structure_score=0.50 rsi_score=1.00 adx_score=0.50 volume_score=0.25 macd_score=1.40 total_score=3.65 min_required_score=3.00
2026-04-19 14:21:05,741 - crypto_bot - INFO - FILTER_REJECTION: symbol=1000PEPEUSDT hard_failed=['TREND'] soft_failed=['STRUCTURE']
2026-04-19 14:21:05,741 - crypto_bot - INFO - 1000PEPEUSDT | signal_trace strict_result=False fallback_executed=False required_filters=None required_filters_result=None score=3.65 rejection_reason=hard filters failed
2026-04-19 14:21:05,968 - crypto_bot - INFO - FILTER_CHECK: symbol=HYPEUSDT trend_ok=False structure_state=invalid structure_ok=False rsi_ok=True adx_ok=True volume_ok=True macd_ok=False
2026-04-19 14:21:05,968 - crypto_bot - INFO - STRUCTURE_DEBUG: symbol=HYPEUSDT trend=LONG recent_highs=[43.619, 43.662, 43.452, 43.442, 43.326] recent_lows=[43.3, 43.412, 43.161, 42.869, 43.062] bos_detected=False structure_state=invalid reason=lower low detected in uptrend -> invalid
2026-04-19 14:21:05,969 - crypto_bot - INFO - SCORE_BREAKDOWN: symbol=HYPEUSDT trend_score=0.00 structure_score=0.00 rsi_score=1.00 adx_score=0.50 volume_score=0.25 macd_score=0.00 total_score=1.75 min_required_score=3.20
2026-04-19 14:21:05,969 - crypto_bot - INFO - FILTER_REJECTION: symbol=HYPEUSDT hard_failed=['TREND', 'STRUCTURE'] soft_failed=['MACD']
2026-04-19 14:21:05,970 - crypto_bot - INFO - HYPEUSDT | signal_trace strict_result=False fallback_executed=False required_filters=None required_filters_result=None score=1.75 rejection_reason=hard filters failed
2026-04-19 14:21:06,423 - crypto_bot - INFO - FILTER_CHECK: symbol=ADAUSDT trend_ok=False structure_state=invalid structure_ok=False rsi_ok=True adx_ok=True volume_ok=False macd_ok=False
2026-04-19 14:21:06,423 - crypto_bot - INFO - STRUCTURE_DEBUG: symbol=ADAUSDT trend=LONG recent_highs=[0.2487, 0.2488, 0.2478, 0.2471, 0.246] recent_lows=[0.2459, 0.247, 0.2458, 0.2442, 0.2448] bos_detected=False structure_state=invalid reason=lower low detected in uptrend -> invalid
2026-04-19 14:21:06,424 - crypto_bot - INFO - SCORE_BREAKDOWN: symbol=ADAUSDT trend_score=0.00 structure_score=0.00 rsi_score=1.00 adx_score=0.50 volume_score=0.00 macd_score=0.00 total_score=1.50 min_required_score=3.20
2026-04-19 14:21:06,424 - crypto_bot - INFO - FILTER_REJECTION: symbol=ADAUSDT hard_failed=['TREND', 'STRUCTURE'] soft_failed=['MACD', 'VOLUME']
2026-04-19 14:21:06,424 - crypto_bot - INFO - ADAUSDT | signal_trace strict_result=False fallback_executed=False required_filters=None required_filters_result=None score=1.5 rejection_reason=hard filters failed
2026-04-19 14:21:06,654 - crypto_bot - INFO - FILTER_CHECK: symbol=SUIUSDT trend_ok=False structure_state=weak structure_ok=True rsi_ok=True adx_ok=True volume_ok=False macd_ok=True
2026-04-19 14:21:06,655 - crypto_bot - INFO - STRUCTURE_DEBUG: symbol=SUIUSDT trend=LONG recent_highs=[0.9508, 0.951, 0.948, 0.9476, 0.9451] recent_lows=[0.9401, 0.945, 0.94, 0.9364, 0.9409] bos_detected=False structure_state=weak reason=no BOS but higher lows / developing uptrend
2026-04-19 14:21:06,655 - crypto_bot - INFO - SCORE_BREAKDOWN: symbol=SUIUSDT trend_score=0.00 structure_score=0.50 rsi_score=1.00 adx_score=0.50 volume_score=0.00 macd_score=1.40 total_score=3.40 min_required_score=3.00
2026-04-19 14:21:06,655 - crypto_bot - INFO - FILTER_REJECTION: symbol=SUIUSDT hard_failed=['TREND'] soft_failed=['VOLUME', 'STRUCTURE']
2026-04-19 14:21:06,656 - crypto_bot - INFO - SUIUSDT | signal_trace strict_result=False fallback_executed=False required_filters=None required_filters_result=None score=3.4 rejection_reason=hard filters failed
2026-04-19 14:21:06,885 - crypto_bot - INFO - FILTER_CHECK: symbol=FARTCOINUSDT trend_ok=False structure_state=weak structure_ok=True rsi_ok=True adx_ok=True volume_ok=False macd_ok=True
2026-04-19 14:21:06,886 - crypto_bot - INFO - STRUCTURE_DEBUG: symbol=FARTCOINUSDT trend=LONG recent_highs=[0.19847, 0.19973, 0.2, 0.19917, 0.19938] recent_lows=[0.19578, 0.1974, 0.19684, 0.19618, 0.19798] bos_detected=False structure_state=weak reason=no BOS but higher lows / developing uptrend
2026-04-19 14:21:06,886 - crypto_bot - INFO - SCORE_BREAKDOWN: symbol=FARTCOINUSDT trend_score=0.00 structure_score=0.50 rsi_score=1.00 adx_score=0.50 volume_score=0.00 macd_score=1.40 total_score=3.40 min_required_score=3.00
2026-04-19 14:21:06,887 - crypto_bot - INFO - FILTER_REJECTION: symbol=FARTCOINUSDT hard_failed=['TREND'] soft_failed=['VOLUME', 'STRUCTURE']
2026-04-19 14:21:06,887 - crypto_bot - INFO - FARTCOINUSDT | signal_trace strict_result=False fallback_executed=False required_filters=None required_filters_result=None score=3.4 rejection_reason=hard filters failed
2026-04-19 14:21:07,113 - crypto_bot - INFO - FILTER_CHECK: symbol=SIRENUSDT trend_ok=True structure_state=weak structure_ok=True rsi_ok=False adx_ok=True volume_ok=False macd_ok=True
2026-04-19 14:21:07,113 - crypto_bot - INFO - STRUCTURE_DEBUG: symbol=SIRENUSDT trend=SHORT recent_highs=[0.69727, 0.67024, 0.72524, 0.71499, 0.66053] recent_lows=[0.50071, 0.51301, 0.63667, 0.65735, 0.63056] bos_detected=False structure_state=weak reason=no BOS but lower highs / developing downtrend
2026-04-19 14:21:07,114 - crypto_bot - INFO - SCORE_BREAKDOWN: symbol=SIRENUSDT trend_score=1.00 structure_score=0.50 rsi_score=0.00 adx_score=0.50 volume_score=0.00 macd_score=1.40 total_score=3.40 min_required_score=3.00
2026-04-19 14:21:07,114 - crypto_bot - INFO - FILTER_REJECTION: symbol=SIRENUSDT hard_failed=[] soft_failed=['RSI', 'VOLUME', 'STRUCTURE']
2026-04-19 14:21:07,122 - crypto_bot - INFO - ENTRY_RISK_ADJUSTMENT: structure_state=weak position_size_factor=0.50 confirmation_passed=False reason="impulse candle missing (body_ratio=0.16)" symbol=SIRENUSDT
2026-04-19 14:21:07,123 - crypto_bot - INFO - ENTRY_DEBUG: symbol=SIRENUSDT structure_state=weak entry_type=continuation rr=0.00 entry_valid=False reason="impulse candle missing (body_ratio=0.16)"
2026-04-19 14:21:07,123 - crypto_bot - INFO - SIRENUSDT | signal_trace strict_result=False fallback_executed=True required_filters=None required_filters_result=None score=0.0 rejection_reason=relaxed signals disabled by config
2026-04-19 14:21:07,348 - crypto_bot - INFO - FILTER_CHECK: symbol=MOVEUSDT trend_ok=True structure_state=weak structure_ok=True rsi_ok=True adx_ok=True volume_ok=False macd_ok=True
2026-04-19 14:21:07,348 - crypto_bot - INFO - STRUCTURE_DEBUG: symbol=MOVEUSDT trend=LONG recent_highs=[0.01979, 0.01983, 0.02535, 0.0214, 0.02128] recent_lows=[0.0194, 0.01908, 0.01881, 0.02007, 0.02024] bos_detected=False structure_state=weak reason=no BOS but higher lows / developing uptrend
2026-04-19 14:21:07,349 - crypto_bot - INFO - SCORE_BREAKDOWN: symbol=MOVEUSDT trend_score=1.00 structure_score=0.50 rsi_score=1.00 adx_score=0.50 volume_score=0.00 macd_score=1.40 total_score=4.40 min_required_score=3.00
2026-04-19 14:21:07,349 - crypto_bot - INFO - FILTER_REJECTION: symbol=MOVEUSDT hard_failed=[] soft_failed=['VOLUME', 'STRUCTURE']
2026-04-19 14:21:07,361 - crypto_bot - INFO - ENTRY_RISK_ADJUSTMENT: structure_state=weak position_size_factor=0.50 confirmation_passed=False reason="impulse candle missing (body_ratio=0.07)" symbol=MOVEUSDT
2026-04-19 14:21:07,361 - crypto_bot - INFO - ENTRY_DEBUG: symbol=MOVEUSDT structure_state=weak entry_type=continuation rr=0.00 entry_valid=False reason="impulse candle missing (body_ratio=0.07)"
2026-04-19 14:21:07,362 - crypto_bot - INFO - MOVEUSDT | signal_trace strict_result=False fallback_executed=True required_filters=None required_filters_result=None score=0.0 rejection_reason=relaxed signals disabled by config
2026-04-19 14:21:07,586 - crypto_bot - INFO - FILTER_CHECK: symbol=BIOUSDT trend_ok=True structure_state=weak structure_ok=True rsi_ok=True adx_ok=True volume_ok=False macd_ok=True
2026-04-19 14:21:07,586 - crypto_bot - INFO - STRUCTURE_DEBUG: symbol=BIOUSDT trend=LONG recent_highs=[0.03068, 0.03054, 0.03159, 0.03232, 0.03207] recent_lows=[0.02948, 0.02948, 0.02974, 0.03068, 0.0308] bos_detected=False structure_state=weak reason=no BOS but higher lows / developing uptrend
2026-04-19 14:21:07,587 - crypto_bot - INFO - SCORE_BREAKDOWN: symbol=BIOUSDT trend_score=1.00 structure_score=0.50 rsi_score=1.00 adx_score=0.50 volume_score=0.00 macd_score=1.40 total_score=4.40 min_required_score=3.00
2026-04-19 14:21:07,587 - crypto_bot - INFO - FILTER_REJECTION: symbol=BIOUSDT hard_failed=[] soft_failed=['VOLUME', 'STRUCTURE']
2026-04-19 14:21:07,596 - crypto_bot - INFO - ENTRY_RISK_ADJUSTMENT: structure_state=weak position_size_factor=0.50 confirmation_passed=False reason="impulse candle missing (body_ratio=0.80)" symbol=BIOUSDT
2026-04-19 14:21:07,596 - crypto_bot - INFO - ENTRY_DEBUG: symbol=BIOUSDT structure_state=weak entry_type=continuation rr=0.00 entry_valid=False reason="impulse candle missing (body_ratio=0.80)"
2026-04-19 14:21:07,597 - crypto_bot - INFO - BIOUSDT | signal_trace strict_result=False fallback_executed=True required_filters=None required_filters_result=None score=0.0 rejection_reason=relaxed signals disabled by config
2026-04-19 14:21:07,840 - crypto_bot - INFO - FILTER_CHECK: symbol=ENJUSDT trend_ok=True structure_state=strong structure_ok=True rsi_ok=False adx_ok=True volume_ok=True macd_ok=True
2026-04-19 14:21:07,841 - crypto_bot - INFO - STRUCTURE_DEBUG: symbol=ENJUSDT trend=LONG recent_highs=[0.06113, 0.064852, 0.068262, 0.066384, 0.066075] recent_lows=[0.057214, 0.056862, 0.061831, 0.062292, 0.061758] bos_detected=True structure_state=strong reason=BOS confirmed with higher lows
2026-04-19 14:21:07,841 - crypto_bot - INFO - SCORE_BREAKDOWN: symbol=ENJUSDT trend_score=1.00 structure_score=1.00 rsi_score=0.00 adx_score=0.50 volume_score=0.25 macd_score=1.40 total_score=4.15 min_required_score=4.00
2026-04-19 14:21:07,841 - crypto_bot - INFO - FILTER_REJECTION: symbol=ENJUSDT hard_failed=[] soft_failed=['RSI']
2026-04-19 14:21:07,851 - crypto_bot - INFO - ENJUSDT | signal_trace strict_result=False fallback_executed=True required_filters=None required_filters_result=None score=0.0 rejection_reason=relaxed signals disabled by config
2026-04-19 14:21:08,080 - crypto_bot - INFO - FILTER_CHECK: symbol=ZECUSDT trend_ok=True structure_state=weak structure_ok=True rsi_ok=True adx_ok=False volume_ok=True macd_ok=False
2026-04-19 14:21:08,080 - crypto_bot - INFO - STRUCTURE_DEBUG: symbol=ZECUSDT trend=SHORT recent_highs=[323.37, 323.86, 324.63, 324.83, 324.4] recent_lows=[319.05, 320.75, 321.23, 320.86, 321.73] bos_detected=False structure_state=weak reason=no BOS but lower highs / developing downtrend
2026-04-19 14:21:08,080 - crypto_bot - INFO - SCORE_BREAKDOWN: symbol=ZECUSDT trend_score=1.00 structure_score=0.50 rsi_score=1.00 adx_score=0.00 volume_score=0.25 macd_score=0.00 total_score=2.75 min_required_score=3.00
2026-04-19 14:21:08,081 - crypto_bot - INFO - FILTER_REJECTION: symbol=ZECUSDT hard_failed=[] soft_failed=['MACD', 'ADX', 'STRUCTURE']
2026-04-19 14:21:08,081 - crypto_bot - INFO - ZECUSDT | signal_trace strict_result=False fallback_executed=False required_filters=None required_filters_result=None score=2.75 rejection_reason=score below adaptive threshold (2.75 < 3.00)
2026-04-19 14:21:08,323 - crypto_bot - INFO - FILTER_CHECK: symbol=API3USDT trend_ok=True structure_state=weak structure_ok=True rsi_ok=True adx_ok=True volume_ok=False macd_ok=False
2026-04-19 14:21:08,324 - crypto_bot - INFO - STRUCTURE_DEBUG: symbol=API3USDT trend=LONG recent_highs=[0.3465, 0.3414, 0.3338, 0.3355, 0.3364] recent_lows=[0.3357, 0.3319, 0.3307, 0.3302, 0.3311] bos_detected=False structure_state=weak reason=no BOS but higher lows / developing uptrend
2026-04-19 14:21:08,324 - crypto_bot - INFO - SCORE_BREAKDOWN: symbol=API3USDT trend_score=1.00 structure_score=0.50 rsi_score=1.00 adx_score=0.50 volume_score=0.00 macd_score=0.00 total_score=3.00 min_required_score=3.00
2026-04-19 14:21:08,324 - crypto_bot - INFO - FILTER_REJECTION: symbol=API3USDT hard_failed=[] soft_failed=['MACD', 'VOLUME', 'STRUCTURE']
2026-04-19 14:21:08,334 - crypto_bot - INFO - ENTRY_RISK_ADJUSTMENT: structure_state=weak position_size_factor=0.50 confirmation_passed=True reason="weak-risk checks passed" symbol=API3USDT
2026-04-19 14:21:08,335 - crypto_bot - INFO - ENTRY_DEBUG: symbol=API3USDT structure_state=weak entry_type=momentum rr=1.60 entry_valid=True reason="adaptive weak entry accepted"
2026-04-19 14:21:08,335 - crypto_bot - INFO - API3USDT | signal_trace strict_result=True fallback_executed=False required_filters=None required_filters_result=None score=3.0 rejection_reason=None
2026-04-19 14:21:08,335 - crypto_bot - INFO - ✅ Signal generated: API3USDT | strict | tf=1h | mode=MAIN | score=3.0 | entry_source=strict | passed_filters=['TREND', 'STRUCTURE', 'RSI', 'ADX'] | failed_filters=[]
2026-04-19 14:21:08,560 - crypto_bot - INFO - FILTER_CHECK: symbol=ZROUSDT trend_ok=True structure_state=weak structure_ok=True rsi_ok=False adx_ok=True volume_ok=False macd_ok=True
2026-04-19 14:21:08,560 - crypto_bot - INFO - STRUCTURE_DEBUG: symbol=ZROUSDT trend=SHORT recent_highs=[1.6309, 1.6038, 1.5638, 1.6211, 1.6532] recent_lows=[1.5942, 1.5565, 1.5, 1.5257, 1.6002] bos_detected=False structure_state=weak reason=no BOS but lower highs / developing downtrend
2026-04-19 14:21:08,561 - crypto_bot - INFO - SCORE_BREAKDOWN: symbol=ZROUSDT trend_score=1.00 structure_score=0.50 rsi_score=0.00 adx_score=0.50 volume_score=0.00 macd_score=1.40 total_score=3.40 min_required_score=3.00
2026-04-19 14:21:08,561 - crypto_bot - INFO - FILTER_REJECTION: symbol=ZROUSDT hard_failed=[] soft_failed=['RSI', 'VOLUME', 'STRUCTURE']
2026-04-19 14:21:08,570 - crypto_bot - INFO - ENTRY_RISK_ADJUSTMENT: structure_state=weak position_size_factor=0.50 confirmation_passed=False reason="impulse candle missing (body_ratio=0.51)" symbol=ZROUSDT
2026-04-19 14:21:08,571 - crypto_bot - INFO - ENTRY_DEBUG: symbol=ZROUSDT structure_state=weak entry_type=continuation rr=0.00 entry_valid=False reason="impulse candle missing (body_ratio=0.51)"
2026-04-19 14:21:08,571 - crypto_bot - INFO - ZROUSDT | signal_trace strict_result=False fallback_executed=True required_filters=None required_filters_result=None score=0.0 rejection_reason=relaxed signals disabled by config
2026-04-19 14:21:08,796 - crypto_bot - INFO - FILTER_CHECK: symbol=BLURUSDT trend_ok=True structure_state=strong structure_ok=True rsi_ok=False adx_ok=True volume_ok=True macd_ok=True
2026-04-19 14:21:08,796 - crypto_bot - INFO - STRUCTURE_DEBUG: symbol=BLURUSDT trend=LONG recent_highs=[0.028654, 0.033287, 0.031621, 0.030646, 0.031395] recent_lows=[0.027133, 0.028005, 0.02967, 0.029445, 0.029757] bos_detected=True structure_state=strong reason=BOS confirmed with higher lows
2026-04-19 14:21:08,797 - crypto_bot - INFO - SCORE_BREAKDOWN: symbol=BLURUSDT trend_score=1.00 structure_score=1.00 rsi_score=0.00 adx_score=0.50 volume_score=0.25 macd_score=1.40 total_score=4.15 min_required_score=4.00
2026-04-19 14:21:08,797 - crypto_bot - INFO - FILTER_REJECTION: symbol=BLURUSDT hard_failed=[] soft_failed=['RSI']
2026-04-19 14:21:08,805 - crypto_bot - INFO - BLURUSDT | signal_trace strict_result=False fallback_executed=True required_filters=None required_filters_result=None score=0.0 rejection_reason=relaxed signals disabled by config
2026-04-19 14:21:09,032 - crypto_bot - INFO - FILTER_CHECK: symbol=RIVERUSDT trend_ok=True structure_state=strong structure_ok=True rsi_ok=False adx_ok=True volume_ok=False macd_ok=True
2026-04-19 14:21:09,032 - crypto_bot - INFO - STRUCTURE_DEBUG: symbol=RIVERUSDT trend=SHORT recent_highs=[6.111, 5.975, 5.748, 5.864, 5.854] recent_lows=[5.958, 5.519, 5.51, 5.648, 5.729] bos_detected=True structure_state=strong reason=BOS confirmed with lower highs
2026-04-19 14:21:09,032 - crypto_bot - INFO - SCORE_BREAKDOWN: symbol=RIVERUSDT trend_score=1.00 structure_score=1.00 rsi_score=0.00 adx_score=0.50 volume_score=0.00 macd_score=1.40 total_score=3.90 min_required_score=4.00
2026-04-19 14:21:09,033 - crypto_bot - INFO - FILTER_REJECTION: symbol=RIVERUSDT hard_failed=[] soft_failed=['RSI', 'VOLUME']
2026-04-19 14:21:09,033 - crypto_bot - INFO - RIVERUSDT | signal_trace strict_result=False fallback_executed=False required_filters=None required_filters_result=None score=3.9 rejection_reason=score below adaptive threshold (3.90 < 4.00)
2026-04-19 14:21:09,259 - crypto_bot - INFO - FILTER_CHECK: symbol=LINKUSDT trend_ok=False structure_state=invalid structure_ok=False rsi_ok=True adx_ok=True volume_ok=False macd_ok=False
2026-04-19 14:21:09,259 - crypto_bot - INFO - STRUCTURE_DEBUG: symbol=LINKUSDT trend=LONG recent_highs=[9.285, 9.244, 9.214, 9.203, 9.18] recent_lows=[9.175, 9.196, 9.143, 9.092, 9.149] bos_detected=False structure_state=invalid reason=lower low detected in uptrend -> invalid
2026-04-19 14:21:09,260 - crypto_bot - INFO - SCORE_BREAKDOWN: symbol=LINKUSDT trend_score=0.00 structure_score=0.00 rsi_score=1.00 adx_score=0.50 volume_score=0.00 macd_score=0.00 total_score=1.50 min_required_score=3.20
2026-04-19 14:21:09,260 - crypto_bot - INFO - FILTER_REJECTION: symbol=LINKUSDT hard_failed=['TREND', 'STRUCTURE'] soft_failed=['MACD', 'VOLUME']
2026-04-19 14:21:09,260 - crypto_bot - INFO - LINKUSDT | signal_trace strict_result=False fallback_executed=False required_filters=None required_filters_result=None score=1.5 rejection_reason=hard filters failed
2026-04-19 14:21:09,486 - crypto_bot - INFO - FILTER_CHECK: symbol=PIEVERSEUSDT trend_ok=True structure_state=weak structure_ok=True rsi_ok=True adx_ok=True volume_ok=False macd_ok=False
2026-04-19 14:21:09,486 - crypto_bot - INFO - STRUCTURE_DEBUG: symbol=PIEVERSEUSDT trend=LONG recent_highs=[0.6227, 0.6161, 0.6066, 0.6192, 0.6148] recent_lows=[0.5864, 0.5886, 0.5669, 0.5938, 0.5782] bos_detected=False structure_state=weak reason=no BOS but higher lows / developing uptrend
2026-04-19 14:21:09,487 - crypto_bot - INFO - SCORE_BREAKDOWN: symbol=PIEVERSEUSDT trend_score=1.00 structure_score=0.50 rsi_score=1.00 adx_score=0.50 volume_score=0.00 macd_score=0.00 total_score=3.00 min_required_score=3.00
2026-04-19 14:21:09,487 - crypto_bot - INFO - FILTER_REJECTION: symbol=PIEVERSEUSDT hard_failed=[] soft_failed=['MACD', 'VOLUME', 'STRUCTURE']
2026-04-19 14:21:09,496 - crypto_bot - INFO - ENTRY_RISK_ADJUSTMENT: structure_state=weak position_size_factor=0.50 confirmation_passed=True reason="weak-risk checks passed" symbol=PIEVERSEUSDT
2026-04-19 14:21:09,496 - crypto_bot - INFO - ENTRY_DEBUG: symbol=PIEVERSEUSDT structure_state=weak entry_type=continuation rr=1.60 entry_valid=True reason="adaptive weak entry accepted"
2026-04-19 14:21:09,497 - crypto_bot - INFO - PIEVERSEUSDT | signal_trace strict_result=True fallback_executed=False required_filters=None required_filters_result=None score=3.0 rejection_reason=None
2026-04-19 14:21:09,497 - crypto_bot - INFO - ✅ Signal generated: PIEVERSEUSDT | strict | tf=1h | mode=MAIN | score=3.0 | entry_source=strict | passed_filters=['TREND', 'STRUCTURE', 'RSI', 'ADX'] | failed_filters=[]
2026-04-19 14:21:09,727 - crypto_bot - INFO - FILTER_CHECK: symbol=MUSDT trend_ok=True structure_state=weak structure_ok=True rsi_ok=True adx_ok=True volume_ok=False macd_ok=False
2026-04-19 14:21:09,727 - crypto_bot - INFO - STRUCTURE_DEBUG: symbol=MUSDT trend=LONG recent_highs=[3.7133, 3.526, 3.6542, 3.5776, 3.5278] recent_lows=[3.4, 3.4087, 3.4777, 3.4816, 3.4657] bos_detected=False structure_state=weak reason=no BOS but higher lows / developing uptrend
2026-04-19 14:21:09,727 - crypto_bot - INFO - SCORE_BREAKDOWN: symbol=MUSDT trend_score=1.00 structure_score=0.50 rsi_score=1.00 adx_score=0.50 volume_score=0.00 macd_score=0.00 total_score=3.00 min_required_score=3.00
2026-04-19 14:21:09,728 - crypto_bot - INFO - FILTER_REJECTION: symbol=MUSDT hard_failed=[] soft_failed=['MACD', 'VOLUME', 'STRUCTURE']
2026-04-19 14:21:09,739 - crypto_bot - INFO - ENTRY_RISK_ADJUSTMENT: structure_state=weak position_size_factor=0.50 confirmation_passed=False reason="impulse candle missing (body_ratio=0.24)" symbol=MUSDT
2026-04-19 14:21:09,739 - crypto_bot - INFO - ENTRY_DEBUG: symbol=MUSDT structure_state=weak entry_type=continuation rr=0.00 entry_valid=False reason="impulse candle missing (body_ratio=0.24)"
2026-04-19 14:21:09,739 - crypto_bot - INFO - MUSDT | signal_trace strict_result=False fallback_executed=True required_filters=None required_filters_result=None score=0.0 rejection_reason=relaxed signals disabled by config
2026-04-19 14:21:09,967 - crypto_bot - INFO - FILTER_CHECK: symbol=NEARUSDT trend_ok=True structure_state=weak structure_ok=True rsi_ok=False adx_ok=True volume_ok=False macd_ok=False
2026-04-19 14:21:09,968 - crypto_bot - INFO - STRUCTURE_DEBUG: symbol=NEARUSDT trend=SHORT recent_highs=[1.3563, 1.3543, 1.3431, 1.3364, 1.3372] recent_lows=[1.3402, 1.3348, 1.3287, 1.3204, 1.3298] bos_detected=True structure_state=weak reason=no BOS but lower highs / developing downtrend
2026-04-19 14:21:09,968 - crypto_bot - INFO - SCORE_BREAKDOWN: symbol=NEARUSDT trend_score=1.00 structure_score=0.50 rsi_score=0.00 adx_score=0.50 volume_score=0.00 macd_score=0.00 total_score=2.00 min_required_score=3.00
2026-04-19 14:21:09,968 - crypto_bot - INFO - FILTER_REJECTION: symbol=NEARUSDT hard_failed=[] soft_failed=['RSI', 'MACD', 'VOLUME', 'STRUCTURE']
2026-04-19 14:21:09,969 - crypto_bot - INFO - NEARUSDT | signal_trace strict_result=False fallback_executed=False required_filters=None required_filters_result=None score=2.0 rejection_reason=score below adaptive threshold (2.00 < 3.00)
2026-04-19 14:21:10,195 - crypto_bot - INFO - FILTER_CHECK: symbol=ALICEUSDT trend_ok=True structure_state=weak structure_ok=True rsi_ok=True adx_ok=True volume_ok=False macd_ok=False
2026-04-19 14:21:10,195 - crypto_bot - INFO - STRUCTURE_DEBUG: symbol=ALICEUSDT trend=LONG recent_highs=[0.15897, 0.1519, 0.15139, 0.16317, 0.17105] recent_lows=[0.14783, 0.14544, 0.14433, 0.14928, 0.15442] bos_detected=False structure_state=weak reason=no BOS but higher lows / developing uptrend
2026-04-19 14:21:10,196 - crypto_bot - INFO - SCORE_BREAKDOWN: symbol=ALICEUSDT trend_score=1.00 structure_score=0.50 rsi_score=1.00 adx_score=0.50 volume_score=0.00 macd_score=0.00 total_score=3.00 min_required_score=3.00
2026-04-19 14:21:10,196 - crypto_bot - INFO - FILTER_REJECTION: symbol=ALICEUSDT hard_failed=[] soft_failed=['MACD', 'VOLUME', 'STRUCTURE']
2026-04-19 14:21:10,204 - crypto_bot - INFO - ENTRY_RISK_ADJUSTMENT: structure_state=weak position_size_factor=0.50 confirmation_passed=False reason="impulse candle missing (body_ratio=0.48)" symbol=ALICEUSDT
2026-04-19 14:21:10,205 - crypto_bot - INFO - ENTRY_DEBUG: symbol=ALICEUSDT structure_state=weak entry_type=continuation rr=0.00 entry_valid=False reason="impulse candle missing (body_ratio=0.48)"
2026-04-19 14:21:10,205 - crypto_bot - INFO - ALICEUSDT | signal_trace strict_result=False fallback_executed=True required_filters=None required_filters_result=None score=0.0 rejection_reason=relaxed signals disabled by config
2026-04-19 14:21:10,432 - crypto_bot - INFO - FILTER_CHECK: symbol=WLDUSDT trend_ok=True structure_state=weak structure_ok=True rsi_ok=False adx_ok=True volume_ok=True macd_ok=False
2026-04-19 14:21:10,433 - crypto_bot - INFO - STRUCTURE_DEBUG: symbol=WLDUSDT trend=SHORT recent_highs=[0.2615, 0.2605, 0.262, 0.2621, 0.2612] recent_lows=[0.2586, 0.2586, 0.2578, 0.2584, 0.2594] bos_detected=False structure_state=weak reason=no BOS but lower highs / developing downtrend
2026-04-19 14:21:10,433 - crypto_bot - INFO - SCORE_BREAKDOWN: symbol=WLDUSDT trend_score=1.00 structure_score=0.50 rsi_score=0.00 adx_score=0.50 volume_score=0.25 macd_score=0.00 total_score=2.25 min_required_score=3.00
2026-04-19 14:21:10,434 - crypto_bot - INFO - FILTER_REJECTION: symbol=WLDUSDT hard_failed=[] soft_failed=['RSI', 'MACD', 'STRUCTURE']
2026-04-19 14:21:10,434 - crypto_bot - INFO - WLDUSDT | signal_trace strict_result=False fallback_executed=False required_filters=None required_filters_result=None score=2.25 rejection_reason=score below adaptive threshold (2.25 < 3.00)
2026-04-19 14:21:10,659 - crypto_bot - INFO - FILTER_CHECK: symbol=AVAXUSDT trend_ok=True structure_state=invalid structure_ok=False rsi_ok=True adx_ok=True volume_ok=False macd_ok=False
2026-04-19 14:21:10,660 - crypto_bot - INFO - STRUCTURE_DEBUG: symbol=AVAXUSDT trend=LONG recent_highs=[9.316, 9.308, 9.3, 9.274, 9.213] recent_lows=[9.242, 9.262, 9.223, 9.122, 9.171] bos_detected=False structure_state=invalid reason=lower low detected in uptrend -> invalid
2026-04-19 14:21:10,660 - crypto_bot - INFO - SCORE_BREAKDOWN: symbol=AVAXUSDT trend_score=1.00 structure_score=0.00 rsi_score=1.00 adx_score=0.50 volume_score=0.00 macd_score=0.00 total_score=2.50 min_required_score=3.20
2026-04-19 14:21:10,660 - crypto_bot - INFO - FILTER_REJECTION: symbol=AVAXUSDT hard_failed=['STRUCTURE'] soft_failed=['MACD', 'VOLUME']
2026-04-19 14:21:10,661 - crypto_bot - INFO - AVAXUSDT | signal_trace strict_result=False fallback_executed=False required_filters=None required_filters_result=None score=2.5 rejection_reason=hard filters failed
2026-04-19 14:21:10,886 - crypto_bot - INFO - FILTER_CHECK: symbol=DOTUSDT trend_ok=False structure_state=invalid structure_ok=False rsi_ok=True adx_ok=True volume_ok=False macd_ok=False
2026-04-19 14:21:10,887 - crypto_bot - INFO - STRUCTURE_DEBUG: symbol=DOTUSDT trend=LONG recent_highs=[1.2793, 1.2761, 1.2665, 1.2646, 1.26] recent_lows=[1.2637, 1.2646, 1.2555, 1.246, 1.2546] bos_detected=False structure_state=invalid reason=lower low detected in uptrend -> invalid
2026-04-19 14:21:10,888 - crypto_bot - INFO - SCORE_BREAKDOWN: symbol=DOTUSDT trend_score=0.00 structure_score=0.00 rsi_score=1.00 adx_score=0.50 volume_score=0.00 macd_score=0.00 total_score=1.50 min_required_score=3.20
2026-04-19 14:21:10,888 - crypto_bot - INFO - FILTER_REJECTION: symbol=DOTUSDT hard_failed=['TREND', 'STRUCTURE'] soft_failed=['MACD', 'VOLUME']
2026-04-19 14:21:10,888 - crypto_bot - INFO - DOTUSDT | signal_trace strict_result=False fallback_executed=False required_filters=None required_filters_result=None score=1.5 rejection_reason=hard filters failed
2026-04-19 14:21:11,115 - crypto_bot - INFO - FILTER_CHECK: symbol=XPLUSDT trend_ok=True structure_state=strong structure_ok=True rsi_ok=False adx_ok=True volume_ok=False macd_ok=False
2026-04-19 14:21:11,116 - crypto_bot - INFO - STRUCTURE_DEBUG: symbol=XPLUSDT trend=SHORT recent_highs=[0.10849, 0.10758, 0.10678, 0.10667, 0.10542] recent_lows=[0.10683, 0.10502, 0.10464, 0.1047, 0.10386] bos_detected=True structure_state=strong reason=BOS confirmed with lower highs
2026-04-19 14:21:11,116 - crypto_bot - INFO - SCORE_BREAKDOWN: symbol=XPLUSDT trend_score=1.00 structure_score=1.00 rsi_score=0.00 adx_score=0.50 volume_score=0.00 macd_score=0.00 total_score=2.50 min_required_score=4.00
2026-04-19 14:21:11,117 - crypto_bot - INFO - FILTER_REJECTION: symbol=XPLUSDT hard_failed=[] soft_failed=['RSI', 'MACD', 'VOLUME']
2026-04-19 14:21:11,117 - crypto_bot - INFO - XPLUSDT | signal_trace strict_result=False fallback_executed=False required_filters=None required_filters_result=None score=2.5 rejection_reason=score below adaptive threshold (2.50 < 4.00)
2026-04-19 14:21:11,352 - crypto_bot - INFO - FILTER_CHECK: symbol=BNBUSDT trend_ok=True structure_state=weak structure_ok=True rsi_ok=True adx_ok=True volume_ok=True macd_ok=False
2026-04-19 14:21:11,352 - crypto_bot - INFO - STRUCTURE_DEBUG: symbol=BNBUSDT trend=LONG recent_highs=[624.2, 623.2, 623.1, 622.5, 621.1] recent_lows=[619.8, 621.4, 619.5, 617.8, 617.8] bos_detected=False structure_state=weak reason=no BOS but higher lows / developing uptrend
2026-04-19 14:21:11,352 - crypto_bot - INFO - SCORE_BREAKDOWN: symbol=BNBUSDT trend_score=1.00 structure_score=0.50 rsi_score=1.00 adx_score=0.50 volume_score=0.25 macd_score=0.00 total_score=3.25 min_required_score=3.00
2026-04-19 14:21:11,353 - crypto_bot - INFO - FILTER_REJECTION: symbol=BNBUSDT hard_failed=[] soft_failed=['MACD', 'STRUCTURE']
2026-04-19 14:21:11,363 - crypto_bot - INFO - ENTRY_RISK_ADJUSTMENT: structure_state=weak position_size_factor=0.50 confirmation_passed=False reason="impulse candle missing (body_ratio=0.52)" symbol=BNBUSDT
2026-04-19 14:21:11,364 - crypto_bot - INFO - ENTRY_DEBUG: symbol=BNBUSDT structure_state=weak entry_type=continuation rr=0.00 entry_valid=False reason="impulse candle missing (body_ratio=0.52)"
2026-04-19 14:21:11,364 - crypto_bot - INFO - BNBUSDT | signal_trace strict_result=False fallback_executed=True required_filters=None required_filters_result=None score=0.0 rejection_reason=relaxed signals disabled by config
2026-04-19 14:21:11,591 - crypto_bot - INFO - FILTER_CHECK: symbol=DYDXUSDT trend_ok=True structure_state=strong structure_ok=True rsi_ok=False adx_ok=True volume_ok=True macd_ok=True
2026-04-19 14:21:11,591 - crypto_bot - INFO - STRUCTURE_DEBUG: symbol=DYDXUSDT trend=LONG recent_highs=[0.14537, 0.14802, 0.14705, 0.14754, 0.1495] recent_lows=[0.14206, 0.1436, 0.14284, 0.14412, 0.14527] bos_detected=True structure_state=strong reason=BOS confirmed with higher lows
2026-04-19 14:21:11,592 - crypto_bot - INFO - SCORE_BREAKDOWN: symbol=DYDXUSDT trend_score=1.00 structure_score=1.00 rsi_score=0.00 adx_score=0.50 volume_score=0.25 macd_score=1.40 total_score=4.15 min_required_score=4.00
2026-04-19 14:21:11,592 - crypto_bot - INFO - FILTER_REJECTION: symbol=DYDXUSDT hard_failed=[] soft_failed=['RSI']
2026-04-19 14:21:11,601 - crypto_bot - INFO - DYDXUSDT | signal_trace strict_result=False fallback_executed=True required_filters=None required_filters_result=None score=0.0 rejection_reason=relaxed signals disabled by config
2026-04-19 14:21:11,826 - crypto_bot - INFO - FILTER_CHECK: symbol=PROMUSDT trend_ok=True structure_state=weak structure_ok=True rsi_ok=True adx_ok=True volume_ok=False macd_ok=False
2026-04-19 14:21:11,826 - crypto_bot - INFO - STRUCTURE_DEBUG: symbol=PROMUSDT trend=LONG recent_highs=[2.2976, 2.198, 2.1176, 2.062, 2.2019] recent_lows=[2.1104, 2.0436, 1.9761, 1.9905, 2.022] bos_detected=False structure_state=weak reason=no BOS but higher lows / developing uptrend
2026-04-19 14:21:11,827 - crypto_bot - INFO - SCORE_BREAKDOWN: symbol=PROMUSDT trend_score=1.00 structure_score=0.50 rsi_score=1.00 adx_score=0.50 volume_score=0.00 macd_score=0.00 total_score=3.00 min_required_score=3.00
2026-04-19 14:21:11,827 - crypto_bot - INFO - FILTER_REJECTION: symbol=PROMUSDT hard_failed=[] soft_failed=['MACD', 'VOLUME', 'STRUCTURE']
2026-04-19 14:21:11,836 - crypto_bot - INFO - ENTRY_RISK_ADJUSTMENT: structure_state=weak position_size_factor=0.50 confirmation_passed=False reason="impulse candle missing (body_ratio=0.22)" symbol=PROMUSDT
2026-04-19 14:21:11,836 - crypto_bot - INFO - ENTRY_DEBUG: symbol=PROMUSDT structure_state=weak entry_type=continuation rr=0.00 entry_valid=False reason="impulse candle missing (body_ratio=0.22)"
2026-04-19 14:21:11,837 - crypto_bot - INFO - PROMUSDT | signal_trace strict_result=False fallback_executed=True required_filters=None required_filters_result=None score=0.0 rejection_reason=relaxed signals disabled by config
2026-04-19 14:21:12,064 - crypto_bot - INFO - FILTER_CHECK: symbol=REQUSDT trend_ok=True structure_state=weak structure_ok=True rsi_ok=True adx_ok=True volume_ok=True macd_ok=False
2026-04-19 14:21:12,064 - crypto_bot - INFO - STRUCTURE_DEBUG: symbol=REQUSDT trend=LONG recent_highs=[0.14662, 0.12653, 0.11712, 0.12774, 0.12222] recent_lows=[0.11463, 0.11472, 0.10747, 0.10851, 0.11089] bos_detected=False structure_state=weak reason=no BOS but higher lows / developing uptrend
2026-04-19 14:21:12,065 - crypto_bot - INFO - SCORE_BREAKDOWN: symbol=REQUSDT trend_score=1.00 structure_score=0.50 rsi_score=1.00 adx_score=0.50 volume_score=0.25 macd_score=0.00 total_score=3.25 min_required_score=3.00
2026-04-19 14:21:12,065 - crypto_bot - INFO - FILTER_REJECTION: symbol=REQUSDT hard_failed=[] soft_failed=['MACD', 'STRUCTURE']
2026-04-19 14:21:12,076 - crypto_bot - INFO - ENTRY_RISK_ADJUSTMENT: structure_state=weak position_size_factor=0.50 confirmation_passed=False reason="impulse candle missing (body_ratio=0.27)" symbol=REQUSDT
2026-04-19 14:21:12,077 - crypto_bot - INFO - ENTRY_DEBUG: symbol=REQUSDT structure_state=weak entry_type=continuation rr=0.00 entry_valid=False reason="impulse candle missing (body_ratio=0.27)"
2026-04-19 14:21:12,077 - crypto_bot - INFO - REQUSDT | signal_trace strict_result=False fallback_executed=True required_filters=None required_filters_result=None score=0.0 rejection_reason=relaxed signals disabled by config
2026-04-19 14:21:12,306 - crypto_bot - INFO - FILTER_CHECK: symbol=ARKMUSDT trend_ok=True structure_state=strong structure_ok=True rsi_ok=False adx_ok=True volume_ok=True macd_ok=True
2026-04-19 14:21:12,306 - crypto_bot - INFO - STRUCTURE_DEBUG: symbol=ARKMUSDT trend=LONG recent_highs=[0.12917, 0.12831, 0.13001, 0.13061, 0.13499] recent_lows=[0.12505, 0.12582, 0.12604, 0.12719, 0.12932] bos_detected=True structure_state=strong reason=BOS confirmed with higher lows
2026-04-19 14:21:12,307 - crypto_bot - INFO - SCORE_BREAKDOWN: symbol=ARKMUSDT trend_score=1.00 structure_score=1.00 rsi_score=0.00 adx_score=0.50 volume_score=0.25 macd_score=1.40 total_score=4.15 min_required_score=4.00
2026-04-19 14:21:12,307 - crypto_bot - INFO - FILTER_REJECTION: symbol=ARKMUSDT hard_failed=[] soft_failed=['RSI']
2026-04-19 14:21:12,316 - crypto_bot - INFO - ARKMUSDT | signal_trace strict_result=False fallback_executed=True required_filters=None required_filters_result=None score=0.0 rejection_reason=relaxed signals disabled by config
2026-04-19 14:21:12,548 - crypto_bot - INFO - FILTER_CHECK: symbol=IPUSDT trend_ok=False structure_state=weak structure_ok=True rsi_ok=True adx_ok=True volume_ok=False macd_ok=False
2026-04-19 14:21:12,548 - crypto_bot - INFO - STRUCTURE_DEBUG: symbol=IPUSDT trend=LONG recent_highs=[0.5331, 0.5285, 0.522, 0.5219, 0.5195] recent_lows=[0.526, 0.5193, 0.5176, 0.5143, 0.5158] bos_detected=False structure_state=weak reason=no BOS but higher lows / developing uptrend
2026-04-19 14:21:12,549 - crypto_bot - INFO - SCORE_BREAKDOWN: symbol=IPUSDT trend_score=0.00 structure_score=0.50 rsi_score=1.00 adx_score=0.50 volume_score=0.00 macd_score=0.00 total_score=2.00 min_required_score=3.00
2026-04-19 14:21:12,549 - crypto_bot - INFO - FILTER_REJECTION: symbol=IPUSDT hard_failed=['TREND'] soft_failed=['MACD', 'VOLUME', 'STRUCTURE']
2026-04-19 14:21:12,549 - crypto_bot - INFO - IPUSDT | signal_trace strict_result=False fallback_executed=False required_filters=None required_filters_result=None score=2.0 rejection_reason=hard filters failed
2026-04-19 14:21:12,777 - crypto_bot - INFO - FILTER_CHECK: symbol=MONUSDT trend_ok=True structure_state=weak structure_ok=True rsi_ok=False adx_ok=True volume_ok=True macd_ok=False
2026-04-19 14:21:12,777 - crypto_bot - INFO - STRUCTURE_DEBUG: symbol=MONUSDT trend=SHORT recent_highs=[0.032227, 0.032456, 0.032768, 0.032745, 0.032485] recent_lows=[0.031799, 0.032049, 0.032045, 0.03217, 0.032011] bos_detected=False structure_state=weak reason=no BOS but lower highs / developing downtrend
2026-04-19 14:21:12,778 - crypto_bot - INFO - SCORE_BREAKDOWN: symbol=MONUSDT trend_score=1.00 structure_score=0.50 rsi_score=0.00 adx_score=0.50 volume_score=0.25 macd_score=0.00 total_score=2.25 min_required_score=3.00
2026-04-19 14:21:12,778 - crypto_bot - INFO - FILTER_REJECTION: symbol=MONUSDT hard_failed=[] soft_failed=['RSI', 'MACD', 'STRUCTURE']
2026-04-19 14:21:12,779 - crypto_bot - INFO - MONUSDT | signal_trace strict_result=False fallback_executed=False required_filters=None required_filters_result=None score=2.25 rejection_reason=score below adaptive threshold (2.25 < 3.00)
2026-04-19 14:21:12,779 - crypto_bot - INFO - 📊 Total signals after scan: 2
2026-04-19 14:21:12,780 - crypto_bot - INFO -  STRICT_PIPELINE_METRICS: potential_signals=9 strict_signals=2 raw_candidates=38
2026-04-19 14:21:12,780 - crypto_bot - INFO - AUTO_DIAGNOSTIC: potential_signals=9 strict_signals=2 scalping_signals=0 avg_score=1.39 rejection_top_reasons=[('relaxed signals disabled by config', 15), ('hard filters failed', 13), ('score below adaptive threshold (2.00 < 3.00)', 2)]
2026-04-19 14:21:12,780 - crypto_bot - INFO - AUTO_DIAGNOSTIC_EXTENDED: main_signal_count=2 scalping_signal_count=0 avg_score_main=3.00 avg_score_scalping=0.00
2026-04-19 14:21:12,781 - crypto_bot - INFO - 📊 Signals found: 2
2026-04-19 14:21:12,781 - crypto_bot - INFO - SIGNAL_DECISION: symbol=API3USDT mode=MAIN status=IGNORE score=3.00 threshold=3.20 entry_source=strict reason=OPEN
2026-04-19 14:21:12,782 - crypto_bot - INFO - SIGNAL_IGNORED_NO_IMPROVEMENT: symbol=API3USDT mode=MAIN entry_source=strict action=IGNORE reason=both below upgrade threshold
2026-04-19 14:21:12,783 - crypto_bot - INFO - SIGNAL_DECISION: symbol=PIEVERSEUSDT mode=MAIN status=IGNORE score=3.00 threshold=3.20 entry_source=strict reason=OPEN
2026-04-19 14:21:12,785 - crypto_bot - INFO - SIGNAL_IGNORED_NO_IMPROVEMENT: symbol=PIEVERSEUSDT mode=MAIN entry_source=strict action=IGNORE reason=both below upgrade threshold
2026-04-19 14:21:12,785 - crypto_bot - INFO - ANALYTICS_INTEGRITY_CHECK: signals_vs_trades_delta=109 trades_vs_closed_delta=0 mode_distribution_check={'MAIN': {'signals': 1184, 'closed': 0, 'active': 0}, 'SCALPING': {'signals': 1063, 'closed': 0, 'active': 0}, 'LIGHT': {'signals': 23, 'closed': 0, 'active': 0}, 'UNKNOWN': {'signals': 0, 'closed': 0, 'active': 0}}
2026-04-19 14:21:12,786 - crypto_bot - INFO - [ANALYTICS SUMMARY]
Trades: 23
Winrate: 52.17%
Profit Factor: 1.84
Avg R: 1.02
2026-04-19 14:21:12,786 - crypto_bot - INFO - REJECTION_STATS:
MAIN:
  LOW_SCORE: 104
SCALPING:
  LOW_SCORE: 95
2026-04-19 14:21:12,788 - crypto_bot - INFO - AUTO_DIAGNOSTIC_PORTFOLIO: avg_portfolio_risk=0.00 avg_exposure=0.00 signals_blocked_by_risk=9 signals_scaled_by_risk=0
2026-04-19 14:21:12,788 - crypto_bot - INFO - ⏳ Sleeping for 300 seconds
2026-04-19 14:25:38,851 - crypto_bot - INFO - 🛑 Остановка по KeyboardInterrupt
